<?xml version="1.0" encoding="utf-8"?>
<!-- Written by libSedML v1.1.5123.24255 see http://libsedml.sf.net -->
<sedML level="1" version="1" xmlns="http://sed-ml.org/">
  <listOfSimulations>
    <uniformTimeCourse id="simulation_1" initialTime="0" outputStartTime="0" outputEndTime="10.001" numberOfPoints="1001">
      <algorithm kisaoID="KISAO:0000019" />
    </uniformTimeCourse>
  </listOfSimulations>
  <listOfModels>
    <model id="model_1" language="urn:sedml:language:sbml" source="00963-sbml-l3v1.xml" />
  </listOfModels>
  <listOfTasks>
    <task id="task_1" modelReference="model_1" simulationReference="simulation_1" />
  </listOfTasks>
  <listOfDataGenerators>
    <dataGenerator id="time_1" name="time">
      <listOfVariables>
        <variable id="time" taskReference="task_1" symbol="urn:sedml:symbol:time" />
      </listOfVariables>
      <math xmlns="http://www.w3.org/1998/Math/MathML">
        <ci> time </ci>
      </math>
    </dataGenerator>
    <dataGenerator id="Q_1" name="Q">
      <listOfVariables>
        <variable id="Q" name="Q" taskReference="task_1" target="/sbml:sbml/sbml:model/sbml:listOfParameters/sbml:parameter[@id='Q']" />
      </listOfVariables>
      <math xmlns="http://www.w3.org/1998/Math/MathML">
        <ci> Q </ci>
      </math>
    </dataGenerator>
    <dataGenerator id="R_1" name="R">
      <listOfVariables>
        <variable id="R" name="R" taskReference="task_1" target="/sbml:sbml/sbml:model/sbml:listOfParameters/sbml:parameter[@id='R']" />
      </listOfVariables>
      <math xmlns="http://www.w3.org/1998/Math/MathML">
        <ci> R </ci>
      </math>
    </dataGenerator>
    <dataGenerator id="Q2_1" name="Q2">
      <listOfVariables>
        <variable id="Q2" name="Q2" taskReference="task_1" target="/sbml:sbml/sbml:model/sbml:listOfParameters/sbml:parameter[@id='Q2']" />
      </listOfVariables>
      <math xmlns="http://www.w3.org/1998/Math/MathML">
        <ci> Q2 </ci>
      </math>
    </dataGenerator>
    <dataGenerator id="R2_1" name="R2">
      <listOfVariables>
        <variable id="R2" name="R2" taskReference="task_1" target="/sbml:sbml/sbml:model/sbml:listOfParameters/sbml:parameter[@id='R2']" />
      </listOfVariables>
      <math xmlns="http://www.w3.org/1998/Math/MathML">
        <ci> R2 </ci>
      </math>
    </dataGenerator>
  </listOfDataGenerators>
  <listOfOutputs>
    <plot2D id="plot_1" name="Timecourse for test 00963">
      <listOfCurves>
        <curve id="c_Q_1" name="Q" logX="false" logY="false" xDataReference="time_1" yDataReference="Q_1" />
        <curve id="c_R_1" name="R" logX="false" logY="false" xDataReference="time_1" yDataReference="R_1" />
        <curve id="c_Q2_1" name="Q2" logX="false" logY="false" xDataReference="time_1" yDataReference="Q2_1" />
        <curve id="c_R2_1" name="R2" logX="false" logY="false" xDataReference="time_1" yDataReference="R2_1" />
      </listOfCurves>
    </plot2D>
    <report id="report_1" name="Report for test 00963">
      <listOfDataSets>
        <dataSet id="ds_time" dataReference="time_1" label="Time" />
        <dataSet id="ds_Q_1" dataReference="Q_1" label="Q" />
        <dataSet id="ds_R_1" dataReference="R_1" label="R" />
        <dataSet id="ds_Q2_1" dataReference="Q2_1" label="Q2" />
        <dataSet id="ds_R2_1" dataReference="R2_1" label="R2" />
      </listOfDataSets>
    </report>
  </listOfOutputs>
</sedML>