<?xml version="1.0" encoding="UTF-8"?>
<sbml xmlns="http://www.sbml.org/sbml/level2/version2" level="2" version="2">
  <model metaid="_case00250" id="case00250" name="case00250">
    <listOfCompartments>
      <compartment id="compartment" name="compartment" size="0.2" units="volume"/>
    </listOfCompartments>
    <listOfSpecies>
      <species id="S1" name="S1" compartment="compartment" initialAmount="1e-006" substanceUnits="substance"/>
      <species id="S2" name="S2" compartment="compartment" initialAmount="1.5e-006" substanceUnits="substance"/>
      <species id="S3" name="S3" compartment="compartment" initialAmount="2e-006" substanceUnits="substance"/>
      <species id="S4" name="S4" compartment="compartment" initialAmount="5e-007" substanceUnits="substance"/>
      <species id="S5" name="S5" compartment="compartment" initialAmount="1e-006" substanceUnits="substance" constant="true"/>
    </listOfSpecies>
    <listOfParameters>
      <parameter id="k1" name="k1" value="1300"/>
      <parameter id="k2" name="k2" value="0.3"/>
    </listOfParameters>
    <listOfReactions>
      <reaction id="reaction1" name="reaction1" reversible="false" fast="false">
        <listOfReactants>
          <speciesReference species="S1"/>
          <speciesReference species="S2"/>
        </listOfReactants>
        <listOfProducts>
          <speciesReference species="S3"/>
          <speciesReference species="S4"/>
        </listOfProducts>
        <kineticLaw>
          <math xmlns="http://www.w3.org/1998/Math/MathML">
            <apply>
              <times/>
              <ci> compartment </ci>
              <ci> k1 </ci>
              <ci> S1 </ci>
              <ci> S2 </ci>
            </apply>
          </math>
        </kineticLaw>
      </reaction>
      <reaction id="reaction2" name="reaction2" reversible="false" fast="false">
        <listOfReactants>
          <speciesReference species="S3"/>
          <speciesReference species="S4"/>
        </listOfReactants>
        <listOfProducts>
          <speciesReference species="S1"/>
          <speciesReference species="S2"/>
        </listOfProducts>
        <listOfModifiers>
          <modifierSpeciesReference species="S5"/>
        </listOfModifiers>
        <kineticLaw>
          <math xmlns="http://www.w3.org/1998/Math/MathML">
            <apply>
              <times/>
              <ci> compartment </ci>
              <ci> k2 </ci>
              <ci> S3 </ci>
              <ci> S4 </ci>
              <apply>
                <power/>
                <ci> S5 </ci>
                <cn type="integer"> -1 </cn>
              </apply>
            </apply>
          </math>
        </kineticLaw>
      </reaction>
    </listOfReactions>
  </model>
</sbml>
