<?xml version="1.0" encoding="UTF-8"?>
<sbml xmlns="http://www.sbml.org/sbml/level1" level="1" version="2">
  <model name="case00176">
    <listOfCompartments>
      <compartment name="AssignedName"/>
    </listOfCompartments>
    <listOfParameters>
      <parameter name="S1" value="0.15"/>
      <parameter name="S2" value="0"/>
      <parameter name="k1" value="1"/>
    </listOfParameters>
    <listOfRules>
      <parameterRule formula="-1 * k1 * S1" type="rate" name="S1"/>
      <parameterRule formula="k1 * S1" type="rate" name="S2"/>
    </listOfRules>
  </model>
</sbml>
