<?xml version="1.0" encoding="UTF-8"?>
<sbml xmlns="http://www.sbml.org/sbml/level2/version4" level="2" version="4">
  <model metaid="_case00190" id="case00190" name="case00190">
    <listOfCompartments>
      <compartment id="compartment" name="compartment" size="1" units="volume"/>
    </listOfCompartments>
    <listOfSpecies>
      <species id="S1" name="S1" compartment="compartment" initialAmount="10" substanceUnits="substance"/>
      <species id="S2" name="S2" compartment="compartment" initialAmount="0" substanceUnits="substance"/>
    </listOfSpecies>
    <listOfParameters>
      <parameter id="p1" name="p1" value="1.5"/>
      <parameter id="p2" name="p2" value="0.05"/>
    </listOfParameters>
    <listOfReactions>
      <reaction id="reaction1" name="reaction1" reversible="false" fast="false">
        <listOfReactants>
          <speciesReference species="S1"/>
        </listOfReactants>
        <listOfProducts>
          <speciesReference species="S2"/>
        </listOfProducts>
        <kineticLaw>
          <math xmlns="http://www.w3.org/1998/Math/MathML">
            <piecewise>
              <piece>
                <ci> p1 </ci>
                <false/>
              </piece>
              <otherwise>
                <ci> p2 </ci>
              </otherwise>
            </piecewise>
          </math>
        </kineticLaw>
      </reaction>
    </listOfReactions>
  </model>
</sbml>
