<?xml version="1.0" encoding="UTF-8"?>
<!-- Generated 13-March-2008 10:13:14.7343750 -->
<!-- Generated by MathSBML 2.7.2b -->
<!-- Generated using Mathematica Version 5.2 for Microsoft Windows (June 20, 2005) -->
<sbml xmlns="http://www.sbml.org/sbml/level2/version3"
    level="2"
    version="3">
 <model id="case00185"
     name="case00185"
     metaid="_case00185">
  <!-- <listOfFunctionDefinitions/> -->
  <!-- <listOfUnitDefinitions/> -->
  <!-- <listOfCompartmentTypes/> -->
  <!-- <listOfSpeciesTypes/> -->
  <!-- <listOfCompartments/> -->
  <!-- <listOfSpecies/> -->
  <listOfParameters>
   <parameter id="S1"
       name="S1"
       constant="false"/>
   <parameter id="S2"
       name="S2"
       constant="false"/>
   <parameter id="S3"
       name="S3"
       constant="false"/>
   <parameter id="k1"
       name="k1"
       value="0.75"/>
   <parameter id="k2"
       name="k2"
       value="50"/>
  </listOfParameters>
  <listOfInitialAssignments>
   <initialAssignment symbol="S1">
    <math xmlns="http://www.w3.org/1998/Math/MathML">
     <apply>
      <times/>
      <cn type="real">1.3333333333333333</cn>
      <ci>k1</ci>
     </apply>
    </math>
   </initialAssignment>
   <initialAssignment symbol="S2">
    <math xmlns="http://www.w3.org/1998/Math/MathML">
     <apply>
      <times/>
      <ci>k2</ci>
      <cn type="e-notation"> 3 <sep/> -17 </cn>
     </apply>
    </math>
   </initialAssignment>
  </listOfInitialAssignments>
  <listOfRules>
   <assignmentRule variable="S3"
       metaid="rule1">
    <math xmlns="http://www.w3.org/1998/Math/MathML">
     <apply>
      <times/>
      <ci>k1</ci>
      <ci>S2</ci>
     </apply>
    </math>
   </assignmentRule>
   <rateRule variable="S1"
       metaid="rule2">
    <math xmlns="http://www.w3.org/1998/Math/MathML">
     <apply>
      <times/>
      <apply>
       <times/>
       <cn type="integer">-1</cn>
       <ci>k2</ci>
      </apply>
      <ci>S1</ci>
     </apply>
    </math>
   </rateRule>
   <rateRule variable="S2"
       metaid="rule3">
    <math xmlns="http://www.w3.org/1998/Math/MathML">
     <apply>
      <times/>
      <ci>k2</ci>
      <ci>S1</ci>
     </apply>
    </math>
   </rateRule>
  </listOfRules>
  <!-- <listOfConstraints/> -->
  <!-- <listOfReactions/> -->
  <!-- <listOfEvents/> -->
 </model>
</sbml>