<?xml version="1.0" encoding="UTF-8"?>
<sbml xmlns="http://www.sbml.org/sbml/level3/version1/core" level="3" version="1">
  <model metaid="_case00185" id="case00185" name="case00185" timeUnits="time">
    <listOfUnitDefinitions>
      <unitDefinition id="time">
        <listOfUnits>
          <unit kind="second" exponent="1" scale="0" multiplier="1"/>
        </listOfUnits>
      </unitDefinition>
    </listOfUnitDefinitions>
    <listOfParameters>
      <parameter id="S1" name="S1" constant="false"/>
      <parameter id="S2" name="S2" constant="false"/>
      <parameter id="S3" name="S3" constant="false"/>
      <parameter id="k1" name="k1" value="0.75" constant="true"/>
      <parameter id="k2" name="k2" value="50" constant="true"/>
    </listOfParameters>
    <listOfInitialAssignments>
      <initialAssignment symbol="S1">
        <math xmlns="http://www.w3.org/1998/Math/MathML">
          <apply>
            <times/>
            <cn> 1.33333333333333 </cn>
            <ci> k1 </ci>
          </apply>
        </math>
      </initialAssignment>
      <initialAssignment symbol="S2">
        <math xmlns="http://www.w3.org/1998/Math/MathML">
          <apply>
            <times/>
            <ci> k2 </ci>
            <cn type="e-notation"> 3 <sep/> -17 </cn>
          </apply>
        </math>
      </initialAssignment>
    </listOfInitialAssignments>
    <listOfRules>
      <assignmentRule metaid="rule1" variable="S3">
        <math xmlns="http://www.w3.org/1998/Math/MathML">
          <apply>
            <times/>
            <ci> k1 </ci>
            <ci> S2 </ci>
          </apply>
        </math>
      </assignmentRule>
      <rateRule metaid="rule2" variable="S1">
        <math xmlns="http://www.w3.org/1998/Math/MathML">
          <apply>
            <times/>
            <cn type="integer"> -1 </cn>
            <ci> k2 </ci>
            <ci> S1 </ci>
          </apply>
        </math>
      </rateRule>
      <rateRule metaid="rule3" variable="S2">
        <math xmlns="http://www.w3.org/1998/Math/MathML">
          <apply>
            <times/>
            <ci> k2 </ci>
            <ci> S1 </ci>
          </apply>
        </math>
      </rateRule>
    </listOfRules>
  </model>
</sbml>
