<?xml version="1.0" encoding="UTF-8"?>
<sbml xmlns="http://www.sbml.org/sbml/level2" level="2" version="1">
  <model metaid="_case00199" id="case00199" name="case00199">
    <listOfCompartments>
      <compartment id="compartment" name="compartment" size="1" units="volume"/>
    </listOfCompartments>
    <listOfSpecies>
      <species id="S1" name="S1" compartment="compartment" initialAmount="10" substanceUnits="substance"/>
      <species id="S2" name="S2" compartment="compartment" initialAmount="0" substanceUnits="substance"/>
      <species id="S3" name="S3" compartment="compartment" initialAmount="10" substanceUnits="substance"/>
      <species id="S4" name="S4" compartment="compartment" initialAmount="0" substanceUnits="substance"/>
    </listOfSpecies>
    <listOfParameters>
      <parameter id="p1" name="p1" value="1.5"/>
      <parameter id="p2" name="p2" value="0.05"/>
      <parameter id="k1" name="k1" value="1"/>
    </listOfParameters>
    <listOfReactions>
      <reaction id="reaction1" name="reaction1" reversible="false" fast="false">
        <listOfReactants>
          <speciesReference species="S1"/>
        </listOfReactants>
        <listOfProducts>
          <speciesReference species="S2"/>
        </listOfProducts>
        <kineticLaw>
          <math xmlns="http://www.w3.org/1998/Math/MathML">
            <apply>
              <times/>
              <ci> compartment </ci>
              <ci> k1 </ci>
              <ci> S1 </ci>
            </apply>
          </math>
        </kineticLaw>
      </reaction>
      <reaction id="reaction2" name="reaction2" reversible="false" fast="false">
        <listOfReactants>
          <speciesReference species="S3"/>
        </listOfReactants>
        <listOfProducts>
          <speciesReference species="S4"/>
        </listOfProducts>
        <listOfModifiers>
          <modifierSpeciesReference species="S2"/>
        </listOfModifiers>
        <kineticLaw>
          <math xmlns="http://www.w3.org/1998/Math/MathML">
            <piecewise>
              <piece>
                <ci> p1 </ci>
                <apply>
                  <geq/>
                  <ci> S2 </ci>
                  <cn type="integer"> 4 </cn>
                </apply>
              </piece>
              <otherwise>
                <ci> p2 </ci>
              </otherwise>
            </piecewise>
          </math>
        </kineticLaw>
      </reaction>
    </listOfReactions>
  </model>
</sbml>
