<?xml version="1.0" encoding="UTF-8"?>
<sbml xmlns="http://www.sbml.org/sbml/level2/version4" level="2" version="4">
  <model metaid="_case01017" id="case01017" name="case01017">
    <listOfCompartments>
      <compartment id="compartment" name="compartment" size="10" units="volume"/>
    </listOfCompartments>
    <listOfSpecies>
      <species id="S1" name="S1" compartment="compartment" initialAmount="1.5e-006" substanceUnits="substance" hasOnlySubstanceUnits="true"/>
      <species id="S2" name="S2" compartment="compartment" initialAmount="2e-006" substanceUnits="substance" hasOnlySubstanceUnits="true"/>
      <species id="S3" name="S3" compartment="compartment" initialAmount="1.5e-006" substanceUnits="substance" hasOnlySubstanceUnits="true"/>
      <species id="S4" name="S4" compartment="compartment" initialAmount="1e-006" substanceUnits="substance" hasOnlySubstanceUnits="true"/>
    </listOfSpecies>
    <listOfParameters>
      <parameter id="k1" name="k1" value="750000"/>
      <parameter id="k2" name="k2" value="0.00025"/>
    </listOfParameters>
    <listOfRules>
      <rateRule metaid="rule1" variable="S4">
        <math xmlns="http://www.w3.org/1998/Math/MathML">
          <cn type="e-notation"> 1 <sep/> -7 </cn>
        </math>
      </rateRule>
    </listOfRules>
    <listOfReactions>
      <reaction id="reaction1" name="reaction1" reversible="false" fast="false">
        <listOfReactants>
          <speciesReference species="S1"/>
          <speciesReference species="S2"/>
        </listOfReactants>
        <listOfProducts>
          <speciesReference species="S3"/>
        </listOfProducts>
        <kineticLaw>
          <math xmlns="http://www.w3.org/1998/Math/MathML">
            <apply>
              <times/>
              <ci> k1 </ci>
              <ci> S1 </ci>
              <ci> S2 </ci>
            </apply>
          </math>
        </kineticLaw>
      </reaction>
      <reaction id="reaction2" name="reaction2" reversible="false" fast="false">
        <listOfReactants>
          <speciesReference species="S3"/>
        </listOfReactants>
        <listOfProducts>
          <speciesReference species="S1"/>
          <speciesReference species="S2"/>
        </listOfProducts>
        <kineticLaw>
          <math xmlns="http://www.w3.org/1998/Math/MathML">
            <apply>
              <times/>
              <ci> k2 </ci>
              <ci> S3 </ci>
            </apply>
          </math>
        </kineticLaw>
      </reaction>
    </listOfReactions>
  </model>
</sbml>
