<?xml version="1.0" encoding="UTF-8"?>
<!-- Created by libAntimony version v2.1-beta on 2011-11-15 09:18 with libSBML version 5.1.0-b0. -->
<sbml xmlns="http://www.sbml.org/sbml/level3/version1/core" level="3" version="1">
  <model id="case00984" name="case00984">
    <listOfCompartments>
      <compartment sboTerm="SBO:0000410" id="default_compartment" spatialDimensions="3" size="1" constant="true"/>
    </listOfCompartments>
    <listOfParameters>
      <parameter id="y" constant="false"/>
      <parameter id="x" value="0" constant="false"/>
      <parameter id="temp" value="0" constant="false"/>
    </listOfParameters>
    <listOfRules>
      <assignmentRule variable="y">
        <math xmlns="http://www.w3.org/1998/Math/MathML">
          <apply>
            <csymbol encoding="text" definitionURL="http://www.sbml.org/sbml/symbols/delay"> delay </csymbol>
            <ci> x </ci>
            <ci> temp </ci>
          </apply>
        </math>
      </assignmentRule>
      <rateRule variable="x">
        <math xmlns="http://www.w3.org/1998/Math/MathML">
          <cn type="integer"> 1 </cn>
        </math>
      </rateRule>
    </listOfRules>
    <listOfEvents>
      <event id="_E0" useValuesFromTriggerTime="true">
        <trigger initialValue="true" persistent="true">
          <math xmlns="http://www.w3.org/1998/Math/MathML">
            <apply>
              <geq/>
              <csymbol encoding="text" definitionURL="http://www.sbml.org/sbml/symbols/time"> time </csymbol>
              <cn> 0.99 </cn>
            </apply>
          </math>
        </trigger>
        <listOfEventAssignments>
          <eventAssignment variable="temp">
            <math xmlns="http://www.w3.org/1998/Math/MathML">
              <cn type="integer"> 1 </cn>
            </math>
          </eventAssignment>
        </listOfEventAssignments>
      </event>
    </listOfEvents>
  </model>
</sbml>
