<?xml version="1.0" encoding="UTF-8"?>
<sbml xmlns="http://www.sbml.org/sbml/level1" level="1" version="2">
  <model name="case00346">
    <listOfCompartments>
      <compartment name="compartment" volume="1" units="volume"/>
    </listOfCompartments>
    <listOfSpecies>
      <species name="S1" compartment="compartment" initialAmount="0.0015" units="substance" boundaryCondition="true"/>
      <species name="S2" compartment="compartment" initialAmount="0.002" units="substance"/>
      <species name="S3" compartment="compartment" initialAmount="0.0015" units="substance"/>
      <species name="S4" compartment="compartment" initialAmount="0.004" units="substance" boundaryCondition="true"/>
    </listOfSpecies>
    <listOfParameters>
      <parameter name="k1" value="0.693"/>
      <parameter name="k2" value="0.25"/>
    </listOfParameters>
    <listOfRules>
      <speciesConcentrationRule formula="0.0005 * k1" type="rate" species="S3"/>
      <speciesConcentrationRule formula="-0.0005 * k2" type="rate" species="S4"/>
    </listOfRules>
    <listOfReactions>
      <reaction name="reaction1" reversible="false">
        <listOfReactants>
          <speciesReference species="S1"/>
        </listOfReactants>
        <listOfProducts>
          <speciesReference species="S2"/>
        </listOfProducts>
        <kineticLaw formula="compartment * k1 * S1"/>
      </reaction>
    </listOfReactions>
  </model>
</sbml>
