<?xml version="1.0" encoding="UTF-8"?>
<sbml xmlns="http://www.sbml.org/sbml/level2/version2" level="2" version="2">
  <model metaid="_case00910" id="case00910" name="case00910">
    <listOfCompartments>
      <compartment id="C1" name="C1" spatialDimensions="1" size="0.015" units="length" constant="false"/>
      <compartment id="C2" name="C2" spatialDimensions="2" size="0.01" units="area" constant="false"/>
    </listOfCompartments>
    <listOfRules>
      <rateRule metaid="rule1" variable="C1">
        <math xmlns="http://www.w3.org/1998/Math/MathML">
          <apply>
            <plus/>
            <apply>
              <times/>
              <cn> 0.3 </cn>
              <ci> C1 </ci>
            </apply>
            <apply>
              <times/>
              <cn> 0.5 </cn>
              <ci> C2 </ci>
            </apply>
          </apply>
        </math>
      </rateRule>
      <rateRule metaid="rule2" variable="C2">
        <math xmlns="http://www.w3.org/1998/Math/MathML">
          <apply>
            <plus/>
            <apply>
              <times/>
              <cn> 0.1 </cn>
              <ci> C1 </ci>
            </apply>
            <apply>
              <times/>
              <cn> 0.2 </cn>
              <ci> C2 </ci>
            </apply>
          </apply>
        </math>
      </rateRule>
    </listOfRules>
  </model>
</sbml>
