<?xml version="1.0" encoding="UTF-8"?>
<sbml xmlns="http://www.sbml.org/sbml/level2/version2" level="2" version="2">
  <model metaid="_case00313" id="case00313" name="case00313">
    <listOfCompartments>
      <compartment id="C" name="C" size="1" units="volume" constant="false"/>
    </listOfCompartments>
    <listOfSpecies>
      <species id="S1" name="S1" compartment="C" initialAmount="1" substanceUnits="substance"/>
      <species id="S2" name="S2" compartment="C" initialAmount="2" substanceUnits="substance"/>
      <species id="S3" name="S3" compartment="C" initialAmount="1" substanceUnits="substance"/>
    </listOfSpecies>
    <listOfParameters>
      <parameter id="k1" name="k1" value="0.75"/>
      <parameter id="k2" name="k2" value="2.5"/>
      <parameter id="p1" name="p1" value="0.1"/>
      <parameter id="p2" name="p2" value="1" constant="false"/>
    </listOfParameters>
    <listOfRules>
      <assignmentRule metaid="rule1" variable="C">
        <math xmlns="http://www.w3.org/1998/Math/MathML">
          <apply>
            <times/>
            <ci> p1 </ci>
            <ci> p2 </ci>
          </apply>
        </math>
      </assignmentRule>
      <rateRule metaid="rule2" variable="p2">
        <math xmlns="http://www.w3.org/1998/Math/MathML">
          <cn> 0.1 </cn>
        </math>
      </rateRule>
    </listOfRules>
    <listOfReactions>
      <reaction id="reaction1" name="reaction1" reversible="false" fast="false">
        <listOfReactants>
          <speciesReference species="S1"/>
          <speciesReference species="S2"/>
        </listOfReactants>
        <listOfProducts>
          <speciesReference species="S3"/>
        </listOfProducts>
        <kineticLaw>
          <math xmlns="http://www.w3.org/1998/Math/MathML">
            <apply>
              <times/>
              <ci> C </ci>
              <ci> k1 </ci>
              <ci> S1 </ci>
              <ci> S2 </ci>
            </apply>
          </math>
        </kineticLaw>
      </reaction>
      <reaction id="reaction2" name="reaction2" reversible="false" fast="false">
        <listOfReactants>
          <speciesReference species="S3"/>
        </listOfReactants>
        <listOfProducts>
          <speciesReference species="S1"/>
          <speciesReference species="S2"/>
        </listOfProducts>
        <kineticLaw>
          <math xmlns="http://www.w3.org/1998/Math/MathML">
            <apply>
              <times/>
              <ci> C </ci>
              <ci> k2 </ci>
              <ci> S3 </ci>
            </apply>
          </math>
        </kineticLaw>
      </reaction>
    </listOfReactions>
  </model>
</sbml>
