<?xml version="1.0" encoding="UTF-8"?>
<sbml xmlns="http://www.sbml.org/sbml/level1" level="1" version="2">
  <model name="case000949">
    <notes>
      <body xmlns="http://www.w3.org/1999/xhtml">
        <p> Originally created by libAntimony v1.4 (using libSBML 5.0.0-a1) </p>
      </body>
    </notes>
    <listOfCompartments>
      <compartment name="default_compartment" volume="1"/>
    </listOfCompartments>
    <listOfParameters>
      <parameter name="P" value="3.7"/>
    </listOfParameters>
  </model>
</sbml>
