<?xml version="1.0" encoding="UTF-8"?>
<sbml xmlns="http://www.sbml.org/sbml/level3/version1/core" level="3" version="1">
  <model metaid="_case00172" id="case00172" name="case00172" timeUnits="time">
    <listOfUnitDefinitions>
      <unitDefinition id="time">
        <listOfUnits>
          <unit kind="second" exponent="1" scale="0" multiplier="1"/>
        </listOfUnits>
      </unitDefinition>
    </listOfUnitDefinitions>
    <listOfParameters>
      <parameter id="S1" name="S1" value="1" constant="false"/>
      <parameter id="S2" name="S2" value="0" constant="false"/>
      <parameter id="k1" name="k1" value="1" constant="true"/>
    </listOfParameters>
    <listOfRules>
      <rateRule metaid="rule1" variable="S1">
        <math xmlns="http://www.w3.org/1998/Math/MathML">
          <apply>
            <times/>
            <cn type="integer"> -1 </cn>
            <ci> k1 </ci>
            <ci> S1 </ci>
          </apply>
        </math>
      </rateRule>
      <rateRule metaid="rule2" variable="S2">
        <math xmlns="http://www.w3.org/1998/Math/MathML">
          <apply>
            <times/>
            <ci> k1 </ci>
            <ci> S1 </ci>
          </apply>
        </math>
      </rateRule>
    </listOfRules>
    <listOfEvents>
      <event id="event1" name="event1" useValuesFromTriggerTime="true">
        <trigger initialValue="true" persistent="true">
          <math xmlns="http://www.w3.org/1998/Math/MathML">
            <apply>
              <lt/>
              <ci> S1 </ci>
              <cn> 0.1 </cn>
            </apply>
          </math>
        </trigger>
        <listOfEventAssignments>
          <eventAssignment variable="S1">
            <math xmlns="http://www.w3.org/1998/Math/MathML">
              <cn type="integer"> 1 </cn>
            </math>
          </eventAssignment>
        </listOfEventAssignments>
      </event>
    </listOfEvents>
  </model>
</sbml>
