<?xml version="1.0" encoding="UTF-8"?>
<!-- Generated 12-March-2008 10:57:48.8906250 -->
<!-- Generated by MathSBML 2.7.2b -->
<!-- Generated using Mathematica Version 5.2 for Microsoft Windows (June 20, 2005) -->
<sbml xmlns="http://www.sbml.org/sbml/level2/version3"
    level="2"
    version="3">
 <model id="case00172"
     name="case00172"
     metaid="_case00172">
  <!-- <listOfFunctionDefinitions/> -->
  <!-- <listOfUnitDefinitions/> -->
  <!-- <listOfCompartmentTypes/> -->
  <!-- <listOfSpeciesTypes/> -->
  <!-- <listOfCompartments/> -->
  <!-- <listOfSpecies/> -->
  <listOfParameters>
   <parameter id="S1"
       name="S1"
       value="1."
       constant="false"/>
   <parameter id="S2"
       name="S2"
       value="0."
       constant="false"/>
   <parameter id="k1"
       name="k1"
       value="1"/>
  </listOfParameters>
  <!-- <listOfInitialAssignments/> -->
  <listOfRules>
   <rateRule variable="S1"
       metaid="rule1">
    <math xmlns="http://www.w3.org/1998/Math/MathML">
     <apply>
      <times/>
      <apply>
       <times/>
       <cn type="integer">-1</cn>
       <ci>k1</ci>
      </apply>
      <ci>S1</ci>
     </apply>
    </math>
   </rateRule>
   <rateRule variable="S2"
       metaid="rule2">
    <math xmlns="http://www.w3.org/1998/Math/MathML">
     <apply>
      <times/>
      <ci>k1</ci>
      <ci>S1</ci>
     </apply>
    </math>
   </rateRule>
  </listOfRules>
  <!-- <listOfConstraints/> -->
  <!-- <listOfReactions/> -->
  <listOfEvents>
   <event id="event1"
       name="event1">
    <trigger>
     <math xmlns="http://www.w3.org/1998/Math/MathML">
      <apply>
       <lt/>
       <ci>S1</ci>
       <cn type="real">0.1</cn>
      </apply>
     </math>
    </trigger>
    <listOfEventAssignments>
     <eventAssignment variable="S1">
      <math xmlns="http://www.w3.org/1998/Math/MathML">
       <cn type="integer">1</cn>
      </math>
     </eventAssignment>
    </listOfEventAssignments>
   </event>
  </listOfEvents>
 </model>
</sbml>