<?xml version="1.0" encoding="UTF-8"?>
<sbml xmlns="http://www.sbml.org/sbml/level3/version1/core" level="3" version="1">
  <model id="case00967" name="case00967">
    <listOfParameters>
      <parameter id="reset" value="0" constant="false"/>
      <parameter id="Q" value="0" constant="false"/>
      <parameter id="R" value="0" constant="false"/>
    </listOfParameters>
    <listOfEvents>
      <event id="Qinc" useValuesFromTriggerTime="true">
        <trigger initialValue="true" persistent="false">
          <math xmlns="http://www.w3.org/1998/Math/MathML">
            <apply>
              <geq/>
              <apply>
                <minus/>
                <csymbol encoding="text" definitionURL="http://www.sbml.org/sbml/symbols/time"> time </csymbol>
                <ci> reset </ci>
              </apply>
              <cn> 0.01 </cn>
            </apply>
          </math>
        </trigger>
        <priority>
          <math xmlns="http://www.w3.org/1998/Math/MathML">
            <csymbol encoding="text" definitionURL="http://www.sbml.org/sbml/symbols/time"> time </csymbol>
          </math>
        </priority>
        <listOfEventAssignments>
          <eventAssignment variable="reset">
            <math xmlns="http://www.w3.org/1998/Math/MathML">
              <csymbol encoding="text" definitionURL="http://www.sbml.org/sbml/symbols/time"> time </csymbol>
            </math>
          </eventAssignment>
          <eventAssignment variable="Q">
            <math xmlns="http://www.w3.org/1998/Math/MathML">
              <apply>
                <plus/>
                <ci> Q </ci>
                <cn> 0.01 </cn>
              </apply>
            </math>
          </eventAssignment>
        </listOfEventAssignments>
      </event>
      <event id="Rinc" useValuesFromTriggerTime="true">
        <trigger initialValue="true" persistent="false">
          <math xmlns="http://www.w3.org/1998/Math/MathML">
            <apply>
              <geq/>
              <apply>
                <minus/>
                <csymbol encoding="text" definitionURL="http://www.sbml.org/sbml/symbols/time"> time </csymbol>
                <ci> reset </ci>
              </apply>
              <cn> 0.01 </cn>
            </apply>
          </math>
        </trigger>
        <priority>
          <math xmlns="http://www.w3.org/1998/Math/MathML">
            <cn> 5.001 </cn>
          </math>
        </priority>
        <listOfEventAssignments>
          <eventAssignment variable="reset">
            <math xmlns="http://www.w3.org/1998/Math/MathML">
              <csymbol encoding="text" definitionURL="http://www.sbml.org/sbml/symbols/time"> time </csymbol>
            </math>
          </eventAssignment>
          <eventAssignment variable="R">
            <math xmlns="http://www.w3.org/1998/Math/MathML">
              <apply>
                <plus/>
                <ci> R </ci>
                <cn> 0.01 </cn>
              </apply>
            </math>
          </eventAssignment>
        </listOfEventAssignments>
      </event>
    </listOfEvents>
  </model>
</sbml>
