<?xml version="1.0" encoding="UTF-8"?>
<!-- Generated 18-August-2008 19:07:43.8125000 -->
<!-- Generated by MathSBML 2.7.5 [2-May-2008] -->
<!-- Generated using Mathematica Version 5.2 for Microsoft Windows (June 20, 2005) -->
<sbml xmlns="http://www.sbml.org/sbml/level2/version3"
    level="2"
    version="3">
 <model id="case00892"
     name="case00892"
     metaid="_case00892">
  <!-- <listOfFunctionDefinitions/> -->
  <!-- <listOfUnitDefinitions/> -->
  <!-- <listOfCompartmentTypes/> -->
  <!-- <listOfSpeciesTypes/> -->
  <!-- <listOfCompartments/> -->
  <!-- <listOfSpecies/> -->
  <listOfParameters>
   <parameter id="P1"
       name="P1"
       value="1.5"
       constant="false"/>
   <parameter id="P2"
       name="P2"
       value="0"
       constant="false"/>
   <parameter id="k1"
       name="k1"
       value="1."/>
   <parameter id="k2"
       name="k2"
       value="0.75"/>
  </listOfParameters>
  <!-- <listOfInitialAssignments/> -->
  <listOfRules>
   <rateRule variable="P1"
       metaid="rule1">
    <math xmlns="http://www.w3.org/1998/Math/MathML">
     <apply>
      <times/>
      <apply>
       <power/>
       <exponentiale/>
       <apply>
        <times/>
        <cn type="integer">-1</cn>
        <csymbol encoding="text" definitionURL="http://www.sbml.org/sbml/symbols/time">time</csymbol>
       </apply>
      </apply>
      <ci>k2</ci>
      <ci>P2</ci>
     </apply>
    </math>
   </rateRule>
   <rateRule variable="P2"
       metaid="rule2">
    <math xmlns="http://www.w3.org/1998/Math/MathML">
     <apply>
      <times/>
      <apply>
       <power/>
       <exponentiale/>
       <apply>
        <times/>
        <cn type="integer">-1</cn>
        <csymbol encoding="text" definitionURL="http://www.sbml.org/sbml/symbols/time">time</csymbol>
       </apply>
      </apply>
      <ci>k1</ci>
      <ci>P1</ci>
     </apply>
    </math>
   </rateRule>
  </listOfRules>
  <!-- <listOfConstraints/> -->
  <!-- <listOfReactions/> -->
  <!-- <listOfEvents/> -->
 </model>
</sbml>