<?xml version="1.0" encoding="UTF-8"?>
<sbml xmlns="http://www.sbml.org/sbml/level2/version2" level="2" version="2">
  <model metaid="_case00892" id="case00892" name="case00892">
    <listOfParameters>
      <parameter id="P1" name="P1" value="1.5" constant="false"/>
      <parameter id="P2" name="P2" value="0" constant="false"/>
      <parameter id="k1" name="k1" value="1"/>
      <parameter id="k2" name="k2" value="0.75"/>
    </listOfParameters>
    <listOfRules>
      <rateRule metaid="rule1" variable="P1">
        <math xmlns="http://www.w3.org/1998/Math/MathML">
          <apply>
            <times/>
            <apply>
              <power/>
              <exponentiale/>
              <apply>
                <times/>
                <cn type="integer"> -1 </cn>
                <csymbol encoding="text" definitionURL="http://www.sbml.org/sbml/symbols/time"> time </csymbol>
              </apply>
            </apply>
            <ci> k2 </ci>
            <ci> P2 </ci>
          </apply>
        </math>
      </rateRule>
      <rateRule metaid="rule2" variable="P2">
        <math xmlns="http://www.w3.org/1998/Math/MathML">
          <apply>
            <times/>
            <apply>
              <power/>
              <exponentiale/>
              <apply>
                <times/>
                <cn type="integer"> -1 </cn>
                <csymbol encoding="text" definitionURL="http://www.sbml.org/sbml/symbols/time"> time </csymbol>
              </apply>
            </apply>
            <ci> k1 </ci>
            <ci> P1 </ci>
          </apply>
        </math>
      </rateRule>
    </listOfRules>
  </model>
</sbml>
