<?xml version="1.0" encoding="UTF-8"?>
<sbml xmlns="http://www.sbml.org/sbml/level2/version4" level="2" version="4">
  <model id="case00979" name="case00979">
    <listOfParameters>
      <parameter id="x" value="0" constant="false"/>
      <parameter id="y" value="0" constant="false"/>
      <parameter id="p" value="0" constant="false"/>
      <parameter id="q" value="0" constant="false"/>
    </listOfParameters>
    <listOfEvents>
      <event id="_E0">
        <trigger>
          <math xmlns="http://www.w3.org/1998/Math/MathML">
            <apply>
              <geq/>
              <csymbol encoding="text" definitionURL="http://www.sbml.org/sbml/symbols/time"> time </csymbol>
              <cn> 0.98 </cn>
            </apply>
          </math>
        </trigger>
        <listOfEventAssignments>
          <eventAssignment variable="y">
            <math xmlns="http://www.w3.org/1998/Math/MathML">
              <apply>
                <plus/>
                <ci> y </ci>
                <ci> x </ci>
              </apply>
            </math>
          </eventAssignment>
          <eventAssignment variable="x">
            <math xmlns="http://www.w3.org/1998/Math/MathML">
              <cn type="integer"> 2 </cn>
            </math>
          </eventAssignment>
        </listOfEventAssignments>
      </event>
      <event id="_E1">
        <trigger>
          <math xmlns="http://www.w3.org/1998/Math/MathML">
            <apply>
              <geq/>
              <csymbol encoding="text" definitionURL="http://www.sbml.org/sbml/symbols/time"> time </csymbol>
              <cn> 0.99 </cn>
            </apply>
          </math>
        </trigger>
        <listOfEventAssignments>
          <eventAssignment variable="p">
            <math xmlns="http://www.w3.org/1998/Math/MathML">
              <cn type="integer"> 3 </cn>
            </math>
          </eventAssignment>
          <eventAssignment variable="q">
            <math xmlns="http://www.w3.org/1998/Math/MathML">
              <apply>
                <plus/>
                <ci> p </ci>
                <cn type="integer"> 1 </cn>
              </apply>
            </math>
          </eventAssignment>
        </listOfEventAssignments>
      </event>
    </listOfEvents>
  </model>
</sbml>
