<?xml version="1.0" encoding="UTF-8"?>
<sbml xmlns="http://www.sbml.org/sbml/level2/version2" level="2" version="2">
  <model id="case000958" name="case000958">
    <notes>
      <body xmlns="http://www.w3.org/1999/xhtml">
        <p> Originally created by libAntimony v1.4 (using libSBML 5.0.0-a1) </p>
      </body>
    </notes>
    <listOfUnitDefinitions>
      <unitDefinition id="volume">
        <listOfUnits>
          <unit kind="litre"/>
        </listOfUnits>
      </unitDefinition>
      <unitDefinition id="time">
        <listOfUnits>
          <unit kind="second"/>
        </listOfUnits>
      </unitDefinition>
    </listOfUnitDefinitions>
    <listOfParameters>
      <parameter id="P1"/>
      <parameter id="P3"/>
      <parameter id="P4"/>
      <parameter id="P5"/>
      <parameter id="P6"/>
      <parameter id="P7"/>
      <parameter id="P8"/>
      <parameter id="P9"/>
      <parameter id="P10"/>
      <parameter id="P11"/>
      <parameter id="P12"/>
      <parameter id="P13"/>
      <parameter id="P14"/>
      <parameter id="P15"/>
      <parameter id="P16"/>
      <parameter id="P17"/>
      <parameter id="P18"/>
      <parameter id="P19"/>
      <parameter id="P20"/>
      <parameter id="P21"/>
      <parameter id="P22"/>
      <parameter id="P23"/>
      <parameter id="P24"/>
      <parameter id="P25"/>
      <parameter id="P26"/>
      <parameter id="P27"/>
      <parameter id="P28"/>
      <parameter id="P29"/>
    </listOfParameters>
    <listOfInitialAssignments>
      <initialAssignment symbol="P1">
        <math xmlns="http://www.w3.org/1998/Math/MathML">
          <pi/>
        </math>
      </initialAssignment>
      <initialAssignment symbol="P3">
        <math xmlns="http://www.w3.org/1998/Math/MathML">
          <piecewise>
            <piece>
              <cn type="integer"> 2 </cn>
              <apply>
                <gt/>
                <cn type="integer"> 1 </cn>
                <cn> 0.5 </cn>
              </apply>
            </piece>
            <otherwise>
              <cn type="integer"> 3 </cn>
            </otherwise>
          </piecewise>
        </math>
      </initialAssignment>
      <initialAssignment symbol="P4">
        <math xmlns="http://www.w3.org/1998/Math/MathML">
          <piecewise>
            <piece>
              <cn type="integer"> 2 </cn>
              <apply>
                <geq/>
                <cn type="integer"> 1 </cn>
                <cn> 0.5 </cn>
              </apply>
            </piece>
            <otherwise>
              <cn type="integer"> 3 </cn>
            </otherwise>
          </piecewise>
        </math>
      </initialAssignment>
      <initialAssignment symbol="P5">
        <math xmlns="http://www.w3.org/1998/Math/MathML">
          <piecewise>
            <piece>
              <cn type="integer"> 2 </cn>
              <apply>
                <lt/>
                <cn type="integer"> 1 </cn>
                <cn> 0.5 </cn>
              </apply>
            </piece>
            <otherwise>
              <cn type="integer"> 3 </cn>
            </otherwise>
          </piecewise>
        </math>
      </initialAssignment>
      <initialAssignment symbol="P6">
        <math xmlns="http://www.w3.org/1998/Math/MathML">
          <piecewise>
            <piece>
              <cn type="integer"> 2 </cn>
              <apply>
                <leq/>
                <cn type="integer"> 1 </cn>
                <cn> 0.5 </cn>
              </apply>
            </piece>
            <otherwise>
              <cn type="integer"> 3 </cn>
            </otherwise>
          </piecewise>
        </math>
      </initialAssignment>
      <initialAssignment symbol="P7">
        <math xmlns="http://www.w3.org/1998/Math/MathML">
          <piecewise>
            <piece>
              <cn type="integer"> 2 </cn>
              <apply>
                <eq/>
                <ci> P1 </ci>
                <pi/>
              </apply>
            </piece>
            <otherwise>
              <cn type="integer"> 3 </cn>
            </otherwise>
          </piecewise>
        </math>
      </initialAssignment>
      <initialAssignment symbol="P8">
        <math xmlns="http://www.w3.org/1998/Math/MathML">
          <piecewise>
            <piece>
              <cn type="integer"> 2 </cn>
              <apply>
                <neq/>
                <ci> P1 </ci>
                <pi/>
              </apply>
            </piece>
            <otherwise>
              <cn type="integer"> 3 </cn>
            </otherwise>
          </piecewise>
        </math>
      </initialAssignment>
      <initialAssignment symbol="P9">
        <math xmlns="http://www.w3.org/1998/Math/MathML">
          <apply>
            <factorial/>
            <cn type="integer"> 4 </cn>
          </apply>
        </math>
      </initialAssignment>
      <initialAssignment symbol="P10">
        <math xmlns="http://www.w3.org/1998/Math/MathML">
          <piecewise>
            <piece>
              <cn type="integer"> 2 </cn>
              <apply>
                <and/>
                <true/>
                <false/>
              </apply>
            </piece>
            <otherwise>
              <cn type="integer"> 3 </cn>
            </otherwise>
          </piecewise>
        </math>
      </initialAssignment>
      <initialAssignment symbol="P11">
        <math xmlns="http://www.w3.org/1998/Math/MathML">
          <piecewise>
            <piece>
              <cn type="integer"> 2 </cn>
              <apply>
                <or/>
                <true/>
                <false/>
              </apply>
            </piece>
            <otherwise>
              <cn type="integer"> 3 </cn>
            </otherwise>
          </piecewise>
        </math>
      </initialAssignment>
      <initialAssignment symbol="P12">
        <math xmlns="http://www.w3.org/1998/Math/MathML">
          <piecewise>
            <piece>
              <cn type="integer"> 2 </cn>
              <apply>
                <xor/>
                <true/>
                <false/>
              </apply>
            </piece>
            <otherwise>
              <cn type="integer"> 3 </cn>
            </otherwise>
          </piecewise>
        </math>
      </initialAssignment>
      <initialAssignment symbol="P13">
        <math xmlns="http://www.w3.org/1998/Math/MathML">
          <piecewise>
            <piece>
              <cn type="integer"> 2 </cn>
              <apply>
                <not/>
                <false/>
              </apply>
            </piece>
            <otherwise>
              <cn type="integer"> 3 </cn>
            </otherwise>
          </piecewise>
        </math>
      </initialAssignment>
      <initialAssignment symbol="P14">
        <math xmlns="http://www.w3.org/1998/Math/MathML">
          <apply>
            <sec/>
            <cn> 0.5 </cn>
          </apply>
        </math>
      </initialAssignment>
      <initialAssignment symbol="P15">
        <math xmlns="http://www.w3.org/1998/Math/MathML">
          <apply>
            <csc/>
            <cn> 4.5 </cn>
          </apply>
        </math>
      </initialAssignment>
      <initialAssignment symbol="P16">
        <math xmlns="http://www.w3.org/1998/Math/MathML">
          <apply>
            <cot/>
            <cn> 0.2 </cn>
          </apply>
        </math>
      </initialAssignment>
      <initialAssignment symbol="P17">
        <math xmlns="http://www.w3.org/1998/Math/MathML">
          <apply>
            <sinh/>
            <cn> 0.3 </cn>
          </apply>
        </math>
      </initialAssignment>
      <initialAssignment symbol="P18">
        <math xmlns="http://www.w3.org/1998/Math/MathML">
          <apply>
            <cosh/>
            <cn> 1.7 </cn>
          </apply>
        </math>
      </initialAssignment>
      <initialAssignment symbol="P19">
        <math xmlns="http://www.w3.org/1998/Math/MathML">
          <apply>
            <arcsec/>
            <cn> 2.3 </cn>
          </apply>
        </math>
      </initialAssignment>
      <initialAssignment symbol="P20">
        <math xmlns="http://www.w3.org/1998/Math/MathML">
          <apply>
            <arccsc/>
            <cn> 1.1 </cn>
          </apply>
        </math>
      </initialAssignment>
      <initialAssignment symbol="P21">
        <math xmlns="http://www.w3.org/1998/Math/MathML">
          <apply>
            <arccot/>
            <cn> -0.1 </cn>
          </apply>
        </math>
      </initialAssignment>
      <initialAssignment symbol="P22">
        <math xmlns="http://www.w3.org/1998/Math/MathML">
          <apply>
            <arcsinh/>
            <cn type="integer"> 99 </cn>
          </apply>
        </math>
      </initialAssignment>
      <initialAssignment symbol="P23">
        <math xmlns="http://www.w3.org/1998/Math/MathML">
          <apply>
            <arccosh/>
            <cn> 1.34 </cn>
          </apply>
        </math>
      </initialAssignment>
      <initialAssignment symbol="P24">
        <math xmlns="http://www.w3.org/1998/Math/MathML">
          <apply>
            <arctanh/>
            <cn> -0.7 </cn>
          </apply>
        </math>
      </initialAssignment>
      <initialAssignment symbol="P25">
        <math xmlns="http://www.w3.org/1998/Math/MathML">
          <apply>
            <arcsech/>
            <cn> 0.42 </cn>
          </apply>
        </math>
      </initialAssignment>
      <initialAssignment symbol="P26">
        <math xmlns="http://www.w3.org/1998/Math/MathML">
          <apply>
            <arccsch/>
            <cn> 0.01 </cn>
          </apply>
        </math>
      </initialAssignment>
      <initialAssignment symbol="P27">
        <math xmlns="http://www.w3.org/1998/Math/MathML">
          <apply>
            <arccoth/>
            <cn> 8.2 </cn>
          </apply>
        </math>
      </initialAssignment>
      <initialAssignment symbol="P28">
        <math xmlns="http://www.w3.org/1998/Math/MathML">
          <exponentiale/>
        </math>
      </initialAssignment>
      <initialAssignment symbol="P29">
        <math xmlns="http://www.w3.org/1998/Math/MathML">
          <apply>
            <exp/>
            <exponentiale/>
          </apply>
        </math>
      </initialAssignment>
    </listOfInitialAssignments>
  </model>
</sbml>
