<?xml version="1.0" encoding="UTF-8"?>
<sbml xmlns="http://www.sbml.org/sbml/level2" level="2" version="1">
  <model id="case000955" name="case000955">
    <notes>
      <body xmlns="http://www.w3.org/1999/xhtml">
        <p> Originally created by libAntimony v1.4 (using libSBML 5.0.0-a1) </p>
      </body>
    </notes>
    <listOfUnitDefinitions>
      <unitDefinition id="volume">
        <listOfUnits>
          <unit kind="litre"/>
        </listOfUnits>
      </unitDefinition>
      <unitDefinition id="time">
        <listOfUnits>
          <unit kind="second"/>
        </listOfUnits>
      </unitDefinition>
    </listOfUnitDefinitions>
    <listOfParameters>
      <parameter id="P1" constant="false"/>
      <parameter id="P2" constant="false"/>
      <parameter id="P3" constant="false"/>
      <parameter id="P4" constant="false"/>
      <parameter id="P5" constant="false"/>
      <parameter id="P6" constant="false"/>
      <parameter id="P7" constant="false"/>
      <parameter id="P8" constant="false"/>
      <parameter id="P9" constant="false"/>
      <parameter id="P10" constant="false"/>
      <parameter id="P11" constant="false"/>
      <parameter id="P13" constant="false"/>
      <parameter id="P14" constant="false"/>
      <parameter id="P15" constant="false"/>
      <parameter id="P16" constant="false"/>
      <parameter id="P18" constant="false"/>
      <parameter id="P19" constant="false"/>
      <parameter id="P20" constant="false"/>
      <parameter id="P22" constant="false"/>
      <parameter id="P24" constant="false"/>
      <parameter id="P25" constant="false"/>
      <parameter id="P26" constant="false"/>
      <parameter id="P29" constant="false"/>
      <parameter id="P31" constant="false"/>
      <parameter id="P32" constant="false"/>
      <parameter id="P34" constant="false"/>
      <parameter id="P35" constant="false"/>
      <parameter id="P37" constant="false"/>
      <parameter id="P38" constant="false"/>
      <parameter id="P39" constant="false"/>
      <parameter id="P40" constant="false"/>
      <parameter id="P41" constant="false"/>
      <parameter id="P42" constant="false"/>
      <parameter id="P43" constant="false"/>
      <parameter id="P44" constant="false"/>
    </listOfParameters>
    <listOfRules>
      <assignmentRule variable="P1">
        <math xmlns="http://www.w3.org/1998/Math/MathML">
          <csymbol encoding="text" definitionURL="http://www.sbml.org/sbml/symbols/time"> time </csymbol>
        </math>
      </assignmentRule>
      <assignmentRule variable="P2">
        <math xmlns="http://www.w3.org/1998/Math/MathML">
          <apply>
            <abs/>
            <csymbol encoding="text" definitionURL="http://www.sbml.org/sbml/symbols/time"> time </csymbol>
          </apply>
        </math>
      </assignmentRule>
      <assignmentRule variable="P3">
        <math xmlns="http://www.w3.org/1998/Math/MathML">
          <apply>
            <abs/>
            <apply>
              <minus/>
              <csymbol encoding="text" definitionURL="http://www.sbml.org/sbml/symbols/time"> time </csymbol>
            </apply>
          </apply>
        </math>
      </assignmentRule>
      <assignmentRule variable="P4">
        <math xmlns="http://www.w3.org/1998/Math/MathML">
          <apply>
            <arccos/>
            <csymbol encoding="text" definitionURL="http://www.sbml.org/sbml/symbols/time"> time </csymbol>
          </apply>
        </math>
      </assignmentRule>
      <assignmentRule variable="P5">
        <math xmlns="http://www.w3.org/1998/Math/MathML">
          <apply>
            <arccos/>
            <apply>
              <minus/>
              <csymbol encoding="text" definitionURL="http://www.sbml.org/sbml/symbols/time"> time </csymbol>
            </apply>
          </apply>
        </math>
      </assignmentRule>
      <assignmentRule variable="P6">
        <math xmlns="http://www.w3.org/1998/Math/MathML">
          <apply>
            <arcsin/>
            <csymbol encoding="text" definitionURL="http://www.sbml.org/sbml/symbols/time"> time </csymbol>
          </apply>
        </math>
      </assignmentRule>
      <assignmentRule variable="P7">
        <math xmlns="http://www.w3.org/1998/Math/MathML">
          <apply>
            <arcsin/>
            <apply>
              <minus/>
              <csymbol encoding="text" definitionURL="http://www.sbml.org/sbml/symbols/time"> time </csymbol>
            </apply>
          </apply>
        </math>
      </assignmentRule>
      <assignmentRule variable="P8">
        <math xmlns="http://www.w3.org/1998/Math/MathML">
          <apply>
            <arctan/>
            <csymbol encoding="text" definitionURL="http://www.sbml.org/sbml/symbols/time"> time </csymbol>
          </apply>
        </math>
      </assignmentRule>
      <assignmentRule variable="P9">
        <math xmlns="http://www.w3.org/1998/Math/MathML">
          <apply>
            <arctan/>
            <apply>
              <minus/>
              <csymbol encoding="text" definitionURL="http://www.sbml.org/sbml/symbols/time"> time </csymbol>
            </apply>
          </apply>
        </math>
      </assignmentRule>
      <assignmentRule variable="P10">
        <math xmlns="http://www.w3.org/1998/Math/MathML">
          <apply>
            <ceiling/>
            <csymbol encoding="text" definitionURL="http://www.sbml.org/sbml/symbols/time"> time </csymbol>
          </apply>
        </math>
      </assignmentRule>
      <assignmentRule variable="P11">
        <math xmlns="http://www.w3.org/1998/Math/MathML">
          <apply>
            <ceiling/>
            <apply>
              <minus/>
              <csymbol encoding="text" definitionURL="http://www.sbml.org/sbml/symbols/time"> time </csymbol>
            </apply>
          </apply>
        </math>
      </assignmentRule>
      <assignmentRule variable="P13">
        <math xmlns="http://www.w3.org/1998/Math/MathML">
          <apply>
            <cos/>
            <csymbol encoding="text" definitionURL="http://www.sbml.org/sbml/symbols/time"> time </csymbol>
          </apply>
        </math>
      </assignmentRule>
      <assignmentRule variable="P14">
        <math xmlns="http://www.w3.org/1998/Math/MathML">
          <apply>
            <cos/>
            <apply>
              <minus/>
              <csymbol encoding="text" definitionURL="http://www.sbml.org/sbml/symbols/time"> time </csymbol>
            </apply>
          </apply>
        </math>
      </assignmentRule>
      <assignmentRule variable="P15">
        <math xmlns="http://www.w3.org/1998/Math/MathML">
          <apply>
            <exp/>
            <csymbol encoding="text" definitionURL="http://www.sbml.org/sbml/symbols/time"> time </csymbol>
          </apply>
        </math>
      </assignmentRule>
      <assignmentRule variable="P16">
        <math xmlns="http://www.w3.org/1998/Math/MathML">
          <apply>
            <exp/>
            <apply>
              <minus/>
              <csymbol encoding="text" definitionURL="http://www.sbml.org/sbml/symbols/time"> time </csymbol>
            </apply>
          </apply>
        </math>
      </assignmentRule>
      <assignmentRule variable="P18">
        <math xmlns="http://www.w3.org/1998/Math/MathML">
          <apply>
            <floor/>
            <csymbol encoding="text" definitionURL="http://www.sbml.org/sbml/symbols/time"> time </csymbol>
          </apply>
        </math>
      </assignmentRule>
      <assignmentRule variable="P19">
        <math xmlns="http://www.w3.org/1998/Math/MathML">
          <apply>
            <floor/>
            <apply>
              <minus/>
              <csymbol encoding="text" definitionURL="http://www.sbml.org/sbml/symbols/time"> time </csymbol>
            </apply>
          </apply>
        </math>
      </assignmentRule>
      <assignmentRule variable="P20">
        <math xmlns="http://www.w3.org/1998/Math/MathML">
          <apply>
            <ln/>
            <apply>
              <plus/>
              <csymbol encoding="text" definitionURL="http://www.sbml.org/sbml/symbols/time"> time </csymbol>
              <cn type="integer"> 1 </cn>
            </apply>
          </apply>
        </math>
      </assignmentRule>
      <assignmentRule variable="P22">
        <math xmlns="http://www.w3.org/1998/Math/MathML">
          <apply>
            <log/>
            <logbase>
              <cn type="integer"> 10 </cn>
            </logbase>
            <apply>
              <plus/>
              <csymbol encoding="text" definitionURL="http://www.sbml.org/sbml/symbols/time"> time </csymbol>
              <cn type="integer"> 1 </cn>
            </apply>
          </apply>
        </math>
      </assignmentRule>
      <assignmentRule variable="P24">
        <math xmlns="http://www.w3.org/1998/Math/MathML">
          <apply>
            <power/>
            <csymbol encoding="text" definitionURL="http://www.sbml.org/sbml/symbols/time"> time </csymbol>
            <cn type="integer"> 2 </cn>
          </apply>
        </math>
      </assignmentRule>
      <assignmentRule variable="P25">
        <math xmlns="http://www.w3.org/1998/Math/MathML">
          <apply>
            <power/>
            <cn type="integer"> 2 </cn>
            <csymbol encoding="text" definitionURL="http://www.sbml.org/sbml/symbols/time"> time </csymbol>
          </apply>
        </math>
      </assignmentRule>
      <assignmentRule variable="P26">
        <math xmlns="http://www.w3.org/1998/Math/MathML">
          <apply>
            <power/>
            <csymbol encoding="text" definitionURL="http://www.sbml.org/sbml/symbols/time"> time </csymbol>
            <csymbol encoding="text" definitionURL="http://www.sbml.org/sbml/symbols/time"> time </csymbol>
          </apply>
        </math>
      </assignmentRule>
      <assignmentRule variable="P29">
        <math xmlns="http://www.w3.org/1998/Math/MathML">
          <apply>
            <root/>
            <degree>
              <cn type="integer"> 2 </cn>
            </degree>
            <csymbol encoding="text" definitionURL="http://www.sbml.org/sbml/symbols/time"> time </csymbol>
          </apply>
        </math>
      </assignmentRule>
      <assignmentRule variable="P31">
        <math xmlns="http://www.w3.org/1998/Math/MathML">
          <apply>
            <sin/>
            <csymbol encoding="text" definitionURL="http://www.sbml.org/sbml/symbols/time"> time </csymbol>
          </apply>
        </math>
      </assignmentRule>
      <assignmentRule variable="P32">
        <math xmlns="http://www.w3.org/1998/Math/MathML">
          <apply>
            <sin/>
            <apply>
              <minus/>
              <csymbol encoding="text" definitionURL="http://www.sbml.org/sbml/symbols/time"> time </csymbol>
            </apply>
          </apply>
        </math>
      </assignmentRule>
      <assignmentRule variable="P34">
        <math xmlns="http://www.w3.org/1998/Math/MathML">
          <apply>
            <tan/>
            <csymbol encoding="text" definitionURL="http://www.sbml.org/sbml/symbols/time"> time </csymbol>
          </apply>
        </math>
      </assignmentRule>
      <assignmentRule variable="P35">
        <math xmlns="http://www.w3.org/1998/Math/MathML">
          <apply>
            <tan/>
            <apply>
              <minus/>
              <csymbol encoding="text" definitionURL="http://www.sbml.org/sbml/symbols/time"> time </csymbol>
            </apply>
          </apply>
        </math>
      </assignmentRule>
      <assignmentRule variable="P37">
        <math xmlns="http://www.w3.org/1998/Math/MathML">
          <apply>
            <plus/>
            <csymbol encoding="text" definitionURL="http://www.sbml.org/sbml/symbols/time"> time </csymbol>
            <cn type="integer"> 2 </cn>
          </apply>
        </math>
      </assignmentRule>
      <assignmentRule variable="P38">
        <math xmlns="http://www.w3.org/1998/Math/MathML">
          <apply>
            <minus/>
            <csymbol encoding="text" definitionURL="http://www.sbml.org/sbml/symbols/time"> time </csymbol>
            <cn type="integer"> 2 </cn>
          </apply>
        </math>
      </assignmentRule>
      <assignmentRule variable="P39">
        <math xmlns="http://www.w3.org/1998/Math/MathML">
          <apply>
            <divide/>
            <csymbol encoding="text" definitionURL="http://www.sbml.org/sbml/symbols/time"> time </csymbol>
            <cn type="integer"> 2 </cn>
          </apply>
        </math>
      </assignmentRule>
      <assignmentRule variable="P40">
        <math xmlns="http://www.w3.org/1998/Math/MathML">
          <apply>
            <times/>
            <csymbol encoding="text" definitionURL="http://www.sbml.org/sbml/symbols/time"> time </csymbol>
            <cn type="integer"> 3 </cn>
          </apply>
        </math>
      </assignmentRule>
      <assignmentRule variable="P41">
        <math xmlns="http://www.w3.org/1998/Math/MathML">
          <apply>
            <plus/>
            <cn type="integer"> 2 </cn>
            <csymbol encoding="text" definitionURL="http://www.sbml.org/sbml/symbols/time"> time </csymbol>
          </apply>
        </math>
      </assignmentRule>
      <assignmentRule variable="P42">
        <math xmlns="http://www.w3.org/1998/Math/MathML">
          <apply>
            <minus/>
            <cn type="integer"> 2 </cn>
            <csymbol encoding="text" definitionURL="http://www.sbml.org/sbml/symbols/time"> time </csymbol>
          </apply>
        </math>
      </assignmentRule>
      <assignmentRule variable="P43">
        <math xmlns="http://www.w3.org/1998/Math/MathML">
          <apply>
            <divide/>
            <cn type="integer"> 2 </cn>
            <apply>
              <plus/>
              <csymbol encoding="text" definitionURL="http://www.sbml.org/sbml/symbols/time"> time </csymbol>
              <cn type="integer"> 1 </cn>
            </apply>
          </apply>
        </math>
      </assignmentRule>
      <assignmentRule variable="P44">
        <math xmlns="http://www.w3.org/1998/Math/MathML">
          <apply>
            <times/>
            <cn type="integer"> 3 </cn>
            <csymbol encoding="text" definitionURL="http://www.sbml.org/sbml/symbols/time"> time </csymbol>
          </apply>
        </math>
      </assignmentRule>
    </listOfRules>
  </model>
</sbml>
