<?xml version="1.0" encoding="UTF-8"?>
<sbml xmlns="http://www.sbml.org/sbml/level3/version1/core" level="3" version="1">
  <model metaid="_case00885" id="case00885" name="case00885" timeUnits="time">
    <listOfUnitDefinitions>
      <unitDefinition id="volume">
        <listOfUnits>
          <unit kind="litre" exponent="1" scale="0" multiplier="1"/>
        </listOfUnits>
      </unitDefinition>
      <unitDefinition id="substance">
        <listOfUnits>
          <unit kind="mole" exponent="1" scale="0" multiplier="1"/>
        </listOfUnits>
      </unitDefinition>
      <unitDefinition id="time">
        <listOfUnits>
          <unit kind="second" exponent="1" scale="0" multiplier="1"/>
        </listOfUnits>
      </unitDefinition>
    </listOfUnitDefinitions>
    <listOfCompartments>
      <compartment id="C" name="C" spatialDimensions="3" size="1" units="volume" constant="true"/>
    </listOfCompartments>
    <listOfSpecies>
      <species id="S1" name="S1" compartment="C" initialAmount="0.01" substanceUnits="substance" hasOnlySubstanceUnits="false" boundaryCondition="false" constant="false"/>
      <species id="S2" name="S2" compartment="C" initialAmount="0.012" substanceUnits="substance" hasOnlySubstanceUnits="false" boundaryCondition="false" constant="false"/>
      <species id="S3" name="S3" compartment="C" initialAmount="0.02" substanceUnits="substance" hasOnlySubstanceUnits="false" boundaryCondition="false" constant="false"/>
      <species id="S4" name="S4" compartment="C" initialAmount="0.01" substanceUnits="substance" hasOnlySubstanceUnits="false" boundaryCondition="false" constant="false"/>
    </listOfSpecies>
    <listOfParameters>
      <parameter id="k1" name="k1" value="7.5" constant="true"/>
      <parameter id="k2" name="k2" value="25" constant="true"/>
      <parameter id="k3" name="k3" value="0.02" constant="true"/>
      <parameter id="k4" name="k4" value="0.02" constant="true"/>
    </listOfParameters>
    <listOfReactions>
      <reaction id="reaction1" name="reaction1" reversible="false" fast="false">
        <listOfReactants>
          <speciesReference species="S1" stoichiometry="1" constant="true"/>
          <speciesReference species="S2" stoichiometry="1" constant="true"/>
        </listOfReactants>
        <listOfProducts>
          <speciesReference species="S3" stoichiometry="1" constant="true"/>
          <speciesReference species="S4" stoichiometry="1" constant="true"/>
        </listOfProducts>
        <kineticLaw>
          <math xmlns="http://www.w3.org/1998/Math/MathML">
            <apply>
              <times/>
              <ci> C </ci>
              <ci> k1 </ci>
              <ci> S1 </ci>
              <ci> S2 </ci>
            </apply>
          </math>
        </kineticLaw>
      </reaction>
      <reaction id="reaction2" name="reaction2" reversible="false" fast="false">
        <listOfReactants>
          <speciesReference species="S3" stoichiometry="1" constant="true"/>
          <speciesReference species="S4" stoichiometry="1" constant="true"/>
        </listOfReactants>
        <listOfProducts>
          <speciesReference species="S1" stoichiometry="1" constant="true"/>
          <speciesReference species="S2" stoichiometry="1" constant="true"/>
        </listOfProducts>
        <kineticLaw>
          <math xmlns="http://www.w3.org/1998/Math/MathML">
            <apply>
              <times/>
              <ci> C </ci>
              <ci> k2 </ci>
              <ci> S3 </ci>
              <ci> S4 </ci>
            </apply>
          </math>
        </kineticLaw>
      </reaction>
    </listOfReactions>
    <listOfEvents>
      <event id="event1" name="event1" useValuesFromTriggerTime="true">
        <trigger initialValue="true" persistent="true">
          <math xmlns="http://www.w3.org/1998/Math/MathML">
            <apply>
              <gt/>
              <ci> S2 </ci>
              <ci> S3 </ci>
            </apply>
          </math>
        </trigger>
        <listOfEventAssignments>
          <eventAssignment variable="S1">
            <math xmlns="http://www.w3.org/1998/Math/MathML">
              <apply>
                <times/>
                <ci> k3 </ci>
                <csymbol encoding="text" definitionURL="http://www.sbml.org/sbml/symbols/time"> time </csymbol>
              </apply>
            </math>
          </eventAssignment>
          <eventAssignment variable="S4">
            <math xmlns="http://www.w3.org/1998/Math/MathML">
              <apply>
                <times/>
                <ci> k4 </ci>
                <ci> S1 </ci>
                <csymbol encoding="text" definitionURL="http://www.sbml.org/sbml/symbols/time"> time </csymbol>
              </apply>
            </math>
          </eventAssignment>
        </listOfEventAssignments>
      </event>
    </listOfEvents>
  </model>
</sbml>
