<?xml version="1.0" encoding="UTF-8"?>
<sbml xmlns="http://www.sbml.org/sbml/level2" level="2" version="1">
  <model metaid="_case01015" id="case01015" name="case01015">
    <listOfCompartments>
      <compartment id="compartment" name="compartment" size="10" units="volume"/>
    </listOfCompartments>
    <listOfSpecies>
      <species id="S1" name="S1" compartment="compartment" initialAmount="1e-005" substanceUnits="substance" hasOnlySubstanceUnits="true"/>
      <species id="S2" name="S2" compartment="compartment" initialAmount="1.5e-005" substanceUnits="substance" hasOnlySubstanceUnits="true"/>
      <species id="S3" name="S3" compartment="compartment" initialAmount="1e-005" substanceUnits="substance" hasOnlySubstanceUnits="true"/>
      <species id="S4" name="S4" compartment="compartment" initialAmount="2.25e-005" substanceUnits="substance" hasOnlySubstanceUnits="true"/>
    </listOfSpecies>
    <listOfParameters>
      <parameter id="k1" name="k1" value="150000"/>
      <parameter id="k2" name="k2" value="50"/>
      <parameter id="k3" name="k3" value="1.5"/>
    </listOfParameters>
    <listOfRules>
      <assignmentRule metaid="rule1" variable="S4">
        <math xmlns="http://www.w3.org/1998/Math/MathML">
          <apply>
            <times/>
            <ci> k3 </ci>
            <ci> S2 </ci>
          </apply>
        </math>
      </assignmentRule>
    </listOfRules>
    <listOfReactions>
      <reaction id="reaction1" name="reaction1" reversible="false" fast="false">
        <listOfReactants>
          <speciesReference species="S1"/>
          <speciesReference species="S2"/>
        </listOfReactants>
        <listOfProducts>
          <speciesReference species="S3"/>
        </listOfProducts>
        <kineticLaw>
          <math xmlns="http://www.w3.org/1998/Math/MathML">
            <apply>
              <times/>
              <ci> k1 </ci>
              <ci> S1 </ci>
              <ci> S2 </ci>
            </apply>
          </math>
        </kineticLaw>
      </reaction>
      <reaction id="reaction2" name="reaction2" reversible="false" fast="false">
        <listOfReactants>
          <speciesReference species="S3"/>
        </listOfReactants>
        <listOfProducts>
          <speciesReference species="S1"/>
          <speciesReference species="S2"/>
        </listOfProducts>
        <kineticLaw>
          <math xmlns="http://www.w3.org/1998/Math/MathML">
            <apply>
              <times/>
              <ci> k2 </ci>
              <ci> S3 </ci>
            </apply>
          </math>
        </kineticLaw>
      </reaction>
    </listOfReactions>
  </model>
</sbml>
