<?xml version="1.0" encoding="UTF-8"?>
<sbml xmlns="http://www.sbml.org/sbml/level2/version3" level="2" version="3">
  <model id="case000957" name="case000957">
    <notes>
      <body xmlns="http://www.w3.org/1999/xhtml">
        <p> Originally created by libAntimony v1.4 (using libSBML 5.0.0-a1) </p>
      </body>
    </notes>
    <listOfUnitDefinitions>
      <unitDefinition id="volume">
        <listOfUnits>
          <unit kind="litre"/>
        </listOfUnits>
      </unitDefinition>
      <unitDefinition id="time">
        <listOfUnits>
          <unit kind="second"/>
        </listOfUnits>
      </unitDefinition>
    </listOfUnitDefinitions>
    <listOfParameters>
      <parameter id="P1" constant="false"/>
      <parameter id="P3" constant="false"/>
      <parameter id="P4" constant="false"/>
      <parameter id="P5" constant="false"/>
      <parameter id="P6" constant="false"/>
      <parameter id="P7" constant="false"/>
      <parameter id="P8" constant="false"/>
      <parameter id="P9" constant="false"/>
      <parameter id="P10" constant="false"/>
      <parameter id="P11" constant="false"/>
      <parameter id="P12" constant="false"/>
      <parameter id="P13" constant="false"/>
      <parameter id="P14" constant="false"/>
      <parameter id="P15" constant="false"/>
      <parameter id="P16" constant="false"/>
      <parameter id="P17" constant="false"/>
      <parameter id="P18" constant="false"/>
      <parameter id="P19" constant="false"/>
      <parameter id="P20" constant="false"/>
      <parameter id="P21" constant="false"/>
      <parameter id="P22" constant="false"/>
      <parameter id="P23" constant="false"/>
      <parameter id="P24" constant="false"/>
      <parameter id="P25" constant="false"/>
      <parameter id="P26" constant="false"/>
      <parameter id="P27" constant="false"/>
      <parameter id="P28" constant="false"/>
      <parameter id="P29" constant="false"/>
    </listOfParameters>
    <listOfRules>
      <assignmentRule variable="P1">
        <math xmlns="http://www.w3.org/1998/Math/MathML">
          <pi/>
        </math>
      </assignmentRule>
      <assignmentRule variable="P3">
        <math xmlns="http://www.w3.org/1998/Math/MathML">
          <piecewise>
            <piece>
              <cn type="integer"> 2 </cn>
              <apply>
                <gt/>
                <cn type="integer"> 1 </cn>
                <cn> 0.5 </cn>
              </apply>
            </piece>
            <otherwise>
              <cn type="integer"> 3 </cn>
            </otherwise>
          </piecewise>
        </math>
      </assignmentRule>
      <assignmentRule variable="P4">
        <math xmlns="http://www.w3.org/1998/Math/MathML">
          <piecewise>
            <piece>
              <cn type="integer"> 2 </cn>
              <apply>
                <geq/>
                <cn type="integer"> 1 </cn>
                <cn> 0.5 </cn>
              </apply>
            </piece>
            <otherwise>
              <cn type="integer"> 3 </cn>
            </otherwise>
          </piecewise>
        </math>
      </assignmentRule>
      <assignmentRule variable="P5">
        <math xmlns="http://www.w3.org/1998/Math/MathML">
          <piecewise>
            <piece>
              <cn type="integer"> 2 </cn>
              <apply>
                <lt/>
                <cn type="integer"> 1 </cn>
                <cn> 0.5 </cn>
              </apply>
            </piece>
            <otherwise>
              <cn type="integer"> 3 </cn>
            </otherwise>
          </piecewise>
        </math>
      </assignmentRule>
      <assignmentRule variable="P6">
        <math xmlns="http://www.w3.org/1998/Math/MathML">
          <piecewise>
            <piece>
              <cn type="integer"> 2 </cn>
              <apply>
                <leq/>
                <cn type="integer"> 1 </cn>
                <cn> 0.5 </cn>
              </apply>
            </piece>
            <otherwise>
              <cn type="integer"> 3 </cn>
            </otherwise>
          </piecewise>
        </math>
      </assignmentRule>
      <assignmentRule variable="P7">
        <math xmlns="http://www.w3.org/1998/Math/MathML">
          <piecewise>
            <piece>
              <cn type="integer"> 2 </cn>
              <apply>
                <eq/>
                <ci> P1 </ci>
                <pi/>
              </apply>
            </piece>
            <otherwise>
              <cn type="integer"> 3 </cn>
            </otherwise>
          </piecewise>
        </math>
      </assignmentRule>
      <assignmentRule variable="P8">
        <math xmlns="http://www.w3.org/1998/Math/MathML">
          <piecewise>
            <piece>
              <cn type="integer"> 2 </cn>
              <apply>
                <neq/>
                <ci> P1 </ci>
                <pi/>
              </apply>
            </piece>
            <otherwise>
              <cn type="integer"> 3 </cn>
            </otherwise>
          </piecewise>
        </math>
      </assignmentRule>
      <assignmentRule variable="P9">
        <math xmlns="http://www.w3.org/1998/Math/MathML">
          <apply>
            <factorial/>
            <cn type="integer"> 4 </cn>
          </apply>
        </math>
      </assignmentRule>
      <assignmentRule variable="P10">
        <math xmlns="http://www.w3.org/1998/Math/MathML">
          <piecewise>
            <piece>
              <cn type="integer"> 2 </cn>
              <apply>
                <and/>
                <true/>
                <false/>
              </apply>
            </piece>
            <otherwise>
              <cn type="integer"> 3 </cn>
            </otherwise>
          </piecewise>
        </math>
      </assignmentRule>
      <assignmentRule variable="P11">
        <math xmlns="http://www.w3.org/1998/Math/MathML">
          <piecewise>
            <piece>
              <cn type="integer"> 2 </cn>
              <apply>
                <or/>
                <true/>
                <false/>
              </apply>
            </piece>
            <otherwise>
              <cn type="integer"> 3 </cn>
            </otherwise>
          </piecewise>
        </math>
      </assignmentRule>
      <assignmentRule variable="P12">
        <math xmlns="http://www.w3.org/1998/Math/MathML">
          <piecewise>
            <piece>
              <cn type="integer"> 2 </cn>
              <apply>
                <xor/>
                <true/>
                <false/>
              </apply>
            </piece>
            <otherwise>
              <cn type="integer"> 3 </cn>
            </otherwise>
          </piecewise>
        </math>
      </assignmentRule>
      <assignmentRule variable="P13">
        <math xmlns="http://www.w3.org/1998/Math/MathML">
          <piecewise>
            <piece>
              <cn type="integer"> 2 </cn>
              <apply>
                <not/>
                <false/>
              </apply>
            </piece>
            <otherwise>
              <cn type="integer"> 3 </cn>
            </otherwise>
          </piecewise>
        </math>
      </assignmentRule>
      <assignmentRule variable="P14">
        <math xmlns="http://www.w3.org/1998/Math/MathML">
          <apply>
            <sec/>
            <cn> 0.5 </cn>
          </apply>
        </math>
      </assignmentRule>
      <assignmentRule variable="P15">
        <math xmlns="http://www.w3.org/1998/Math/MathML">
          <apply>
            <csc/>
            <cn> 4.5 </cn>
          </apply>
        </math>
      </assignmentRule>
      <assignmentRule variable="P16">
        <math xmlns="http://www.w3.org/1998/Math/MathML">
          <apply>
            <cot/>
            <cn> 0.2 </cn>
          </apply>
        </math>
      </assignmentRule>
      <assignmentRule variable="P17">
        <math xmlns="http://www.w3.org/1998/Math/MathML">
          <apply>
            <sinh/>
            <cn> 0.3 </cn>
          </apply>
        </math>
      </assignmentRule>
      <assignmentRule variable="P18">
        <math xmlns="http://www.w3.org/1998/Math/MathML">
          <apply>
            <cosh/>
            <cn> 1.7 </cn>
          </apply>
        </math>
      </assignmentRule>
      <assignmentRule variable="P19">
        <math xmlns="http://www.w3.org/1998/Math/MathML">
          <apply>
            <arcsec/>
            <cn> 2.3 </cn>
          </apply>
        </math>
      </assignmentRule>
      <assignmentRule variable="P20">
        <math xmlns="http://www.w3.org/1998/Math/MathML">
          <apply>
            <arccsc/>
            <cn> 1.1 </cn>
          </apply>
        </math>
      </assignmentRule>
      <assignmentRule variable="P21">
        <math xmlns="http://www.w3.org/1998/Math/MathML">
          <apply>
            <arccot/>
            <cn> -0.1 </cn>
          </apply>
        </math>
      </assignmentRule>
      <assignmentRule variable="P22">
        <math xmlns="http://www.w3.org/1998/Math/MathML">
          <apply>
            <arcsinh/>
            <cn type="integer"> 99 </cn>
          </apply>
        </math>
      </assignmentRule>
      <assignmentRule variable="P23">
        <math xmlns="http://www.w3.org/1998/Math/MathML">
          <apply>
            <arccosh/>
            <cn> 1.34 </cn>
          </apply>
        </math>
      </assignmentRule>
      <assignmentRule variable="P24">
        <math xmlns="http://www.w3.org/1998/Math/MathML">
          <apply>
            <arctanh/>
            <cn> -0.7 </cn>
          </apply>
        </math>
      </assignmentRule>
      <assignmentRule variable="P25">
        <math xmlns="http://www.w3.org/1998/Math/MathML">
          <apply>
            <arcsech/>
            <cn> 0.42 </cn>
          </apply>
        </math>
      </assignmentRule>
      <assignmentRule variable="P26">
        <math xmlns="http://www.w3.org/1998/Math/MathML">
          <apply>
            <arccsch/>
            <cn> 0.01 </cn>
          </apply>
        </math>
      </assignmentRule>
      <assignmentRule variable="P27">
        <math xmlns="http://www.w3.org/1998/Math/MathML">
          <apply>
            <arccoth/>
            <cn> 8.2 </cn>
          </apply>
        </math>
      </assignmentRule>
      <assignmentRule variable="P28">
        <math xmlns="http://www.w3.org/1998/Math/MathML">
          <exponentiale/>
        </math>
      </assignmentRule>
      <assignmentRule variable="P29">
        <math xmlns="http://www.w3.org/1998/Math/MathML">
          <apply>
            <exp/>
            <exponentiale/>
          </apply>
        </math>
      </assignmentRule>
    </listOfRules>
  </model>
</sbml>
