<?xml version="1.0" encoding="utf-8"?>
<!-- Written by libSedML v1.1.5123.24255 see http://libsedml.sf.net -->
<sedML level="1" version="1" xmlns="http://sed-ml.org/">
  <listOfSimulations>
    <uniformTimeCourse id="simulation_1" initialTime="0" outputStartTime="0" outputEndTime="10" numberOfPoints="10">
      <algorithm kisaoID="KISAO:0000019" />
    </uniformTimeCourse>
  </listOfSimulations>
  <listOfModels>
    <model id="model_1" language="urn:sedml:language:sbml" source="01119-sbml-l3v1.xml" />
  </listOfModels>
  <listOfTasks>
    <task id="task_1" modelReference="model_1" simulationReference="simulation_1" />
  </listOfTasks>
  <listOfDataGenerators>
    <dataGenerator id="time_1" name="time">
      <listOfVariables>
        <variable id="time" taskReference="task_1" symbol="urn:sedml:symbol:time" />
      </listOfVariables>
      <math xmlns="http://www.w3.org/1998/Math/MathML">
        <ci> time </ci>
      </math>
    </dataGenerator>
    <dataGenerator id="e1_1" name="e1">
      <listOfVariables>
        <variable id="e1" name="e1" taskReference="task_1" target="/sbml:sbml/sbml:model/sbml:listOfParameters/sbml:parameter[@id='e1']" />
      </listOfVariables>
      <math xmlns="http://www.w3.org/1998/Math/MathML">
        <ci> e1 </ci>
      </math>
    </dataGenerator>
    <dataGenerator id="e2_1" name="e2">
      <listOfVariables>
        <variable id="e2" name="e2" taskReference="task_1" target="/sbml:sbml/sbml:model/sbml:listOfParameters/sbml:parameter[@id='e2']" />
      </listOfVariables>
      <math xmlns="http://www.w3.org/1998/Math/MathML">
        <ci> e2 </ci>
      </math>
    </dataGenerator>
  </listOfDataGenerators>
  <listOfOutputs>
    <plot2D id="plot_1" name="Timecourse for test 01119">
      <listOfCurves>
        <curve id="c_e1_1" name="e1" logX="false" logY="false" xDataReference="time_1" yDataReference="e1_1" />
        <curve id="c_e2_1" name="e2" logX="false" logY="false" xDataReference="time_1" yDataReference="e2_1" />
      </listOfCurves>
    </plot2D>
    <report id="report_1" name="Report for test 01119">
      <listOfDataSets>
        <dataSet id="ds_time" dataReference="time_1" label="Time" />
        <dataSet id="ds_e1_1" dataReference="e1_1" label="e1" />
        <dataSet id="ds_e2_1" dataReference="e2_1" label="e2" />
      </listOfDataSets>
    </report>
  </listOfOutputs>
</sedML>