<?xml version="1.0" encoding="UTF-8"?>
<sbml xmlns="http://www.sbml.org/sbml/level3/version1/core" level="3" version="1">
  <model metaid="_case00925" id="case00925" name="case00925" timeUnits="time">
    <listOfUnitDefinitions>
      <unitDefinition id="time">
        <listOfUnits>
          <unit kind="second" exponent="1" scale="0" multiplier="1"/>
        </listOfUnits>
      </unitDefinition>
    </listOfUnitDefinitions>
    <listOfParameters>
      <parameter id="k1" name="k1" value="0.6" constant="false"/>
      <parameter id="k2" name="k2" value="0.2" constant="true"/>
    </listOfParameters>
    <listOfRules>
      <assignmentRule metaid="rule1" variable="k1">
        <math xmlns="http://www.w3.org/1998/Math/MathML">
          <apply>
            <times/>
            <cn type="integer"> 3 </cn>
            <ci> k2 </ci>
          </apply>
        </math>
      </assignmentRule>
    </listOfRules>
  </model>
</sbml>
