<?xml version="1.0" encoding="UTF-8"?>
<sbml xmlns="http://www.sbml.org/sbml/level2/version4" level="2" version="4">
  <model metaid="_case00905" id="case00905" name="case00905">
    <listOfCompartments>
      <compartment id="c" name="c" spatialDimensions="1" size="0.00015" units="length" constant="false"/>
    </listOfCompartments>
    <listOfRules>
      <rateRule metaid="rule1" variable="c">
        <math xmlns="http://www.w3.org/1998/Math/MathML">
          <apply>
            <times/>
            <cn> 0.1 </cn>
            <ci> c </ci>
          </apply>
        </math>
      </rateRule>
    </listOfRules>
  </model>
</sbml>
