<?xml version="1.0" encoding="UTF-8"?>
<sbml xmlns="http://www.sbml.org/sbml/level2/version4" level="2" version="4">
  <model metaid="_case00849" id="case00849" name="case00849">
    <listOfCompartments>
      <compartment id="C" name="C" size="1" units="volume"/>
    </listOfCompartments>
    <listOfSpecies>
      <species id="S1" name="S1" compartment="C" initialAmount="1" substanceUnits="substance"/>
      <species id="S2" name="S2" compartment="C" initialAmount="2" substanceUnits="substance"/>
      <species id="S3" name="S3" compartment="C" initialAmount="1" substanceUnits="substance"/>
      <species id="S4" name="S4" compartment="C" initialAmount="1.5" substanceUnits="substance"/>
    </listOfSpecies>
    <listOfParameters>
      <parameter id="k1" name="k1" value="0.75"/>
      <parameter id="k2" name="k2" value="0.15"/>
      <parameter id="kf" name="kf" value="0.9"/>
      <parameter id="kr" name="kr" value="0.075"/>
    </listOfParameters>
    <listOfReactions>
      <reaction id="reaction1" name="reaction1" fast="false">
        <listOfReactants>
          <speciesReference species="S1"/>
        </listOfReactants>
        <listOfProducts>
          <speciesReference species="S2"/>
        </listOfProducts>
        <kineticLaw>
          <math xmlns="http://www.w3.org/1998/Math/MathML">
            <apply>
              <times/>
              <ci> C </ci>
              <apply>
                <plus/>
                <apply>
                  <times/>
                  <ci> kf </ci>
                  <ci> S1 </ci>
                </apply>
                <apply>
                  <times/>
                  <cn type="integer"> -1 </cn>
                  <ci> kr </ci>
                  <ci> S2 </ci>
                </apply>
              </apply>
            </apply>
          </math>
        </kineticLaw>
      </reaction>
      <reaction id="reaction2" name="reaction2" fast="false">
        <listOfReactants>
          <speciesReference species="S3"/>
        </listOfReactants>
        <listOfProducts>
          <speciesReference species="S4"/>
        </listOfProducts>
        <kineticLaw>
          <math xmlns="http://www.w3.org/1998/Math/MathML">
            <apply>
              <times/>
              <ci> C </ci>
              <apply>
                <plus/>
                <apply>
                  <times/>
                  <ci> k1 </ci>
                  <ci> S3 </ci>
                </apply>
                <apply>
                  <times/>
                  <cn type="integer"> -1 </cn>
                  <ci> k2 </ci>
                  <ci> S4 </ci>
                </apply>
              </apply>
            </apply>
          </math>
        </kineticLaw>
      </reaction>
    </listOfReactions>
    <listOfEvents>
      <event id="event1" name="event1">
        <trigger>
          <math xmlns="http://www.w3.org/1998/Math/MathML">
            <apply>
              <lt/>
              <ci> S1 </ci>
              <cn> 0.5 </cn>
            </apply>
          </math>
        </trigger>
        <delay>
          <math xmlns="http://www.w3.org/1998/Math/MathML">
            <cn> 1.89 </cn>
          </math>
        </delay>
        <listOfEventAssignments>
          <eventAssignment variable="S2">
            <math xmlns="http://www.w3.org/1998/Math/MathML">
              <cn> 1.5 </cn>
            </math>
          </eventAssignment>
          <eventAssignment variable="S4">
            <math xmlns="http://www.w3.org/1998/Math/MathML">
              <ci> S2 </ci>
            </math>
          </eventAssignment>
        </listOfEventAssignments>
      </event>
    </listOfEvents>
  </model>
</sbml>
