<?xml version="1.0" encoding="UTF-8"?>
<!-- Generated 6-February-2009 10:42:02.6250000 -->
<!-- Generated by MathSBML 2.7.5 [2-May-2008] -->
<!-- Generated using Mathematica Version 5.2 for Microsoft Windows (June 20, 2005) -->
<sbml xmlns="http://www.sbml.org/sbml/level2/version3"
    level="2"
    version="3">
 <model id="case00095"
     name="case00095"
     metaid="_case00095">
  <listOfFunctionDefinitions>
   <functionDefinition id="multiply"
       name="multiply">
    <math xmlns="http://www.w3.org/1998/Math/MathML">
     <lambda>
      <bvar>
       <ci>x</ci>
      </bvar>
      <bvar>
       <ci>y</ci>
      </bvar>
      <apply>
       <times/>
       <ci>x</ci>
       <ci>y</ci>
      </apply>
     </lambda>
    </math>
   </functionDefinition>
  </listOfFunctionDefinitions>
  <!-- <listOfUnitDefinitions/> -->
  <!-- <listOfCompartmentTypes/> -->
  <!-- <listOfSpeciesTypes/> -->
  <listOfCompartments>
   <compartment id="compartment"
       name="compartment"
       spatialDimensions="2"
       units="area"
       size="1."/>
  </listOfCompartments>
  <listOfSpecies>
   <species id="S1"
       name="S1"
       compartment="compartment"
       boundaryCondition="false"
       constant="false"
       initialAmount="0.00015000000000000001"
       substanceUnits="substance"
       hasOnlySubstanceUnits="false"/>
   <species id="S2"
       name="S2"
       compartment="compartment"
       boundaryCondition="false"
       constant="false"
       initialAmount="0.00015000000000000001"
       substanceUnits="substance"
       hasOnlySubstanceUnits="false"/>
  </listOfSpecies>
  <listOfParameters>
   <parameter id="k1"
       name="k1"
       value="1."/>
  </listOfParameters>
  <!-- <listOfInitialAssignments/> -->
  <!-- <listOfRules/> -->
  <!-- <listOfConstraints/> -->
  <listOfReactions>
   <reaction id="reaction1"
       name="reaction1"
       reversible="false"
       fast="false">
    <listOfReactants>
     <speciesReference species="S1"/>
    </listOfReactants>
    <listOfProducts>
     <speciesReference species="S2"/>
    </listOfProducts>
    <!-- <listOfModifiers/> -->
    <kineticLaw>
     <math xmlns="http://www.w3.org/1998/Math/MathML">
      <apply>
       <times/>
       <ci>compartment</ci>
       <apply>
        <ci>multiply</ci>
        <ci>k1</ci>
        <ci>S1</ci>
       </apply>
      </apply>
     </math>
     <!-- <listOfParameters/> -->
    </kineticLaw>
   </reaction>
  </listOfReactions>
  <!-- <listOfEvents/> -->
 </model>
</sbml>