<?xml version="1.0" encoding="UTF-8"?>
<!-- Generated 7-February-2008 16:09:24.1406250 -->
<!-- Generated by MathSBML 2.7.1 (7 December 2007) -->
<!-- Generated using Mathematica Version 5.2 for Microsoft Windows (June 20, 2005) -->
<sbml xmlns="http://www.sbml.org/sbml/level2/version3"
    level="2"
    version="3">
 <model id="case00056"
     name="case00056"
     metaid="_case00056">
  <!-- <listOfFunctionDefinitions/> -->
  <!-- <listOfUnitDefinitions/> -->
  <!-- <listOfCompartmentTypes/> -->
  <!-- <listOfSpeciesTypes/> -->
  <listOfCompartments>
   <compartment id="compartment"
       name="compartment"
       spatialDimensions="3"
       units="volume"
       size="1"/>
   <compartment id="compartment1"
       name="compartment1"
       spatialDimensions="3"
       units="volume"
       size="1"/>
  </listOfCompartments>
  <listOfSpecies>
   <species id="S1"
       name="S1"
       compartment="compartment1"
       boundaryCondition="false"
       constant="false"
       initialAmount="1."
       substanceUnits="substance"
       hasOnlySubstanceUnits="false"/>
   <species id="S3"
       name="S3"
       compartment="compartment1"
       boundaryCondition="false"
       constant="false"
       initialAmount="0"
       substanceUnits="substance"
       hasOnlySubstanceUnits="false"/>
  </listOfSpecies>
  <listOfParameters>
   <parameter id="k1"
       name="k1"
       value="0.75"/>
   <parameter id="k2"
       name="k2"
       value="0.25"/>
  </listOfParameters>
  <!-- <listOfInitialAssignments/> -->
  <!-- <listOfRules/> -->
  <!-- <listOfConstraints/> -->
  <listOfReactions>
   <reaction id="reaction1"
       name="reaction1"
       reversible="false"
       fast="false">
    <listOfReactants>
     <speciesReference species="S1"/>
    </listOfReactants>
    <listOfProducts>
     <speciesReference species="S3"/>
    </listOfProducts>
    <!-- <listOfModifiers/> -->
    <kineticLaw>
     <math xmlns="http://www.w3.org/1998/Math/MathML">
      <apply>
       <times/>
       <ci>compartment</ci>
       <ci>k1</ci>
       <ci>S1</ci>
      </apply>
     </math>
     <!-- <listOfParameters/> -->
    </kineticLaw>
   </reaction>
   <reaction id="reaction2"
       name="reaction2"
       reversible="true"
       fast="false">
    <listOfReactants>
     <speciesReference species="S3"/>
    </listOfReactants>
    <listOfProducts>
     <speciesReference species="S1"/>
    </listOfProducts>
    <!-- <listOfModifiers/> -->
    <kineticLaw>
     <math xmlns="http://www.w3.org/1998/Math/MathML">
      <apply>
       <times/>
       <ci>compartment1</ci>
       <ci>k2</ci>
       <apply>
        <plus/>
        <ci>S3</ci>
        <apply>
         <times/>
         <cn type="integer">-1</cn>
         <ci>S1</ci>
        </apply>
       </apply>
      </apply>
     </math>
     <!-- <listOfParameters/> -->
    </kineticLaw>
   </reaction>
  </listOfReactions>
  <!-- <listOfEvents/> -->
 </model>
</sbml>
