<?xml version="1.0" encoding="UTF-8"?>
<!-- Created by libAntimony version v1.4 on 2011-02-17 15:24 with libSBML version 4.2.0. -->
<sbml xmlns="http://www.sbml.org/sbml/level3/version1/core" level="3" version="1">
  <model id="case00978" name="case00978">
    <listOfParameters>
      <parameter id="multitrig" value="0" constant="false"/>
      <parameter id="x" value="0" constant="false"/>
      <parameter id="y" value="0" constant="false"/>
      <parameter id="z" value="0" constant="false"/>
    </listOfParameters>
    <listOfEvents>
      <event id="_E0" useValuesFromTriggerTime="true">
        <trigger initialValue="true" persistent="true">
          <math xmlns="http://www.w3.org/1998/Math/MathML">
            <apply>
              <geq/>
              <csymbol encoding="text" definitionURL="http://www.sbml.org/sbml/symbols/time"> time </csymbol>
              <cn> 0.99 </cn>
            </apply>
          </math>
        </trigger>
        <priority>
          <math xmlns="http://www.w3.org/1998/Math/MathML">
            <cn type="integer"> 10 </cn>
          </math>
        </priority>
        <listOfEventAssignments>
          <eventAssignment variable="multitrig">
            <math xmlns="http://www.w3.org/1998/Math/MathML">
              <cn type="integer"> 2 </cn>
            </math>
          </eventAssignment>
        </listOfEventAssignments>
      </event>
      <event id="_E1" useValuesFromTriggerTime="true">
        <trigger initialValue="true" persistent="true">
          <math xmlns="http://www.w3.org/1998/Math/MathML">
            <apply>
              <geq/>
              <csymbol encoding="text" definitionURL="http://www.sbml.org/sbml/symbols/time"> time </csymbol>
              <cn> 0.99 </cn>
            </apply>
          </math>
        </trigger>
        <priority>
          <math xmlns="http://www.w3.org/1998/Math/MathML">
            <cn type="integer"> 9 </cn>
          </math>
        </priority>
        <listOfEventAssignments>
          <eventAssignment variable="multitrig">
            <math xmlns="http://www.w3.org/1998/Math/MathML">
              <cn type="integer"> 0 </cn>
            </math>
          </eventAssignment>
        </listOfEventAssignments>
      </event>
      <event id="_E2" useValuesFromTriggerTime="true">
        <trigger initialValue="true" persistent="true">
          <math xmlns="http://www.w3.org/1998/Math/MathML">
            <apply>
              <geq/>
              <csymbol encoding="text" definitionURL="http://www.sbml.org/sbml/symbols/time"> time </csymbol>
              <cn> 0.99 </cn>
            </apply>
          </math>
        </trigger>
        <priority>
          <math xmlns="http://www.w3.org/1998/Math/MathML">
            <cn type="integer"> 8 </cn>
          </math>
        </priority>
        <listOfEventAssignments>
          <eventAssignment variable="multitrig">
            <math xmlns="http://www.w3.org/1998/Math/MathML">
              <cn type="integer"> 2 </cn>
            </math>
          </eventAssignment>
        </listOfEventAssignments>
      </event>
      <event id="_E3" useValuesFromTriggerTime="true">
        <trigger initialValue="true" persistent="true">
          <math xmlns="http://www.w3.org/1998/Math/MathML">
            <apply>
              <geq/>
              <csymbol encoding="text" definitionURL="http://www.sbml.org/sbml/symbols/time"> time </csymbol>
              <cn> 0.99 </cn>
            </apply>
          </math>
        </trigger>
        <priority>
          <math xmlns="http://www.w3.org/1998/Math/MathML">
            <cn type="integer"> 7 </cn>
          </math>
        </priority>
        <listOfEventAssignments>
          <eventAssignment variable="multitrig">
            <math xmlns="http://www.w3.org/1998/Math/MathML">
              <cn type="integer"> 0 </cn>
            </math>
          </eventAssignment>
        </listOfEventAssignments>
      </event>
      <event id="_E4" useValuesFromTriggerTime="true">
        <trigger initialValue="true" persistent="true">
          <math xmlns="http://www.w3.org/1998/Math/MathML">
            <apply>
              <geq/>
              <csymbol encoding="text" definitionURL="http://www.sbml.org/sbml/symbols/time"> time </csymbol>
              <cn> 0.99 </cn>
            </apply>
          </math>
        </trigger>
        <priority>
          <math xmlns="http://www.w3.org/1998/Math/MathML">
            <cn type="integer"> 6 </cn>
          </math>
        </priority>
        <listOfEventAssignments>
          <eventAssignment variable="multitrig">
            <math xmlns="http://www.w3.org/1998/Math/MathML">
              <cn type="integer"> 2 </cn>
            </math>
          </eventAssignment>
        </listOfEventAssignments>
      </event>
      <event id="_E5" useValuesFromTriggerTime="true">
        <trigger initialValue="true" persistent="true">
          <math xmlns="http://www.w3.org/1998/Math/MathML">
            <apply>
              <geq/>
              <csymbol encoding="text" definitionURL="http://www.sbml.org/sbml/symbols/time"> time </csymbol>
              <cn> 0.99 </cn>
            </apply>
          </math>
        </trigger>
        <priority>
          <math xmlns="http://www.w3.org/1998/Math/MathML">
            <cn type="integer"> 5 </cn>
          </math>
        </priority>
        <listOfEventAssignments>
          <eventAssignment variable="multitrig">
            <math xmlns="http://www.w3.org/1998/Math/MathML">
              <cn type="integer"> 0 </cn>
            </math>
          </eventAssignment>
        </listOfEventAssignments>
      </event>
      <event id="_E6" useValuesFromTriggerTime="true">
        <trigger initialValue="true" persistent="true">
          <math xmlns="http://www.w3.org/1998/Math/MathML">
            <apply>
              <geq/>
              <csymbol encoding="text" definitionURL="http://www.sbml.org/sbml/symbols/time"> time </csymbol>
              <cn> 0.99 </cn>
            </apply>
          </math>
        </trigger>
        <priority>
          <math xmlns="http://www.w3.org/1998/Math/MathML">
            <cn type="integer"> 4 </cn>
          </math>
        </priority>
        <listOfEventAssignments>
          <eventAssignment variable="multitrig">
            <math xmlns="http://www.w3.org/1998/Math/MathML">
              <cn type="integer"> 2 </cn>
            </math>
          </eventAssignment>
        </listOfEventAssignments>
      </event>
      <event id="_E7" useValuesFromTriggerTime="true">
        <trigger initialValue="true" persistent="true">
          <math xmlns="http://www.w3.org/1998/Math/MathML">
            <apply>
              <geq/>
              <csymbol encoding="text" definitionURL="http://www.sbml.org/sbml/symbols/time"> time </csymbol>
              <cn> 0.99 </cn>
            </apply>
          </math>
        </trigger>
        <priority>
          <math xmlns="http://www.w3.org/1998/Math/MathML">
            <cn type="integer"> 3 </cn>
          </math>
        </priority>
        <listOfEventAssignments>
          <eventAssignment variable="multitrig">
            <math xmlns="http://www.w3.org/1998/Math/MathML">
              <cn type="integer"> 0 </cn>
            </math>
          </eventAssignment>
        </listOfEventAssignments>
      </event>
      <event id="_E8" useValuesFromTriggerTime="true">
        <trigger initialValue="true" persistent="true">
          <math xmlns="http://www.w3.org/1998/Math/MathML">
            <apply>
              <geq/>
              <csymbol encoding="text" definitionURL="http://www.sbml.org/sbml/symbols/time"> time </csymbol>
              <cn> 0.99 </cn>
            </apply>
          </math>
        </trigger>
        <priority>
          <math xmlns="http://www.w3.org/1998/Math/MathML">
            <cn type="integer"> 2 </cn>
          </math>
        </priority>
        <listOfEventAssignments>
          <eventAssignment variable="multitrig">
            <math xmlns="http://www.w3.org/1998/Math/MathML">
              <cn type="integer"> 2 </cn>
            </math>
          </eventAssignment>
        </listOfEventAssignments>
      </event>
      <event id="_E9" useValuesFromTriggerTime="false">
        <trigger initialValue="true" persistent="true">
          <math xmlns="http://www.w3.org/1998/Math/MathML">
            <apply>
              <gt/>
              <ci> multitrig </ci>
              <cn type="integer"> 1 </cn>
            </apply>
          </math>
        </trigger>
        <priority>
          <math xmlns="http://www.w3.org/1998/Math/MathML">
            <cn type="integer"> 1 </cn>
          </math>
        </priority>
        <listOfEventAssignments>
          <eventAssignment variable="x">
            <math xmlns="http://www.w3.org/1998/Math/MathML">
              <apply>
                <plus/>
                <ci> x </ci>
                <cn type="integer"> 1 </cn>
              </apply>
            </math>
          </eventAssignment>
        </listOfEventAssignments>
      </event>
      <event id="_E10" useValuesFromTriggerTime="true">
        <trigger initialValue="true" persistent="true">
          <math xmlns="http://www.w3.org/1998/Math/MathML">
            <apply>
              <gt/>
              <ci> multitrig </ci>
              <cn type="integer"> 1 </cn>
            </apply>
          </math>
        </trigger>
        <priority>
          <math xmlns="http://www.w3.org/1998/Math/MathML">
            <cn type="integer"> 1 </cn>
          </math>
        </priority>
        <listOfEventAssignments>
          <eventAssignment variable="y">
            <math xmlns="http://www.w3.org/1998/Math/MathML">
              <apply>
                <plus/>
                <ci> y </ci>
                <cn type="integer"> 1 </cn>
              </apply>
            </math>
          </eventAssignment>
        </listOfEventAssignments>
      </event>
      <event id="_E11" useValuesFromTriggerTime="false">
        <trigger initialValue="true" persistent="false">
          <math xmlns="http://www.w3.org/1998/Math/MathML">
            <apply>
              <gt/>
              <ci> multitrig </ci>
              <cn type="integer"> 1 </cn>
            </apply>
          </math>
        </trigger>
        <priority>
          <math xmlns="http://www.w3.org/1998/Math/MathML">
            <cn type="integer"> 1 </cn>
          </math>
        </priority>
        <listOfEventAssignments>
          <eventAssignment variable="z">
            <math xmlns="http://www.w3.org/1998/Math/MathML">
              <apply>
                <plus/>
                <ci> z </ci>
                <cn type="integer"> 3 </cn>
              </apply>
            </math>
          </eventAssignment>
        </listOfEventAssignments>
      </event>
    </listOfEvents>
  </model>
</sbml>
