<?xml version="1.0" encoding="UTF-8"?>
<sbml xmlns="http://www.sbml.org/sbml/level3/version1/core" level="3" version="1">
  <model metaid="_case00294" id="case00294" name="case00294" timeUnits="time">
    <listOfUnitDefinitions>
      <unitDefinition id="volume">
        <listOfUnits>
          <unit kind="litre" exponent="1" scale="0" multiplier="1"/>
        </listOfUnits>
      </unitDefinition>
      <unitDefinition id="substance">
        <listOfUnits>
          <unit kind="mole" exponent="1" scale="0" multiplier="1"/>
        </listOfUnits>
      </unitDefinition>
      <unitDefinition id="time">
        <listOfUnits>
          <unit kind="second" exponent="1" scale="0" multiplier="1"/>
        </listOfUnits>
      </unitDefinition>
    </listOfUnitDefinitions>
    <listOfCompartments>
      <compartment id="compartment" name="compartment" spatialDimensions="3" size="1" units="volume" constant="true"/>
      <compartment id="compartment1" name="compartment1" spatialDimensions="3" size="1" units="volume" constant="true"/>
    </listOfCompartments>
    <listOfSpecies>
      <species id="S1" name="S1" compartment="compartment1" initialAmount="1" substanceUnits="substance" hasOnlySubstanceUnits="false" boundaryCondition="false" constant="false"/>
      <species id="S3" name="S3" compartment="compartment1" initialAmount="0" substanceUnits="substance" hasOnlySubstanceUnits="false" boundaryCondition="false" constant="false"/>
      <species id="S5" name="S5" compartment="compartment1" substanceUnits="substance" hasOnlySubstanceUnits="false" boundaryCondition="false" constant="false"/>
    </listOfSpecies>
    <listOfParameters>
      <parameter id="k1" name="k1" value="0.75" constant="true"/>
      <parameter id="k2" name="k2" value="0.25" constant="true"/>
      <parameter id="k4" name="k4" value="0.5" constant="true"/>
    </listOfParameters>
    <listOfRules>
      <assignmentRule metaid="rule1" variable="S5">
        <math xmlns="http://www.w3.org/1998/Math/MathML">
          <apply>
            <times/>
            <ci> k4 </ci>
            <ci> S3 </ci>
          </apply>
        </math>
      </assignmentRule>
    </listOfRules>
    <listOfReactions>
      <reaction id="reaction1" name="reaction1" reversible="false" fast="false">
        <listOfReactants>
          <speciesReference species="S1" stoichiometry="1" constant="true"/>
        </listOfReactants>
        <listOfProducts>
          <speciesReference species="S3" stoichiometry="1" constant="true"/>
        </listOfProducts>
        <kineticLaw>
          <math xmlns="http://www.w3.org/1998/Math/MathML">
            <apply>
              <times/>
              <ci> compartment </ci>
              <ci> k1 </ci>
              <ci> S1 </ci>
            </apply>
          </math>
        </kineticLaw>
      </reaction>
      <reaction id="reaction2" name="reaction2" reversible="true" fast="false">
        <listOfReactants>
          <speciesReference species="S3" stoichiometry="1" constant="true"/>
        </listOfReactants>
        <listOfProducts>
          <speciesReference species="S1" stoichiometry="1" constant="true"/>
        </listOfProducts>
        <kineticLaw>
          <math xmlns="http://www.w3.org/1998/Math/MathML">
            <apply>
              <times/>
              <ci> compartment1 </ci>
              <ci> k2 </ci>
              <apply>
                <plus/>
                <ci> S3 </ci>
                <apply>
                  <times/>
                  <cn type="integer"> -1 </cn>
                  <ci> S1 </ci>
                </apply>
              </apply>
            </apply>
          </math>
        </kineticLaw>
      </reaction>
    </listOfReactions>
  </model>
</sbml>
