<?xml version="1.0" encoding="UTF-8"?>
<sbml xmlns="http://www.sbml.org/sbml/level2/version2" level="2" version="2">
  <model metaid="_case00913" id="case00913" name="case00913">
    <listOfCompartments>
      <compartment id="c" name="c" size="2" units="volume" constant="false"/>
    </listOfCompartments>
    <listOfInitialAssignments>
      <initialAssignment symbol="c">
        <math xmlns="http://www.w3.org/1998/Math/MathML">
          <apply>
            <divide/>
            <cn> 3 </cn>
            <cn> 2 </cn>
          </apply>
        </math>
      </initialAssignment>
    </listOfInitialAssignments>
    <listOfRules>
      <rateRule metaid="rule1" variable="c">
        <math xmlns="http://www.w3.org/1998/Math/MathML">
          <apply>
            <times/>
            <cn> 0.25 </cn>
            <ci> c </ci>
          </apply>
        </math>
      </rateRule>
    </listOfRules>
  </model>
</sbml>
