<?xml version="1.0" encoding="UTF-8"?>
<sbml xmlns="http://www.sbml.org/sbml/level2" level="2" version="1">
  <model metaid="_case01027" id="case01027" name="case01027">
    <listOfCompartments>
      <compartment id="C" name="C" size="1" units="volume"/>
    </listOfCompartments>
    <listOfSpecies>
      <species id="S1" name="S1" compartment="C" initialAmount="1" substanceUnits="substance"/>
      <species id="S2" name="S2" compartment="C" initialAmount="0" substanceUnits="substance"/>
    </listOfSpecies>
    <listOfParameters>
      <parameter id="kf" name="kf" value="0.9"/>
      <parameter id="kr" name="kr" value="0.075"/>
      <parameter id="p1" name="p1" value="0.5"/>
    </listOfParameters>
    <listOfReactions>
      <reaction id="reaction1" name="reaction1" fast="false">
        <listOfReactants>
          <speciesReference species="S2">
            <stoichiometryMath>
              <math xmlns="http://www.w3.org/1998/Math/MathML">
                <apply>
                  <times/>
                  <cn type="integer"> 4 </cn>
                  <ci> p1 </ci>
                </apply>
              </math>
            </stoichiometryMath>
          </speciesReference>
        </listOfReactants>
        <listOfProducts>
          <speciesReference species="S1"/>
        </listOfProducts>
        <kineticLaw>
          <math xmlns="http://www.w3.org/1998/Math/MathML">
            <apply>
              <minus/>
              <apply>
                <times/>
                <ci> C </ci>
                <apply>
                  <plus/>
                  <apply>
                    <times/>
                    <ci> kf </ci>
                    <ci> S1 </ci>
                  </apply>
                  <apply>
                    <times/>
                    <cn type="integer"> -1 </cn>
                    <ci> kr </ci>
                    <ci> S2 </ci>
                  </apply>
                </apply>
              </apply>
            </apply>
          </math>
        </kineticLaw>
      </reaction>
    </listOfReactions>
  </model>
</sbml>
