<?xml version="1.0" encoding="UTF-8"?>
<sbml xmlns="http://www.sbml.org/sbml/level2/version2" level="2" version="2">
  <model id="case_01118" name="case_01118">
    <listOfCompartments>
      <compartment id="C" size="1" constant="false"/>
    </listOfCompartments>
    <listOfSpecies>
      <species id="S1" compartment="C" initialConcentration="1" boundaryCondition="true" constant="true"/>
    </listOfSpecies>
    <listOfRules>
      <rateRule variable="C">
        <math xmlns="http://www.w3.org/1998/Math/MathML">
          <cn type="integer"> 1 </cn>
        </math>
      </rateRule>
    </listOfRules>
  </model>
</sbml>
