<?xml version="1.0" encoding="UTF-8"?>
<sbml xmlns="http://www.sbml.org/sbml/level3/version1/core" level="3" version="1">
  <model id="case00974" name="case00974">
    <listOfCompartments>
      <compartment sboTerm="SBO:0000410" id="default_compartment" spatialDimensions="3" size="1" constant="true"/>
    </listOfCompartments>
    <listOfSpecies>
      <species id="X" compartment="default_compartment" initialConcentration="0" hasOnlySubstanceUnits="false" boundaryCondition="false" constant="false"/>
    </listOfSpecies>
    <listOfParameters>
      <parameter id="Y" value="0" constant="false"/>
      <parameter id="Z" value="0" constant="false"/>
      <parameter id="Q" value="0" constant="true"/>
      <parameter id="k1" value="1" constant="true"/>
    </listOfParameters>
    <listOfInitialAssignments>
      <initialAssignment symbol="Q">
        <math xmlns="http://www.w3.org/1998/Math/MathML">
          <ci> Xref </ci>
        </math>
      </initialAssignment>
    </listOfInitialAssignments>
    <listOfRules>
      <rateRule variable="Y">
        <math xmlns="http://www.w3.org/1998/Math/MathML">
          <ci> Xref </ci>
        </math>
      </rateRule>
      <assignmentRule variable="Z">
        <math xmlns="http://www.w3.org/1998/Math/MathML">
          <ci> Xref </ci>
        </math>
      </assignmentRule>
    </listOfRules>
    <listOfReactions>
      <reaction id="J0" reversible="true" fast="false">
        <listOfProducts>
          <speciesReference id="Xref" species="X" stoichiometry="1" constant="false"/>
        </listOfProducts>
        <kineticLaw>
          <math xmlns="http://www.w3.org/1998/Math/MathML">
            <ci> k1 </ci>
          </math>
        </kineticLaw>
      </reaction>
    </listOfReactions>
  </model>
</sbml>
