<?xml version="1.0" encoding="UTF-8"?>
<sbml xmlns="http://www.sbml.org/sbml/level2" level="2" version="1">
  <model id="case00944" name="case00944">
    <listOfCompartments>
      <compartment id="C" size="1"/>
    </listOfCompartments>
    <listOfSpecies>
      <species id="S1" compartment="C" initialAmount="1"/>
    </listOfSpecies>
    <listOfParameters>
      <parameter id="k1" value="1" constant="false"/>
    </listOfParameters>
    <listOfReactions>
      <reaction id="reaction1" reversible="false" fast="false">
        <listOfProducts>
          <speciesReference species="S1"/>
        </listOfProducts>
        <kineticLaw>
          <math xmlns="http://www.w3.org/1998/Math/MathML">
            <apply>
              <divide/>
              <apply>
                <times/>
                <ci> C </ci>
                <ci> k1 </ci>
              </apply>
              <ci> S1 </ci>
            </apply>
          </math>
        </kineticLaw>
      </reaction>
    </listOfReactions>
    <listOfEvents>
      <event id="event1">
        <trigger>
          <math xmlns="http://www.w3.org/1998/Math/MathML">
            <apply>
              <gt/>
              <ci> S1 </ci>
              <cn> 2.1 </cn>
            </apply>
          </math>
        </trigger>
        <listOfEventAssignments>
          <eventAssignment variable="k1">
            <math xmlns="http://www.w3.org/1998/Math/MathML">
              <cn type="integer"> 10 </cn>
            </math>
          </eventAssignment>
        </listOfEventAssignments>
      </event>
    </listOfEvents>
  </model>
</sbml>
