<?xml version="1.0" encoding="UTF-8"?>
<sbml xmlns="http://www.sbml.org/sbml/level2/version2" level="2" version="2">
  <model metaid="_case00681" id="case00681" name="case00681">
    <listOfCompartments>
      <compartment id="C" name="C" size="7.5" units="volume"/>
    </listOfCompartments>
    <listOfSpecies>
      <species id="S1" name="S1" compartment="C" initialAmount="1" substanceUnits="substance"/>
      <species id="S2" name="S2" compartment="C" initialAmount="0.5" substanceUnits="substance"/>
      <species id="S3" name="S3" compartment="C" initialAmount="3.75" substanceUnits="substance"/>
    </listOfSpecies>
    <listOfParameters>
      <parameter id="k1" name="k1" value="0.75"/>
      <parameter id="k2" name="k2" value="5"/>
    </listOfParameters>
    <listOfRules>
      <assignmentRule metaid="rule1" variable="S3">
        <math xmlns="http://www.w3.org/1998/Math/MathML">
          <apply>
            <times/>
            <ci> k1 </ci>
            <ci> S2 </ci>
          </apply>
        </math>
      </assignmentRule>
    </listOfRules>
    <listOfReactions>
      <reaction id="reaction1" name="reaction1" reversible="false" fast="false">
        <listOfReactants>
          <speciesReference species="S1"/>
        </listOfReactants>
        <listOfProducts>
          <speciesReference species="S2"/>
        </listOfProducts>
        <kineticLaw>
          <math xmlns="http://www.w3.org/1998/Math/MathML">
            <apply>
              <times/>
              <ci> C </ci>
              <ci> k2 </ci>
              <ci> S1 </ci>
            </apply>
          </math>
        </kineticLaw>
      </reaction>
    </listOfReactions>
    <listOfEvents>
      <event id="event1" name="event1">
        <trigger>
          <math xmlns="http://www.w3.org/1998/Math/MathML">
            <apply>
              <lt/>
              <ci> S1 </ci>
              <cn> 0.1 </cn>
            </apply>
          </math>
        </trigger>
        <listOfEventAssignments>
          <eventAssignment variable="S2">
            <math xmlns="http://www.w3.org/1998/Math/MathML">
              <cn type="integer"> 1 </cn>
            </math>
          </eventAssignment>
        </listOfEventAssignments>
      </event>
    </listOfEvents>
  </model>
</sbml>
