<?xml version="1.0" encoding="UTF-8"?>
<sbml xmlns="http://www.sbml.org/sbml/level2/version2" level="2" version="2">
  <model metaid="_case00171" id="case00171" name="case00171">
    <listOfFunctionDefinitions>
      <functionDefinition id="multiply" name="multiply">
        <math xmlns="http://www.w3.org/1998/Math/MathML">
          <lambda>
            <bvar>
              <ci> x </ci>
            </bvar>
            <bvar>
              <ci> y </ci>
            </bvar>
            <apply>
              <times/>
              <ci> x </ci>
              <ci> y </ci>
            </apply>
          </lambda>
        </math>
      </functionDefinition>
    </listOfFunctionDefinitions>
    <listOfParameters>
      <parameter id="S1" name="S1" value="0.015" constant="false"/>
      <parameter id="S2" name="S2" value="0.015" constant="false"/>
      <parameter id="k1" name="k1" value="1"/>
    </listOfParameters>
    <listOfRules>
      <rateRule metaid="rule1" variable="S1">
        <math xmlns="http://www.w3.org/1998/Math/MathML">
          <apply>
            <times/>
            <cn type="integer"> -1 </cn>
            <apply>
              <ci> multiply </ci>
              <ci> k1 </ci>
              <ci> S1 </ci>
            </apply>
          </apply>
        </math>
      </rateRule>
      <rateRule metaid="rule2" variable="S2">
        <math xmlns="http://www.w3.org/1998/Math/MathML">
          <apply>
            <ci> multiply </ci>
            <ci> k1 </ci>
            <ci> S1 </ci>
          </apply>
        </math>
      </rateRule>
    </listOfRules>
  </model>
</sbml>
