<?xml version="1.0" encoding="UTF-8"?>
<sbml xmlns="http://www.sbml.org/sbml/level3/version1/core" level="3" version="1">
  <model id="case000951" timeUnits="time">
    <notes>
      <body xmlns="http://www.w3.org/1999/xhtml">
        <p> Originally created by libAntimony v1.4 (using libSBML 5.0.0-a1) </p>
      </body>
    </notes>
    <listOfUnitDefinitions>
      <unitDefinition id="volume">
        <listOfUnits>
          <unit kind="litre" exponent="1" scale="0" multiplier="1"/>
        </listOfUnits>
      </unitDefinition>
      <unitDefinition id="time">
        <listOfUnits>
          <unit kind="second" exponent="1" scale="0" multiplier="1"/>
        </listOfUnits>
      </unitDefinition>
    </listOfUnitDefinitions>
    <listOfParameters>
      <parameter id="P" value="INF" constant="true"/>
      <parameter id="Q" value="-INF" constant="true"/>
      <parameter id="R" value="NaN" constant="true"/>
    </listOfParameters>
  </model>
</sbml>
