<?xml version="1.0" encoding="UTF-8"?>
<sbml xmlns="http://www.sbml.org/sbml/level2/version4" level="2" version="4">
  <model id="case000951">
    <notes>
      <body xmlns="http://www.w3.org/1999/xhtml">
        <p> Originally created by libAntimony v1.4 (using libSBML 5.0.0-a1) </p>
      </body>
    </notes>
    <listOfUnitDefinitions>
      <unitDefinition id="volume">
        <listOfUnits>
          <unit kind="litre"/>
        </listOfUnits>
      </unitDefinition>
      <unitDefinition id="time">
        <listOfUnits>
          <unit kind="second"/>
        </listOfUnits>
      </unitDefinition>
    </listOfUnitDefinitions>
    <listOfParameters>
      <parameter id="P" value="INF"/>
      <parameter id="Q" value="-INF"/>
      <parameter id="R" value="NaN"/>
    </listOfParameters>
  </model>
</sbml>
