<?xml version="1.0" encoding="UTF-8"?>
<sbml xmlns="http://www.sbml.org/sbml/level2/version2" level="2" version="2">
  <model id="case00991" name="case00991">
    <listOfCompartments>
      <compartment id="default_compartment" size="1"/>
    </listOfCompartments>
    <listOfSpecies>
      <species id="X" compartment="default_compartment" initialConcentration="1"/>
    </listOfSpecies>
    <listOfParameters>
      <parameter id="p1" value="1" constant="false"/>
      <parameter id="k1" value="1"/>
    </listOfParameters>
    <listOfReactions>
      <reaction id="J0" fast="false">
        <listOfProducts>
          <speciesReference id="Xref" species="X">
            <stoichiometryMath>
              <math xmlns="http://www.w3.org/1998/Math/MathML">
                <ci> p1 </ci>
              </math>
            </stoichiometryMath>
          </speciesReference>
        </listOfProducts>
        <kineticLaw>
          <math xmlns="http://www.w3.org/1998/Math/MathML">
            <ci> k1 </ci>
          </math>
        </kineticLaw>
      </reaction>
    </listOfReactions>
    <listOfEvents>
      <event id="_E0">
        <trigger>
          <math xmlns="http://www.w3.org/1998/Math/MathML">
            <apply>
              <geq/>
              <ci> X </ci>
              <cn type="integer"> 2 </cn>
            </apply>
          </math>
        </trigger>
        <listOfEventAssignments>
          <eventAssignment variable="p1">
            <math xmlns="http://www.w3.org/1998/Math/MathML">
              <cn type="integer"> 2 </cn>
            </math>
          </eventAssignment>
        </listOfEventAssignments>
      </event>
    </listOfEvents>
  </model>
</sbml>
