<?xml version="1.0" encoding="UTF-8"?>
<sbml xmlns="http://www.sbml.org/sbml/level2/version4" level="2" version="4">
  <model id="case00938" name="case00938">
    <notes>
      <body xmlns="http://www.w3.org/1999/xhtml">
        <p> Originally created by libAntimony 1.4 (using libSBML 5.0.0-a1) </p>
      </body>
    </notes>
    <listOfCompartments>
      <compartment id="default_compartment" size="1"/>
    </listOfCompartments>
    <listOfSpecies>
      <species id="x" compartment="default_compartment"/>
    </listOfSpecies>
    <listOfParameters>
      <parameter id="y" constant="false"/>
    </listOfParameters>
    <listOfInitialAssignments>
      <initialAssignment symbol="x">
        <math xmlns="http://www.w3.org/1998/Math/MathML">
          <apply>
            <times/>
            <cn type="integer"> 1 </cn>
            <apply>
              <sin/>
              <apply>
                <times/>
                <cn type="integer"> 10 </cn>
                <csymbol encoding="text" definitionURL="http://www.sbml.org/sbml/symbols/time"> time </csymbol>
              </apply>
            </apply>
          </apply>
        </math>
      </initialAssignment>
    </listOfInitialAssignments>
    <listOfRules>
      <assignmentRule variable="y">
        <math xmlns="http://www.w3.org/1998/Math/MathML">
          <apply>
            <plus/>
            <cn type="integer"> 2 </cn>
            <apply>
              <csymbol encoding="text" definitionURL="http://www.sbml.org/sbml/symbols/delay"> delay </csymbol>
              <ci> x </ci>
              <cn> 0.2 </cn>
            </apply>
          </apply>
        </math>
      </assignmentRule>
    </listOfRules>
    <listOfReactions>
      <reaction id="_J0" reversible="false" fast="false">
        <listOfProducts>
          <speciesReference species="x"/>
        </listOfProducts>
        <kineticLaw>
          <math xmlns="http://www.w3.org/1998/Math/MathML">
            <cn type="integer"> 1 </cn>
          </math>
        </kineticLaw>
      </reaction>
    </listOfReactions>
  </model>
</sbml>
