<?xml version="1.0" encoding="UTF-8"?>
<sbml xmlns="http://www.sbml.org/sbml/level3/version1/core" level="3" version="1">
  <model metaid="_case00173" id="case00173" name="case00173" timeUnits="time">
    <listOfUnitDefinitions>
      <unitDefinition id="time">
        <listOfUnits>
          <unit kind="second" exponent="1" scale="0" multiplier="1"/>
        </listOfUnits>
      </unitDefinition>
    </listOfUnitDefinitions>
    <listOfParameters>
      <parameter id="S1" name="S1" value="1" constant="false"/>
      <parameter id="S2" name="S2" value="0" constant="false"/>
      <parameter id="p1" name="p1" value="4" constant="true"/>
      <parameter id="p2" name="p2" value="25" constant="true"/>
    </listOfParameters>
    <listOfRules>
      <rateRule metaid="rule1" variable="S1">
        <math xmlns="http://www.w3.org/1998/Math/MathML">
          <apply>
            <times/>
            <cn type="integer"> -1 </cn>
            <apply>
              <factorial/>
              <apply>
                <ceiling/>
                <apply>
                  <times/>
                  <ci> p1 </ci>
                  <ci> S1 </ci>
                </apply>
              </apply>
            </apply>
            <apply>
              <power/>
              <ci> p2 </ci>
              <cn type="integer"> -1 </cn>
            </apply>
          </apply>
        </math>
      </rateRule>
      <rateRule metaid="rule2" variable="S2">
        <math xmlns="http://www.w3.org/1998/Math/MathML">
          <apply>
            <times/>
            <apply>
              <factorial/>
              <apply>
                <ceiling/>
                <apply>
                  <times/>
                  <ci> p1 </ci>
                  <ci> S1 </ci>
                </apply>
              </apply>
            </apply>
            <apply>
              <power/>
              <ci> p2 </ci>
              <cn type="integer"> -1 </cn>
            </apply>
          </apply>
        </math>
      </rateRule>
    </listOfRules>
  </model>
</sbml>
