<?xml version="1.0" encoding="UTF-8"?>
<sbml xmlns="http://www.sbml.org/sbml/level2/version4" level="2" version="4">
  <model id="case00994" name="case00994">
    <listOfCompartments>
      <compartment sboTerm="SBO:0000410" id="default_compartment" size="1"/>
    </listOfCompartments>
    <listOfSpecies>
      <species id="X" compartment="default_compartment" initialConcentration="1"/>
    </listOfSpecies>
    <listOfParameters>
      <parameter id="k1" value="1"/>
    </listOfParameters>
    <listOfReactions>
      <reaction id="J0" fast="false">
        <listOfProducts>
          <speciesReference id="Xref" species="X">
            <stoichiometryMath>
              <math xmlns="http://www.w3.org/1998/Math/MathML">
                <csymbol encoding="text" definitionURL="http://www.sbml.org/sbml/symbols/time"> time </csymbol>
              </math>
            </stoichiometryMath>
          </speciesReference>
        </listOfProducts>
        <kineticLaw>
          <math xmlns="http://www.w3.org/1998/Math/MathML">
            <ci> k1 </ci>
          </math>
        </kineticLaw>
      </reaction>
    </listOfReactions>
  </model>
</sbml>
