<?xml version="1.0" encoding="UTF-8"?>
<sbml xmlns="http://www.sbml.org/sbml/level2" level="2" version="1">
  <model metaid="_case00131" id="case00131" name="case00131">
    <listOfFunctionDefinitions>
      <functionDefinition id="multiply" name="multiply">
        <math xmlns="http://www.w3.org/1998/Math/MathML">
          <lambda>
            <bvar>
              <ci> x </ci>
            </bvar>
            <bvar>
              <ci> y </ci>
            </bvar>
            <apply>
              <times/>
              <ci> x </ci>
              <ci> y </ci>
            </apply>
          </lambda>
        </math>
      </functionDefinition>
    </listOfFunctionDefinitions>
    <listOfCompartments>
      <compartment id="compartment" name="compartment" size="1" units="volume"/>
    </listOfCompartments>
    <listOfSpecies>
      <species id="S1" name="S1" compartment="compartment" initialAmount="0.001" substanceUnits="substance"/>
      <species id="S2" name="S2" compartment="compartment" initialAmount="0.002" substanceUnits="substance"/>
      <species id="S3" name="S3" compartment="compartment" initialAmount="0.001" substanceUnits="substance"/>
    </listOfSpecies>
    <listOfParameters>
      <parameter id="k1" name="k1" value="17"/>
      <parameter id="k2" name="k2" value="0.3"/>
      <parameter id="p1" name="p1" value="1"/>
    </listOfParameters>
    <listOfReactions>
      <reaction id="reaction1" name="reaction1" reversible="false" fast="false">
        <listOfReactants>
          <speciesReference species="S1"/>
          <speciesReference species="S2"/>
        </listOfReactants>
        <listOfProducts>
          <speciesReference species="S3"/>
        </listOfProducts>
        <kineticLaw>
          <math xmlns="http://www.w3.org/1998/Math/MathML">
            <apply>
              <times/>
              <ci> compartment </ci>
              <ci> k1 </ci>
              <ci> S1 </ci>
              <ci> S2 </ci>
            </apply>
          </math>
        </kineticLaw>
      </reaction>
      <reaction id="reaction2" name="reaction2" reversible="false" fast="false">
        <listOfReactants>
          <speciesReference species="S3"/>
        </listOfReactants>
        <listOfProducts>
          <speciesReference species="S1">
            <stoichiometryMath>
              <math xmlns="http://www.w3.org/1998/Math/MathML">
                <apply>
                  <times/>
                  <cn type="integer"> 2 </cn>
                  <ci> p1 </ci>
                </apply>
              </math>
            </stoichiometryMath>
          </speciesReference>
          <speciesReference species="S2">
            <stoichiometryMath>
              <math xmlns="http://www.w3.org/1998/Math/MathML">
                <apply>
                  <ci> multiply </ci>
                  <ci> p1 </ci>
                  <cn> 2 </cn>
                </apply>
              </math>
            </stoichiometryMath>
          </speciesReference>
        </listOfProducts>
        <kineticLaw>
          <math xmlns="http://www.w3.org/1998/Math/MathML">
            <apply>
              <times/>
              <ci> compartment </ci>
              <ci> k2 </ci>
              <ci> S3 </ci>
            </apply>
          </math>
        </kineticLaw>
      </reaction>
    </listOfReactions>
  </model>
</sbml>
