<?xml version="1.0" encoding="UTF-8"?>
<!-- Generated 12-February-2008 13:59:30.7031250 -->
<!-- Generated by MathSBML 2.7.2b -->
<!-- Generated using Mathematica Version 5.2 for Microsoft Windows (June 20, 2005) -->
<sbml xmlns="http://www.sbml.org/sbml/level2/version3"
    level="2"
    version="3">
 <model id="case00111"
     name="case00111"
     metaid="_case00111">
  <listOfFunctionDefinitions>
   <functionDefinition id="multiply"
       name="multiply">
    <math xmlns="http://www.w3.org/1998/Math/MathML">
     <lambda>
      <bvar>
       <ci>x</ci>
      </bvar>
      <bvar>
       <ci>y</ci>
      </bvar>
      <apply>
       <times/>
       <ci>x</ci>
       <ci>y</ci>
      </apply>
     </lambda>
    </math>
   </functionDefinition>
  </listOfFunctionDefinitions>
  <!-- <listOfUnitDefinitions/> -->
  <!-- <listOfCompartmentTypes/> -->
  <!-- <listOfSpeciesTypes/> -->
  <listOfCompartments>
   <compartment id="compartment"
       name="compartment"
       spatialDimensions="3"
       units="volume"
       size="1"/>
   <compartment id="compartment1"
       name="compartment1"
       spatialDimensions="3"
       units="volume"
       size="1"/>
  </listOfCompartments>
  <listOfSpecies>
   <species id="S1"
       name="S1"
       compartment="compartment1"
       boundaryCondition="false"
       constant="false"
       initialAmount="1."
       substanceUnits="substance"
       hasOnlySubstanceUnits="false"/>
   <species id="S2"
       name="S2"
       compartment="compartment1"
       boundaryCondition="false"
       constant="false"
       initialAmount="1."
       substanceUnits="substance"
       hasOnlySubstanceUnits="false"/>
   <species id="S3"
       name="S3"
       compartment="compartment1"
       boundaryCondition="false"
       constant="false"
       initialAmount="0"
       substanceUnits="substance"
       hasOnlySubstanceUnits="false"/>
   <species id="S4"
       name="S4"
       compartment="compartment1"
       boundaryCondition="false"
       constant="false"
       initialAmount="0.1"
       substanceUnits="substance"
       hasOnlySubstanceUnits="false"/>
  </listOfSpecies>
  <listOfParameters>
   <parameter id="k1"
       name="k1"
       value="0.75"/>
   <parameter id="k2"
       name="k2"
       value="7.5"/>
   <parameter id="k3"
       name="k3"
       value="0.75"/>
  </listOfParameters>
  <!-- <listOfInitialAssignments/> -->
  <!-- <listOfRules/> -->
  <!-- <listOfConstraints/> -->
  <listOfReactions>
   <reaction id="reaction1"
       name="reaction1"
       reversible="false"
       fast="false">
    <listOfReactants>
     <speciesReference species="S1"/>
     <speciesReference species="S2"/>
    </listOfReactants>
    <listOfProducts>
     <speciesReference species="S2"
         stoichiometry="2"/>
    </listOfProducts>
    <!-- <listOfModifiers/> -->
    <kineticLaw>
     <math xmlns="http://www.w3.org/1998/Math/MathML">
      <apply>
       <times/>
       <ci>compartment</ci>
       <ci>k1</ci>
       <apply>
        <ci>multiply</ci>
        <ci>S1</ci>
        <ci>S2</ci>
       </apply>
      </apply>
     </math>
     <!-- <listOfParameters/> -->
    </kineticLaw>
   </reaction>
   <reaction id="reaction2"
       name="reaction2"
       reversible="false"
       fast="false">
    <listOfReactants>
     <speciesReference species="S2"/>
    </listOfReactants>
    <listOfProducts>
     <speciesReference species="S3"/>
    </listOfProducts>
    <!-- <listOfModifiers/> -->
    <kineticLaw>
     <math xmlns="http://www.w3.org/1998/Math/MathML">
      <apply>
       <times/>
       <ci>compartment1</ci>
       <ci>k2</ci>
       <apply>
        <plus/>
        <ci>S2</ci>
        <apply>
         <times/>
         <cn type="integer">-1</cn>
         <ci>S3</ci>
        </apply>
       </apply>
      </apply>
     </math>
     <!-- <listOfParameters/> -->
    </kineticLaw>
   </reaction>
   <reaction id="reaction3"
       name="reaction3"
       reversible="false"
       fast="false">
    <listOfReactants>
     <speciesReference species="S3"/>
     <speciesReference species="S4"/>
    </listOfReactants>
    <listOfProducts>
     <speciesReference species="S4"
         stoichiometry="2"/>
    </listOfProducts>
    <!-- <listOfModifiers/> -->
    <kineticLaw>
     <math xmlns="http://www.w3.org/1998/Math/MathML">
      <apply>
       <times/>
       <ci>compartment</ci>
       <ci>k3</ci>
       <ci>S3</ci>
       <ci>S4</ci>
      </apply>
     </math>
     <!-- <listOfParameters/> -->
    </kineticLaw>
   </reaction>
  </listOfReactions>
  <!-- <listOfEvents/> -->
 </model>
</sbml>