<?xml version="1.0" encoding="UTF-8"?>
<sbml xmlns="http://www.sbml.org/sbml/level3/version1/core" xmlns:comp="http://www.sbml.org/sbml/level3/version1/comp/version1" level="3" version="1" comp:required="true">
  <model>
    <listOfParameters>
      <parameter id="timeconv" value="60" constant="true"/>
      <parameter id="extentconv" value="10" constant="true"/>
    </listOfParameters>
    <comp:listOfSubmodels>
      <comp:submodel comp:id="sub1" comp:modelRef="moddef3" comp:timeConversionFactor="timeconv" comp:extentConversionFactor="extentconv"/>
    </comp:listOfSubmodels>
  </model>
  <comp:listOfModelDefinitions>
    <comp:modelDefinition id="moddef3">
      <listOfParameters>
        <parameter id="timeconv" value="60" constant="true"/>
        <parameter id="extentconv" value="10" constant="true"/>
      </listOfParameters>
      <comp:listOfSubmodels>
        <comp:submodel comp:id="sub1" comp:modelRef="moddef2" comp:timeConversionFactor="timeconv" comp:extentConversionFactor="extentconv"/>
      </comp:listOfSubmodels>
    </comp:modelDefinition>
    <comp:modelDefinition id="moddef2">
      <listOfParameters>
        <parameter id="timeconv" value="60" constant="true"/>
        <parameter id="extentconv" value="10" constant="true"/>
      </listOfParameters>
      <comp:listOfSubmodels>
        <comp:submodel comp:id="sub1" comp:modelRef="moddef1" comp:timeConversionFactor="timeconv" comp:extentConversionFactor="extentconv"/>
      </comp:listOfSubmodels>
    </comp:modelDefinition>
    <comp:modelDefinition id="moddef1">
      <listOfCompartments>
        <compartment id="C" size="1" constant="true"/>
      </listOfCompartments>
      <listOfSpecies>
        <species id="s1" compartment="C" initialAmount="0.001" hasOnlySubstanceUnits="true" boundaryCondition="false" constant="false"/>
      </listOfSpecies>
      <listOfReactions>
        <reaction id="J0" reversible="true" fast="false">
          <listOfProducts>
            <speciesReference species="s1" stoichiometry="1" constant="true"/>
          </listOfProducts>
          <kineticLaw>
            <math xmlns="http://www.w3.org/1998/Math/MathML">
              <apply>
                <times/>
                <cn> 1000000000 </cn>
                <ci> s1 </ci>
                <csymbol encoding="text" definitionURL="http://www.sbml.org/sbml/symbols/time"> time </csymbol>
              </apply>
            </math>
          </kineticLaw>
        </reaction>
      </listOfReactions>
    </comp:modelDefinition>
  </comp:listOfModelDefinitions>
</sbml>
