<?xml version="1.0" encoding="UTF-8"?>
<sbml xmlns="http://www.sbml.org/sbml/level2/version2" level="2" version="2">
  <model metaid="_case00575" id="case00575" name="case00575">
    <listOfParameters>
      <parameter id="p1" name="p1" value="0.0002" constant="false"/>
      <parameter id="p2" name="p2" value="0.0002" constant="false"/>
      <parameter id="p3" name="p3" value="0" constant="false"/>
      <parameter id="p4" name="p4" value="0" constant="false"/>
      <parameter id="k1" name="k1" value="10000"/>
      <parameter id="k2" name="k2" constant="false"/>
      <parameter id="k3" name="k3" value="0.7"/>
    </listOfParameters>
    <listOfRules>
      <algebraicRule metaid="rule1">
        <math xmlns="http://www.w3.org/1998/Math/MathML">
          <apply>
            <plus/>
            <ci> k2 </ci>
            <cn> -0.9 </cn>
          </apply>
        </math>
      </algebraicRule>
      <rateRule metaid="rule2" variable="p1">
        <math xmlns="http://www.w3.org/1998/Math/MathML">
          <apply>
            <plus/>
            <apply>
              <times/>
              <cn type="integer"> -1 </cn>
              <ci> k1 </ci>
              <ci> p1 </ci>
              <ci> p2 </ci>
            </apply>
            <apply>
              <times/>
              <ci> k2 </ci>
              <ci> p3 </ci>
            </apply>
            <apply>
              <times/>
              <ci> k3 </ci>
              <ci> p3 </ci>
            </apply>
          </apply>
        </math>
      </rateRule>
      <rateRule metaid="rule3" variable="p2">
        <math xmlns="http://www.w3.org/1998/Math/MathML">
          <apply>
            <plus/>
            <apply>
              <times/>
              <ci> k2 </ci>
              <ci> p3 </ci>
            </apply>
            <apply>
              <times/>
              <cn type="integer"> -1 </cn>
              <ci> k1 </ci>
              <ci> p1 </ci>
              <ci> p2 </ci>
            </apply>
          </apply>
        </math>
      </rateRule>
      <rateRule metaid="rule4" variable="p3">
        <math xmlns="http://www.w3.org/1998/Math/MathML">
          <apply>
            <plus/>
            <apply>
              <times/>
              <ci> k1 </ci>
              <ci> p1 </ci>
              <ci> p2 </ci>
            </apply>
            <apply>
              <times/>
              <cn type="integer"> -1 </cn>
              <ci> k2 </ci>
              <ci> p3 </ci>
            </apply>
            <apply>
              <times/>
              <cn type="integer"> -1 </cn>
              <ci> k3 </ci>
              <ci> p3 </ci>
            </apply>
          </apply>
        </math>
      </rateRule>
      <rateRule metaid="rule5" variable="p4">
        <math xmlns="http://www.w3.org/1998/Math/MathML">
          <apply>
            <times/>
            <ci> k3 </ci>
            <ci> p3 </ci>
          </apply>
        </math>
      </rateRule>
    </listOfRules>
  </model>
</sbml>
