<?xml version="1.0" encoding="UTF-8"?>
<!-- Created by libAntimony version v2.1-beta on 2011-11-21 13:00 with libSBML version 5.1.0-b0. -->
<sbml xmlns="http://www.sbml.org/sbml/level3/version1/core" level="3" version="1">
  <model id="case01104" name="case01104">
    <listOfCompartments>
      <compartment sboTerm="SBO:0000410" id="default_compartment" spatialDimensions="3" size="1" constant="true"/>
    </listOfCompartments>
    <listOfSpecies>
      <species id="X" compartment="default_compartment" initialAmount="1" hasOnlySubstanceUnits="true" boundaryCondition="false" constant="false"/>
      <species id="Y" compartment="default_compartment" initialAmount="1" hasOnlySubstanceUnits="true" boundaryCondition="false" constant="false"/>
    </listOfSpecies>
    <listOfParameters>
      <parameter id="k1" value="1" constant="true"/>
    </listOfParameters>
    <listOfRules>
      <assignmentRule variable="Xref">
        <math xmlns="http://www.w3.org/1998/Math/MathML">
          <ci> X </ci>
        </math>
      </assignmentRule>
    </listOfRules>
    <listOfReactions>
      <reaction id="J0" reversible="true" fast="false">
        <listOfProducts>
          <speciesReference id="Xref" species="X" stoichiometry="1" constant="false"/>
        </listOfProducts>
        <kineticLaw>
          <math xmlns="http://www.w3.org/1998/Math/MathML">
            <ci> k1 </ci>
          </math>
        </kineticLaw>
      </reaction>
      <reaction id="J1" reversible="true" fast="false">
        <listOfProducts>
          <speciesReference species="Y" stoichiometry="1" constant="true"/>
        </listOfProducts>
        <kineticLaw>
          <math xmlns="http://www.w3.org/1998/Math/MathML">
            <apply>
              <times/>
              <ci> k1 </ci>
              <ci> Y </ci>
            </apply>
          </math>
        </kineticLaw>
      </reaction>
    </listOfReactions>
  </model>
</sbml>
