<?xml version="1.0" encoding="UTF-8"?>
<sbml xmlns="http://www.sbml.org/sbml/level1" level="1" version="2">
  <model name="case00532">
    <listOfCompartments>
      <compartment name="C" volume="1" units="volume"/>
    </listOfCompartments>
    <listOfSpecies>
      <species name="X0" compartment="C" initialAmount="1.25" units="substance"/>
      <species name="X1" compartment="C" initialAmount="1.5" units="substance"/>
      <species name="T" compartment="C" initialAmount="1" units="substance"/>
      <species name="S1" compartment="C" initialAmount="3.75" units="substance"/>
    </listOfSpecies>
    <listOfParameters>
      <parameter name="k1" value="0.1"/>
      <parameter name="k2" value="0.2"/>
    </listOfParameters>
    <listOfRules>
      <algebraicRule formula="-1 * S1 + T + X0 + X1"/>
    </listOfRules>
    <listOfReactions>
      <reaction name="reaction1" reversible="false">
        <listOfReactants>
          <speciesReference species="X0"/>
        </listOfReactants>
        <listOfProducts>
          <speciesReference species="T"/>
        </listOfProducts>
        <kineticLaw formula="C * k1 * X0"/>
      </reaction>
      <reaction name="reaction2" reversible="false">
        <listOfReactants>
          <speciesReference species="T"/>
        </listOfReactants>
        <listOfProducts>
          <speciesReference species="X1"/>
        </listOfProducts>
        <kineticLaw formula="C * k2 * T"/>
      </reaction>
    </listOfReactions>
  </model>
</sbml>
