<?xml version="1.0" encoding="UTF-8"?>
<sbml xmlns="http://www.sbml.org/sbml/level3/version1/core" level="3" version="1">
  <model id="case00995" name="case00995">
    <listOfParameters>
      <parameter id="p1" value="1" constant="false"/>
      <parameter id="p2" value="0" constant="false"/>
      <parameter id="p3" value="0" constant="false"/>
    </listOfParameters>
    <listOfRules>
      <rateRule variable="p1">
        <math xmlns="http://www.w3.org/1998/Math/MathML">
          <cn type="integer"> -1 </cn>
        </math>
      </rateRule>
    </listOfRules>
    <listOfEvents>
      <event id="E0" useValuesFromTriggerTime="true">
        <trigger initialValue="false" persistent="true">
          <math xmlns="http://www.w3.org/1998/Math/MathML">
            <apply>
              <geq/>
              <ci> p1 </ci>
              <cn type="integer"> 1 </cn>
            </apply>
          </math>
        </trigger>
        <listOfEventAssignments>
          <eventAssignment variable="p2">
            <math xmlns="http://www.w3.org/1998/Math/MathML">
              <cn type="integer"> 1 </cn>
            </math>
          </eventAssignment>
        </listOfEventAssignments>
      </event>
      <event id="E1" useValuesFromTriggerTime="true">
        <trigger initialValue="true" persistent="true">
          <math xmlns="http://www.w3.org/1998/Math/MathML">
            <apply>
              <geq/>
              <ci> p1 </ci>
              <cn type="integer"> 1 </cn>
            </apply>
          </math>
        </trigger>
        <listOfEventAssignments>
          <eventAssignment variable="p3">
            <math xmlns="http://www.w3.org/1998/Math/MathML">
              <cn type="integer"> 1 </cn>
            </math>
          </eventAssignment>
        </listOfEventAssignments>
      </event>
    </listOfEvents>
  </model>
</sbml>
