<?xml version="1.0" encoding="UTF-8"?>
<sbml xmlns="http://www.sbml.org/sbml/level3/version1/core" xmlns:comp="http://www.sbml.org/sbml/level3/version1/comp/version1" level="3" version="1" comp:required="true">
  <model>
    <comp:listOfSubmodels>
      <comp:submodel comp:id="sub1" comp:modelRef="moddef1">
        <comp:listOfDeletions>
          <comp:deletion comp:metaIdRef="J0_p1"/>
        </comp:listOfDeletions>
      </comp:submodel>
    </comp:listOfSubmodels>
  </model>
  <comp:listOfModelDefinitions>
    <comp:modelDefinition id="moddef1">
      <listOfCompartments>
        <compartment id="C" size="1" constant="true"/>
      </listOfCompartments>
      <listOfSpecies>
        <species id="s1" compartment="C" initialAmount="0.001" hasOnlySubstanceUnits="true" boundaryCondition="false" constant="false"/>
      </listOfSpecies>
      <listOfParameters>
        <parameter id="p1" value="10" constant="true"/>
      </listOfParameters>
      <listOfReactions>
        <reaction id="J0" reversible="true" fast="false">
          <listOfProducts>
            <speciesReference species="s1" stoichiometry="1" constant="true"/>
          </listOfProducts>
          <kineticLaw>
            <math xmlns="http://www.w3.org/1998/Math/MathML">
              <apply>
                <times/>
                <ci> p1 </ci>
                <ci> s1 </ci>
              </apply>
            </math>
            <listOfLocalParameters>
              <localParameter metaid="J0_p1" id="p1" value="100"/>
            </listOfLocalParameters>
          </kineticLaw>
        </reaction>
      </listOfReactions>
    </comp:modelDefinition>
  </comp:listOfModelDefinitions>
</sbml>
