<?xml version="1.0" encoding="UTF-8"?>
<sbml xmlns="http://www.sbml.org/sbml/level1" level="1" version="2">
  <model name="case00293">
    <listOfCompartments>
      <compartment name="compartment" volume="1" units="volume"/>
      <compartment name="compartment1" volume="1" units="volume"/>
    </listOfCompartments>
    <listOfSpecies>
      <species name="S1" compartment="compartment1" initialAmount="1" units="substance" boundaryCondition="false"/>
      <species name="S3" compartment="compartment1" initialAmount="0" units="substance" boundaryCondition="false"/>
      <species name="S5" compartment="compartment1" initialAmount="1" units="substance" boundaryCondition="false"/>
    </listOfSpecies>
    <listOfParameters>
      <parameter name="k1" value="0.75"/>
      <parameter name="k2" value="0.25"/>
      <parameter name="k4" value="0.5"/>
    </listOfParameters>
    <listOfRules>
      <speciesConcentrationRule formula="k4 * S3" species="S5"/>
    </listOfRules>
    <listOfReactions>
      <reaction name="reaction1" reversible="false" fast="false">
        <listOfReactants>
          <speciesReference species="S1"/>
        </listOfReactants>
        <listOfProducts>
          <speciesReference species="S3"/>
        </listOfProducts>
        <kineticLaw formula="compartment * k1 * S1"/>
      </reaction>
      <reaction name="reaction2" reversible="true" fast="false">
        <listOfReactants>
          <speciesReference species="S3"/>
        </listOfReactants>
        <listOfProducts>
          <speciesReference species="S1"/>
        </listOfProducts>
        <kineticLaw formula="compartment1 * k2 * (S3 + -1 * S1)"/>
      </reaction>
    </listOfReactions>
  </model>
</sbml>
