<?xml version="1.0" encoding="UTF-8"?>
<!-- Generated 13-March-2008 09:30:12.4375000 -->
<!-- Generated by MathSBML 2.7.2b -->
<!-- Generated using Mathematica Version 5.2 for Microsoft Windows (June 20, 2005) -->
<sbml xmlns="http://www.sbml.org/sbml/level2/version3"
    level="2"
    version="3">
 <model id="case00182"
     name="case00182"
     metaid="_case00182">
  <!-- <listOfFunctionDefinitions/> -->
  <!-- <listOfUnitDefinitions/> -->
  <!-- <listOfCompartmentTypes/> -->
  <!-- <listOfSpeciesTypes/> -->
  <!-- <listOfCompartments/> -->
  <!-- <listOfSpecies/> -->
  <listOfParameters>
   <parameter id="S1"
       name="S1"
       value="0.5"
       constant="false"/>
   <parameter id="S2"
       name="S2"
       value="0.5"
       constant="false"/>
   <parameter id="k1"
       name="k1"
       value="1."/>
   <parameter id="k2"
       name="k2"
       value="0.8"/>
  </listOfParameters>
  <!-- <listOfInitialAssignments/> -->
  <listOfRules>
   <algebraicRule metaid="rule1">
    <math xmlns="http://www.w3.org/1998/Math/MathML">
     <apply>
      <plus/>
      <apply>
       <times/>
       <cn type="integer">-1</cn>
       <ci>k1</ci>
      </apply>
      <ci>S1</ci>
      <ci>S2</ci>
     </apply>
    </math>
   </algebraicRule>
   <rateRule variable="S1"
       metaid="rule2">
    <math xmlns="http://www.w3.org/1998/Math/MathML">
     <apply>
      <times/>
      <ci>k2</ci>
      <ci>S2</ci>
     </apply>
    </math>
   </rateRule>
  </listOfRules>
  <!-- <listOfConstraints/> -->
  <!-- <listOfReactions/> -->
  <!-- <listOfEvents/> -->
 </model>
</sbml>