<?xml version="1.0" encoding="UTF-8"?>
<sbml xmlns="http://www.sbml.org/sbml/level1" level="1" version="2">
  <model name="case00830">
    <listOfCompartments>
      <compartment name="C" volume="1" units="volume"/>
    </listOfCompartments>
    <listOfSpecies>
      <species name="S1" compartment="C" initialAmount="1" units="substance"/>
      <species name="S2" compartment="C" initialAmount="0" units="substance"/>
      <species name="S3" compartment="C" initialAmount="1.5" units="substance"/>
      <species name="S4" compartment="C" initialAmount="0.5" units="substance"/>
    </listOfSpecies>
    <listOfParameters>
      <parameter name="kf" value="0.9"/>
      <parameter name="kr" value="0.075"/>
    </listOfParameters>
    <listOfReactions>
      <reaction name="reaction1">
        <listOfReactants>
          <speciesReference species="S1"/>
        </listOfReactants>
        <listOfProducts>
          <speciesReference species="S2"/>
        </listOfProducts>
        <kineticLaw formula="C * (kf * S1 + -1 * kr * S2)">
          <listOfParameters>
            <parameter name="kf" value="0.8"/>
            <parameter name="kr" value="0.06"/>
          </listOfParameters>
        </kineticLaw>
      </reaction>
      <reaction name="reaction2">
        <listOfReactants>
          <speciesReference species="S3"/>
        </listOfReactants>
        <listOfProducts>
          <speciesReference species="S4"/>
        </listOfProducts>
        <kineticLaw formula="C * (kf * S3 + -1 * kr * S4)"/>
      </reaction>
    </listOfReactions>
  </model>
</sbml>
