<?xml version="1.0" encoding="UTF-8"?>
<!-- Generated 10-June-2008 10:16:31.0000000 -->
<!-- Generated by MathSBML 2.7.5 [2-May-2008] -->
<!-- Generated using Mathematica Version 5.2 for Microsoft Windows (June 20, 2005) -->
<sbml xmlns="http://www.sbml.org/sbml/level2/version3"
    level="2"
    version="3">
 <model id="case00816"
     name="case00816"
     metaid="_case00816">
  <!-- <listOfFunctionDefinitions/> -->
  <!-- <listOfUnitDefinitions/> -->
  <!-- <listOfCompartmentTypes/> -->
  <!-- <listOfSpeciesTypes/> -->
  <listOfCompartments>
   <compartment id="C"
       name="C"
       spatialDimensions="3"
       units="volume"
       size="2.3"/>
  </listOfCompartments>
  <listOfSpecies>
   <species id="S1"
       name="S1"
       compartment="C"
       boundaryCondition="false"
       constant="false"
       initialConcentration="1."
       substanceUnits="substance"
       hasOnlySubstanceUnits="false"/>
   <species id="S2"
       name="S2"
       compartment="C"
       boundaryCondition="false"
       constant="false"
       initialConcentration="0.5"
       substanceUnits="substance"
       hasOnlySubstanceUnits="false"/>
   <species id="S3"
       name="S3"
       compartment="C"
       boundaryCondition="false"
       constant="false"
       initialConcentration="0."
       substanceUnits="substance"
       hasOnlySubstanceUnits="false"/>
  </listOfSpecies>
  <listOfParameters>
   <parameter id="kf"
       name="kf"
       value="1.1"/>
   <parameter id="kr"
       name="kr"
       value="0.09"/>
  </listOfParameters>
  <!-- <listOfInitialAssignments/> -->
  <!-- <listOfRules/> -->
  <!-- <listOfConstraints/> -->
  <listOfReactions>
   <reaction id="reaction1"
       name="reaction1"
       reversible="true"
       fast="false">
    <listOfReactants>
     <speciesReference species="S1"/>
     <speciesReference species="S2"/>
    </listOfReactants>
    <listOfProducts>
     <speciesReference species="S3"/>
    </listOfProducts>
    <!-- <listOfModifiers/> -->
    <kineticLaw>
     <math xmlns="http://www.w3.org/1998/Math/MathML">
      <apply>
       <times/>
       <ci>C</ci>
       <apply>
        <plus/>
        <apply>
         <times/>
         <ci>kf</ci>
         <ci>S1</ci>
         <ci>S2</ci>
        </apply>
        <apply>
         <times/>
         <cn type="integer">-1</cn>
         <apply>
          <times/>
          <ci>kr</ci>
          <ci>S3</ci>
         </apply>
        </apply>
       </apply>
      </apply>
     </math>
     <!-- <listOfParameters/> -->
    </kineticLaw>
   </reaction>
  </listOfReactions>
  <!-- <listOfEvents/> -->
 </model>
</sbml>