<?xml version="1.0" encoding="UTF-8"?>
<sbml xmlns="http://www.sbml.org/sbml/level2/version4" level="2" version="4">
  <model id="case000954">
    <notes>
      <body xmlns="http://www.w3.org/1999/xhtml">
        <p> Originally created by libAntimony v1.4 (using libSBML 5.0.0-a1) </p>
      </body>
    </notes>
    <listOfUnitDefinitions>
      <unitDefinition id="volume">
        <listOfUnits>
          <unit kind="litre"/>
        </listOfUnits>
      </unitDefinition>
      <unitDefinition id="time">
        <listOfUnits>
          <unit kind="second"/>
        </listOfUnits>
      </unitDefinition>
    </listOfUnitDefinitions>
    <listOfParameters>
      <parameter id="P1" value="3.7"/>
      <parameter id="P2" constant="false"/>
      <parameter id="P3" constant="false"/>
      <parameter id="P4" constant="false"/>
      <parameter id="P5" constant="false"/>
      <parameter id="P6" constant="false"/>
      <parameter id="P7" constant="false"/>
      <parameter id="P8" constant="false"/>
      <parameter id="P9" constant="false"/>
      <parameter id="P10" constant="false"/>
      <parameter id="P11" constant="false"/>
      <parameter id="P12" constant="false"/>
      <parameter id="P13" constant="false"/>
      <parameter id="P14" constant="false"/>
      <parameter id="P15" constant="false"/>
      <parameter id="P16" constant="false"/>
      <parameter id="P17" constant="false"/>
      <parameter id="P18" constant="false"/>
      <parameter id="P19" constant="false"/>
      <parameter id="P20" constant="false"/>
      <parameter id="P21" constant="false"/>
      <parameter id="P22" constant="false"/>
      <parameter id="P23" constant="false"/>
      <parameter id="P24" constant="false"/>
      <parameter id="P25" constant="false"/>
      <parameter id="P26" constant="false"/>
      <parameter id="P27" constant="false"/>
      <parameter id="P28" constant="false"/>
      <parameter id="P29" constant="false"/>
      <parameter id="P30" constant="false"/>
      <parameter id="P31" constant="false"/>
      <parameter id="P32" constant="false"/>
      <parameter id="P33" constant="false"/>
      <parameter id="P34" constant="false"/>
      <parameter id="P35" constant="false"/>
      <parameter id="P36" constant="false"/>
      <parameter id="P37" constant="false"/>
      <parameter id="P38" constant="false"/>
      <parameter id="P39" constant="false"/>
      <parameter id="P40" constant="false"/>
    </listOfParameters>
    <listOfRules>
      <assignmentRule variable="P2">
        <math xmlns="http://www.w3.org/1998/Math/MathML">
          <apply>
            <abs/>
            <cn type="integer"> -1 </cn>
          </apply>
        </math>
      </assignmentRule>
      <assignmentRule variable="P3">
        <math xmlns="http://www.w3.org/1998/Math/MathML">
          <apply>
            <abs/>
            <cn type="integer"> 1 </cn>
          </apply>
        </math>
      </assignmentRule>
      <assignmentRule variable="P4">
        <math xmlns="http://www.w3.org/1998/Math/MathML">
          <apply>
            <arccos/>
            <cn type="integer"> -1 </cn>
          </apply>
        </math>
      </assignmentRule>
      <assignmentRule variable="P5">
        <math xmlns="http://www.w3.org/1998/Math/MathML">
          <apply>
            <arccos/>
            <cn> 0.5 </cn>
          </apply>
        </math>
      </assignmentRule>
      <assignmentRule variable="P6">
        <math xmlns="http://www.w3.org/1998/Math/MathML">
          <apply>
            <arcsin/>
            <cn type="integer"> 1 </cn>
          </apply>
        </math>
      </assignmentRule>
      <assignmentRule variable="P7">
        <math xmlns="http://www.w3.org/1998/Math/MathML">
          <apply>
            <arcsin/>
            <cn> -0.5 </cn>
          </apply>
        </math>
      </assignmentRule>
      <assignmentRule variable="P8">
        <math xmlns="http://www.w3.org/1998/Math/MathML">
          <apply>
            <arctan/>
            <cn> 2.8 </cn>
          </apply>
        </math>
      </assignmentRule>
      <assignmentRule variable="P9">
        <math xmlns="http://www.w3.org/1998/Math/MathML">
          <apply>
            <arctan/>
            <cn> -7.09 </cn>
          </apply>
        </math>
      </assignmentRule>
      <assignmentRule variable="P10">
        <math xmlns="http://www.w3.org/1998/Math/MathML">
          <apply>
            <ceiling/>
            <cn> 0.5 </cn>
          </apply>
        </math>
      </assignmentRule>
      <assignmentRule variable="P11">
        <math xmlns="http://www.w3.org/1998/Math/MathML">
          <apply>
            <ceiling/>
            <cn> 3.55 </cn>
          </apply>
        </math>
      </assignmentRule>
      <assignmentRule variable="P12">
        <math xmlns="http://www.w3.org/1998/Math/MathML">
          <apply>
            <ceiling/>
            <cn> -4.6 </cn>
          </apply>
        </math>
      </assignmentRule>
      <assignmentRule variable="P13">
        <math xmlns="http://www.w3.org/1998/Math/MathML">
          <apply>
            <cos/>
            <cn> 9.1 </cn>
          </apply>
        </math>
      </assignmentRule>
      <assignmentRule variable="P14">
        <math xmlns="http://www.w3.org/1998/Math/MathML">
          <apply>
            <cos/>
            <cn> -0.22 </cn>
          </apply>
        </math>
      </assignmentRule>
      <assignmentRule variable="P15">
        <math xmlns="http://www.w3.org/1998/Math/MathML">
          <apply>
            <exp/>
            <cn type="integer"> 0 </cn>
          </apply>
        </math>
      </assignmentRule>
      <assignmentRule variable="P16">
        <math xmlns="http://www.w3.org/1998/Math/MathML">
          <apply>
            <exp/>
            <cn type="integer"> 1 </cn>
          </apply>
        </math>
      </assignmentRule>
      <assignmentRule variable="P17">
        <math xmlns="http://www.w3.org/1998/Math/MathML">
          <apply>
            <exp/>
            <cn> 0.77 </cn>
          </apply>
        </math>
      </assignmentRule>
      <assignmentRule variable="P18">
        <math xmlns="http://www.w3.org/1998/Math/MathML">
          <apply>
            <floor/>
            <cn> -4.6 </cn>
          </apply>
        </math>
      </assignmentRule>
      <assignmentRule variable="P19">
        <math xmlns="http://www.w3.org/1998/Math/MathML">
          <apply>
            <floor/>
            <cn> 9.1 </cn>
          </apply>
        </math>
      </assignmentRule>
      <assignmentRule variable="P20">
        <math xmlns="http://www.w3.org/1998/Math/MathML">
          <apply>
            <ln/>
            <cn> 0.2 </cn>
          </apply>
        </math>
      </assignmentRule>
      <assignmentRule variable="P21">
        <math xmlns="http://www.w3.org/1998/Math/MathML">
          <apply>
            <ln/>
            <cn type="integer"> 1 </cn>
          </apply>
        </math>
      </assignmentRule>
      <assignmentRule variable="P22">
        <math xmlns="http://www.w3.org/1998/Math/MathML">
          <apply>
            <log/>
            <logbase>
              <cn type="integer"> 10 </cn>
            </logbase>
            <cn> 0.2 </cn>
          </apply>
        </math>
      </assignmentRule>
      <assignmentRule variable="P23">
        <math xmlns="http://www.w3.org/1998/Math/MathML">
          <apply>
            <log/>
            <logbase>
              <cn type="integer"> 10 </cn>
            </logbase>
            <cn type="integer"> 1 </cn>
          </apply>
        </math>
      </assignmentRule>
      <assignmentRule variable="P24">
        <math xmlns="http://www.w3.org/1998/Math/MathML">
          <apply>
            <power/>
            <cn type="integer"> 1 </cn>
            <cn type="integer"> 2 </cn>
          </apply>
        </math>
      </assignmentRule>
      <assignmentRule variable="P25">
        <math xmlns="http://www.w3.org/1998/Math/MathML">
          <apply>
            <power/>
            <cn type="integer"> 2 </cn>
            <cn type="integer"> 2 </cn>
          </apply>
        </math>
      </assignmentRule>
      <assignmentRule variable="P26">
        <math xmlns="http://www.w3.org/1998/Math/MathML">
          <apply>
            <power/>
            <cn> 1.4 </cn>
            <cn> 5.1 </cn>
          </apply>
        </math>
      </assignmentRule>
      <assignmentRule variable="P27">
        <math xmlns="http://www.w3.org/1998/Math/MathML">
          <apply>
            <power/>
            <cn type="integer"> 4 </cn>
            <cn type="integer"> 2 </cn>
          </apply>
        </math>
      </assignmentRule>
      <assignmentRule variable="P28">
        <math xmlns="http://www.w3.org/1998/Math/MathML">
          <apply>
            <power/>
            <cn> 3.1 </cn>
            <cn type="integer"> 2 </cn>
          </apply>
        </math>
      </assignmentRule>
      <assignmentRule variable="P29">
        <math xmlns="http://www.w3.org/1998/Math/MathML">
          <apply>
            <root/>
            <degree>
              <cn type="integer"> 2 </cn>
            </degree>
            <cn type="integer"> 4 </cn>
          </apply>
        </math>
      </assignmentRule>
      <assignmentRule variable="P30">
        <math xmlns="http://www.w3.org/1998/Math/MathML">
          <apply>
            <root/>
            <degree>
              <cn type="integer"> 2 </cn>
            </degree>
            <cn> 7.4 </cn>
          </apply>
        </math>
      </assignmentRule>
      <assignmentRule variable="P31">
        <math xmlns="http://www.w3.org/1998/Math/MathML">
          <apply>
            <sin/>
            <cn> 2.1 </cn>
          </apply>
        </math>
      </assignmentRule>
      <assignmentRule variable="P32">
        <math xmlns="http://www.w3.org/1998/Math/MathML">
          <apply>
            <sin/>
            <cn type="integer"> 0 </cn>
          </apply>
        </math>
      </assignmentRule>
      <assignmentRule variable="P33">
        <math xmlns="http://www.w3.org/1998/Math/MathML">
          <apply>
            <sin/>
            <cn> -5.9 </cn>
          </apply>
        </math>
      </assignmentRule>
      <assignmentRule variable="P34">
        <math xmlns="http://www.w3.org/1998/Math/MathML">
          <apply>
            <tan/>
            <cn type="integer"> 0 </cn>
          </apply>
        </math>
      </assignmentRule>
      <assignmentRule variable="P35">
        <math xmlns="http://www.w3.org/1998/Math/MathML">
          <apply>
            <tan/>
            <cn> 1.11 </cn>
          </apply>
        </math>
      </assignmentRule>
      <assignmentRule variable="P36">
        <math xmlns="http://www.w3.org/1998/Math/MathML">
          <apply>
            <tan/>
            <cn type="integer"> -6 </cn>
          </apply>
        </math>
      </assignmentRule>
      <assignmentRule variable="P37">
        <math xmlns="http://www.w3.org/1998/Math/MathML">
          <apply>
            <plus/>
            <cn type="integer"> 1 </cn>
            <cn type="integer"> 2 </cn>
          </apply>
        </math>
      </assignmentRule>
      <assignmentRule variable="P38">
        <math xmlns="http://www.w3.org/1998/Math/MathML">
          <apply>
            <minus/>
            <cn type="integer"> 1 </cn>
            <cn type="integer"> 2 </cn>
          </apply>
        </math>
      </assignmentRule>
      <assignmentRule variable="P39">
        <math xmlns="http://www.w3.org/1998/Math/MathML">
          <apply>
            <divide/>
            <cn type="integer"> 5 </cn>
            <cn type="integer"> 2 </cn>
          </apply>
        </math>
      </assignmentRule>
      <assignmentRule variable="P40">
        <math xmlns="http://www.w3.org/1998/Math/MathML">
          <apply>
            <times/>
            <cn type="integer"> 8 </cn>
            <cn type="integer"> 3 </cn>
          </apply>
        </math>
      </assignmentRule>
    </listOfRules>
  </model>
</sbml>
