<?xml version="1.0" encoding="utf-8"?>
<!-- Written by libSedML v1.1.5123.24255 see http://libsedml.sf.net -->
<sedML level="1" version="1" xmlns="http://sed-ml.org/">
  <listOfSimulations>
    <uniformTimeCourse id="simulation_1" initialTime="0" outputStartTime="0" outputEndTime="1" numberOfPoints="10">
      <algorithm kisaoID="KISAO:0000019" />
    </uniformTimeCourse>
  </listOfSimulations>
  <listOfModels>
    <model id="model_1" language="urn:sedml:language:sbml" source="01167-sbml-l3v1.xml" />
  </listOfModels>
  <listOfTasks>
    <task id="task_1" modelReference="model_1" simulationReference="simulation_1" />
  </listOfTasks>
  <listOfDataGenerators>
    <dataGenerator id="time_1" name="time">
      <listOfVariables>
        <variable id="time" taskReference="task_1" symbol="urn:sedml:symbol:time" />
      </listOfVariables>
      <math xmlns="http://www.w3.org/1998/Math/MathML">
        <ci> time </ci>
      </math>
    </dataGenerator>
    <dataGenerator id="A__S_1" name="A__S">
      <listOfVariables>
        <variable id="A__S_1_s" taskReference="task_1" target="/sbml:sbml/sbml:model/sbml:listOfSpecies/sbml:species[@id='A__S']" />
        <variable id="A__S_1_c" taskReference="task_1" target="/sbml:sbml/sbml:model/sbml:listOfCompartments/sbml:compartment[@id='A__comp']" />
      </listOfVariables>
      <math xmlns="http://www.w3.org/1998/Math/MathML">
        <apply>
          <times />
          <ci> A__S_1_s </ci>
          <ci> A__S_1_c </ci>
        </apply>
      </math>
    </dataGenerator>
    <dataGenerator id="A__E_1" name="A__E">
      <listOfVariables>
        <variable id="A__E_1_s" taskReference="task_1" target="/sbml:sbml/sbml:model/sbml:listOfSpecies/sbml:species[@id='A__E']" />
        <variable id="A__E_1_c" taskReference="task_1" target="/sbml:sbml/sbml:model/sbml:listOfCompartments/sbml:compartment[@id='A__comp']" />
      </listOfVariables>
      <math xmlns="http://www.w3.org/1998/Math/MathML">
        <apply>
          <times />
          <ci> A__E_1_s </ci>
          <ci> A__E_1_c </ci>
        </apply>
      </math>
    </dataGenerator>
    <dataGenerator id="A__D_1" name="A__D">
      <listOfVariables>
        <variable id="A__D_1_s" taskReference="task_1" target="/sbml:sbml/sbml:model/sbml:listOfSpecies/sbml:species[@id='A__D']" />
        <variable id="A__D_1_c" taskReference="task_1" target="/sbml:sbml/sbml:model/sbml:listOfCompartments/sbml:compartment[@id='A__comp']" />
      </listOfVariables>
      <math xmlns="http://www.w3.org/1998/Math/MathML">
        <apply>
          <times />
          <ci> A__D_1_s </ci>
          <ci> A__D_1_c </ci>
        </apply>
      </math>
    </dataGenerator>
    <dataGenerator id="A__ES_1" name="A__ES">
      <listOfVariables>
        <variable id="A__ES_1_s" taskReference="task_1" target="/sbml:sbml/sbml:model/sbml:listOfSpecies/sbml:species[@id='A__ES']" />
        <variable id="A__ES_1_c" taskReference="task_1" target="/sbml:sbml/sbml:model/sbml:listOfCompartments/sbml:compartment[@id='A__comp']" />
      </listOfVariables>
      <math xmlns="http://www.w3.org/1998/Math/MathML">
        <apply>
          <times />
          <ci> A__ES_1_s </ci>
          <ci> A__ES_1_c </ci>
        </apply>
      </math>
    </dataGenerator>
  </listOfDataGenerators>
  <listOfOutputs>
    <plot2D id="plot_1" name="Timecourse for test 01167">
      <listOfCurves>
        <curve id="c_A__S_1" name="A__S" logX="false" logY="false" xDataReference="time_1" yDataReference="A__S_1" />
        <curve id="c_A__E_1" name="A__E" logX="false" logY="false" xDataReference="time_1" yDataReference="A__E_1" />
        <curve id="c_A__D_1" name="A__D" logX="false" logY="false" xDataReference="time_1" yDataReference="A__D_1" />
        <curve id="c_A__ES_1" name="A__ES" logX="false" logY="false" xDataReference="time_1" yDataReference="A__ES_1" />
      </listOfCurves>
    </plot2D>
    <report id="report_1" name="Report for test 01167">
      <listOfDataSets>
        <dataSet id="ds_time" dataReference="time_1" label="Time" />
        <dataSet id="ds_A__S_1" dataReference="A__S_1" label="A__S" />
        <dataSet id="ds_A__E_1" dataReference="A__E_1" label="A__E" />
        <dataSet id="ds_A__D_1" dataReference="A__D_1" label="A__D" />
        <dataSet id="ds_A__ES_1" dataReference="A__ES_1" label="A__ES" />
      </listOfDataSets>
    </report>
  </listOfOutputs>
</sedML>