<?xml version="1.0" encoding="UTF-8"?>
<sbml xmlns="http://www.sbml.org/sbml/level3/version1/core" level="3" version="1">
  <model metaid="_case00920" id="case00920" name="case00920" timeUnits="time">
    <listOfUnitDefinitions>
      <unitDefinition id="time">
        <listOfUnits>
          <unit kind="second" exponent="1" scale="0" multiplier="1"/>
        </listOfUnits>
      </unitDefinition>
    </listOfUnitDefinitions>
    <listOfParameters>
      <parameter id="k1" name="k1" constant="true"/>
      <parameter id="k2" name="k2" value="0.3" constant="true"/>
    </listOfParameters>
    <listOfInitialAssignments>
      <initialAssignment symbol="k1">
        <math xmlns="http://www.w3.org/1998/Math/MathML">
          <apply>
            <times/>
            <cn> 2.5 </cn>
            <ci> k2 </ci>
          </apply>
        </math>
      </initialAssignment>
    </listOfInitialAssignments>
  </model>
</sbml>
