<?xml version="1.0" encoding="UTF-8"?>
<sbml xmlns="http://www.sbml.org/sbml/level2/version4" level="2" version="4">
  <model metaid="_case00874" id="case00874" name="case00874">
    <listOfCompartments>
      <compartment id="C" name="C" size="1" units="volume"/>
    </listOfCompartments>
    <listOfSpecies>
      <species id="A1" name="A1" compartment="C" initialAmount="2" substanceUnits="substance"/>
      <species id="A2" name="A2" compartment="C" initialAmount="3" substanceUnits="substance"/>
      <species id="A3" name="A3" compartment="C" initialAmount="4" substanceUnits="substance" boundaryCondition="true"/>
      <species id="A4" name="A4" compartment="C" initialAmount="1" substanceUnits="substance"/>
    </listOfSpecies>
    <listOfParameters>
      <parameter id="Kf1" name="Kf1" value="1"/>
      <parameter id="Kf" name="Kf" value="1"/>
    </listOfParameters>
    <listOfReactions>
      <reaction id="reaction1" name="reaction1" reversible="false" fast="true">
        <listOfReactants>
          <speciesReference species="A4"/>
        </listOfReactants>
        <listOfProducts>
          <speciesReference species="A2"/>
        </listOfProducts>
        <kineticLaw>
          <math xmlns="http://www.w3.org/1998/Math/MathML">
            <apply>
              <times/>
              <ci> A4 </ci>
              <ci> C </ci>
              <ci> Kf1 </ci>
            </apply>
          </math>
        </kineticLaw>
      </reaction>
      <reaction id="reaction2" name="reaction2" reversible="false" fast="false">
        <listOfReactants>
          <speciesReference species="A1"/>
          <speciesReference species="A2"/>
        </listOfReactants>
        <listOfProducts>
          <speciesReference species="A3"/>
        </listOfProducts>
        <kineticLaw>
          <math xmlns="http://www.w3.org/1998/Math/MathML">
            <apply>
              <times/>
              <ci> A1 </ci>
              <ci> A2 </ci>
              <ci> C </ci>
              <ci> Kf </ci>
            </apply>
          </math>
        </kineticLaw>
      </reaction>
    </listOfReactions>
  </model>
</sbml>
