<?xml version="1.0" encoding="UTF-8"?>
<sbml xmlns="http://www.sbml.org/sbml/level2/version2" level="2" version="2">
  <model metaid="_case00330" id="case00330" name="case00330">
    <listOfCompartments>
      <compartment id="compartment" name="compartment" size="0.93" units="volume"/>
    </listOfCompartments>
    <listOfSpecies>
      <species id="S1" name="S1" compartment="compartment" initialAmount="0.015" substanceUnits="substance"/>
      <species id="S2" name="S2" compartment="compartment" initialAmount="0.02" substanceUnits="substance"/>
      <species id="S3" name="S3" compartment="compartment" initialAmount="0.015" substanceUnits="substance"/>
      <species id="S4" name="S4" compartment="compartment" initialAmount="0.01" substanceUnits="substance"/>
    </listOfSpecies>
    <listOfParameters>
      <parameter id="k1" name="k1" value="75"/>
      <parameter id="k2" name="k2" value="0.025"/>
    </listOfParameters>
    <listOfRules>
      <rateRule metaid="rule1" variable="S4">
        <math xmlns="http://www.w3.org/1998/Math/MathML">
          <cn type="rational"> 1 <sep/> 100 </cn>
        </math>
      </rateRule>
    </listOfRules>
    <listOfReactions>
      <reaction id="reaction1" name="reaction1" reversible="false" fast="false">
        <listOfReactants>
          <speciesReference species="S1"/>
          <speciesReference species="S2"/>
        </listOfReactants>
        <listOfProducts>
          <speciesReference species="S3"/>
        </listOfProducts>
        <kineticLaw>
          <math xmlns="http://www.w3.org/1998/Math/MathML">
            <apply>
              <times/>
              <ci> compartment </ci>
              <ci> k1 </ci>
              <ci> S1 </ci>
              <ci> S2 </ci>
            </apply>
          </math>
        </kineticLaw>
      </reaction>
      <reaction id="reaction2" name="reaction2" reversible="false" fast="false">
        <listOfReactants>
          <speciesReference species="S3"/>
        </listOfReactants>
        <listOfProducts>
          <speciesReference species="S1"/>
          <speciesReference species="S2"/>
        </listOfProducts>
        <kineticLaw>
          <math xmlns="http://www.w3.org/1998/Math/MathML">
            <apply>
              <times/>
              <ci> compartment </ci>
              <ci> k2 </ci>
              <ci> S3 </ci>
            </apply>
          </math>
        </kineticLaw>
      </reaction>
    </listOfReactions>
  </model>
</sbml>
