<?xml version="1.0" encoding="utf-8"?>
<!-- Written by libSedML v1.1.5123.24255 see http://libsedml.sf.net -->
<sedML level="1" version="1" xmlns="http://sed-ml.org/">
  <listOfSimulations>
    <uniformTimeCourse id="simulation_1" initialTime="0" outputStartTime="0" outputEndTime="1" numberOfPoints="10">
      <algorithm kisaoID="KISAO:0000019" />
    </uniformTimeCourse>
  </listOfSimulations>
  <listOfModels>
    <model id="model_1" language="urn:sedml:language:sbml" source="01134-sbml-l3v1.xml" />
  </listOfModels>
  <listOfTasks>
    <task id="task_1" modelReference="model_1" simulationReference="simulation_1" />
  </listOfTasks>
  <listOfDataGenerators>
    <dataGenerator id="time_1" name="time">
      <listOfVariables>
        <variable id="time" taskReference="task_1" symbol="urn:sedml:symbol:time" />
      </listOfVariables>
      <math xmlns="http://www.w3.org/1998/Math/MathML">
        <ci> time </ci>
      </math>
    </dataGenerator>
    <dataGenerator id="S1_1" name="S1">
      <listOfVariables>
        <variable id="S1" name="S1" taskReference="task_1" target="/sbml:sbml/sbml:model/sbml:listOfSpecies/sbml:species[@id='S1']" />
      </listOfVariables>
      <math xmlns="http://www.w3.org/1998/Math/MathML">
        <ci> S1 </ci>
      </math>
    </dataGenerator>
    <dataGenerator id="sub1__S1_1" name="sub1__S1">
      <listOfVariables>
        <variable id="sub1__S1" name="sub1__S1" taskReference="task_1" target="/sbml:sbml/sbml:model/sbml:listOfSpecies/sbml:species[@id='sub1__S1']" />
      </listOfVariables>
      <math xmlns="http://www.w3.org/1998/Math/MathML">
        <ci> sub1__S1 </ci>
      </math>
    </dataGenerator>
    <dataGenerator id="sub2__S1_1" name="sub2__S1">
      <listOfVariables>
        <variable id="sub2__S1" name="sub2__S1" taskReference="task_1" target="/sbml:sbml/sbml:model/sbml:listOfSpecies/sbml:species[@id='sub2__S1']" />
      </listOfVariables>
      <math xmlns="http://www.w3.org/1998/Math/MathML">
        <ci> sub2__S1 </ci>
      </math>
    </dataGenerator>
    <dataGenerator id="sub3__S1_1" name="sub3__S1">
      <listOfVariables>
        <variable id="sub3__S1" name="sub3__S1" taskReference="task_1" target="/sbml:sbml/sbml:model/sbml:listOfSpecies/sbml:species[@id='sub3__S1']" />
      </listOfVariables>
      <math xmlns="http://www.w3.org/1998/Math/MathML">
        <ci> sub3__S1 </ci>
      </math>
    </dataGenerator>
    <dataGenerator id="sub3__sub1__S1_1" name="sub3__sub1__S1">
      <listOfVariables>
        <variable id="sub3__sub1__S1" name="sub3__sub1__S1" taskReference="task_1" target="/sbml:sbml/sbml:model/sbml:listOfSpecies/sbml:species[@id='sub3__sub1__S1']" />
      </listOfVariables>
      <math xmlns="http://www.w3.org/1998/Math/MathML">
        <ci> sub3__sub1__S1 </ci>
      </math>
    </dataGenerator>
    <dataGenerator id="sub3__sub2__S1_1" name="sub3__sub2__S1">
      <listOfVariables>
        <variable id="sub3__sub2__S1" name="sub3__sub2__S1" taskReference="task_1" target="/sbml:sbml/sbml:model/sbml:listOfSpecies/sbml:species[@id='sub3__sub2__S1']" />
      </listOfVariables>
      <math xmlns="http://www.w3.org/1998/Math/MathML">
        <ci> sub3__sub2__S1 </ci>
      </math>
    </dataGenerator>
  </listOfDataGenerators>
  <listOfOutputs>
    <plot2D id="plot_1" name="Timecourse for test 01134">
      <listOfCurves>
        <curve id="c_S1_1" name="S1" logX="false" logY="false" xDataReference="time_1" yDataReference="S1_1" />
        <curve id="c_sub1__S1_1" name="sub1__S1" logX="false" logY="false" xDataReference="time_1" yDataReference="sub1__S1_1" />
        <curve id="c_sub2__S1_1" name="sub2__S1" logX="false" logY="false" xDataReference="time_1" yDataReference="sub2__S1_1" />
        <curve id="c_sub3__S1_1" name="sub3__S1" logX="false" logY="false" xDataReference="time_1" yDataReference="sub3__S1_1" />
        <curve id="c_sub3__sub1__S1_1" name="sub3__sub1__S1" logX="false" logY="false" xDataReference="time_1" yDataReference="sub3__sub1__S1_1" />
        <curve id="c_sub3__sub2__S1_1" name="sub3__sub2__S1" logX="false" logY="false" xDataReference="time_1" yDataReference="sub3__sub2__S1_1" />
      </listOfCurves>
    </plot2D>
    <report id="report_1" name="Report for test 01134">
      <listOfDataSets>
        <dataSet id="ds_time" dataReference="time_1" label="Time" />
        <dataSet id="ds_S1_1" dataReference="S1_1" label="S1" />
        <dataSet id="ds_sub1__S1_1" dataReference="sub1__S1_1" label="sub1__S1" />
        <dataSet id="ds_sub2__S1_1" dataReference="sub2__S1_1" label="sub2__S1" />
        <dataSet id="ds_sub3__S1_1" dataReference="sub3__S1_1" label="sub3__S1" />
        <dataSet id="ds_sub3__sub1__S1_1" dataReference="sub3__sub1__S1_1" label="sub3__sub1__S1" />
        <dataSet id="ds_sub3__sub2__S1_1" dataReference="sub3__sub2__S1_1" label="sub3__sub2__S1" />
      </listOfDataSets>
    </report>
  </listOfOutputs>
</sedML>