<?xml version="1.0" encoding="UTF-8"?>
<!-- Created by libAntimony version v2.1-beta on 2012-03-16 14:38 with libSBML version 5.1.0-b0. -->
<sbml xmlns="http://www.sbml.org/sbml/level3/version1/core" level="3" version="1">
  <model id="case_01120" name="case_01120">
    <listOfCompartments>
      <compartment id="comp" spatialDimensions="3" size="5" constant="false"/>
    </listOfCompartments>
    <listOfSpecies>
      <species id="S3" compartment="comp" initialAmount="2" hasOnlySubstanceUnits="true" boundaryCondition="false" constant="false"/>
    </listOfSpecies>
    <listOfRules>
      <rateRule variable="comp">
        <math xmlns="http://www.w3.org/1998/Math/MathML">
          <cn type="integer"> 1 </cn>
        </math>
      </rateRule>
    </listOfRules>
    <listOfEvents>
      <event id="E1" useValuesFromTriggerTime="true">
        <trigger initialValue="false" persistent="true">
          <math xmlns="http://www.w3.org/1998/Math/MathML">
            <apply>
              <leq/>
              <ci> comp </ci>
              <cn> 5.1 </cn>
            </apply>
          </math>
        </trigger>
        <delay>
          <math xmlns="http://www.w3.org/1998/Math/MathML">
            <cn> 1.05 </cn>
          </math>
        </delay>
        <listOfEventAssignments>
          <eventAssignment variable="S3">
            <math xmlns="http://www.w3.org/1998/Math/MathML">
              <cn type="integer"> 4 </cn>
            </math>
          </eventAssignment>
        </listOfEventAssignments>
      </event>
    </listOfEvents>
  </model>
</sbml>
