<?xml version="1.0" encoding="UTF-8"?>
<sbml xmlns="http://www.sbml.org/sbml/level3/version1/core" xmlns:comp="http://www.sbml.org/sbml/level3/version1/comp/version1" level="3" version="1" comp:required="true">
  <model id="doc0" name="doc0">
    <listOfParameters>
      <parameter id="timeconv" value="60" constant="true"/>
      <parameter id="t2" constant="false">
        <comp:listOfReplacedElements>
          <comp:replacedElement comp:idRef="t2" comp:submodelRef="sub1"/>
        </comp:listOfReplacedElements>
      </parameter>
    </listOfParameters>
    <comp:listOfSubmodels>
      <comp:submodel comp:id="sub1" comp:modelRef="moddef1" comp:timeConversionFactor="timeconv"/>
    </comp:listOfSubmodels>
  </model>
  <comp:listOfModelDefinitions>
    <comp:modelDefinition id="moddef1" name="moddef1">
      <listOfParameters>
        <parameter id="t2" constant="false"/>
      </listOfParameters>
      <listOfRules>
        <assignmentRule variable="t2">
          <math xmlns="http://www.w3.org/1998/Math/MathML">
            <apply>
              <plus/>
              <csymbol encoding="text" definitionURL="http://www.sbml.org/sbml/symbols/time"> time </csymbol>
              <cn type="integer"> 3 </cn>
            </apply>
          </math>
        </assignmentRule>
      </listOfRules>
    </comp:modelDefinition>
  </comp:listOfModelDefinitions>
</sbml>
