<?xml version="1.0" encoding="UTF-8"?>
<!-- Generated 14-May-2008 10:06:14.7968750 -->
<!-- Generated by MathSBML 2.7.4 -->
<!-- Generated using Mathematica Version 5.2 for Microsoft Windows (June 20, 2005) -->
<sbml xmlns="http://www.sbml.org/sbml/level2/version3"
    level="2"
    version="3">
 <model id="case00617"
     name="case00617"
     metaid="_case00617">
  <!-- <listOfFunctionDefinitions/> -->
  <!-- <listOfUnitDefinitions/> -->
  <!-- <listOfCompartmentTypes/> -->
  <!-- <listOfSpeciesTypes/> -->
  <listOfCompartments>
   <compartment id="C"
       name="C"
       spatialDimensions="3"
       units="volume"
       size="1"/>
  </listOfCompartments>
  <listOfSpecies>
   <species id="S1"
       name="S1"
       compartment="C"
       boundaryCondition="false"
       constant="false"
       initialAmount="10"
       substanceUnits="substance"
       hasOnlySubstanceUnits="false"/>
   <species id="S2"
       name="S2"
       compartment="C"
       boundaryCondition="false"
       constant="false"
       initialAmount="0.15"
       substanceUnits="substance"
       hasOnlySubstanceUnits="false"/>
  </listOfSpecies>
  <listOfParameters>
   <parameter id="k1"
       name="k1"
       constant="false"/>
  </listOfParameters>
  <listOfInitialAssignments>
   <initialAssignment symbol="S1">
    <math xmlns="http://www.w3.org/1998/Math/MathML">
     <apply>
      <times/>
      <cn type="real">0.13333333333333333</cn>
      <ci>k1</ci>
     </apply>
    </math>
   </initialAssignment>
  </listOfInitialAssignments>
  <listOfRules>
   <assignmentRule variable="k1"
       metaid="rule1">
    <math xmlns="http://www.w3.org/1998/Math/MathML">
     <cn type="real">0.75</cn>
    </math>
   </assignmentRule>
  </listOfRules>
  <!-- <listOfConstraints/> -->
  <listOfReactions>
   <reaction id="reaction1"
       name="reaction1"
       reversible="false"
       fast="false">
    <listOfReactants>
     <speciesReference species="S1"/>
    </listOfReactants>
    <listOfProducts>
     <speciesReference species="S2"/>
    </listOfProducts>
    <!-- <listOfModifiers/> -->
    <kineticLaw>
     <math xmlns="http://www.w3.org/1998/Math/MathML">
      <apply>
       <times/>
       <ci>C</ci>
       <ci>k1</ci>
       <ci>S1</ci>
      </apply>
     </math>
     <!-- <listOfParameters/> -->
    </kineticLaw>
   </reaction>
  </listOfReactions>
  <!-- <listOfEvents/> -->
 </model>
</sbml>