<?xml version="1.0" encoding="UTF-8"?>
<sbml xmlns="http://www.sbml.org/sbml/level3/version1/core" level="3" version="1">
  <model metaid="_case00742" id="case00742" name="case00742" timeUnits="time">
    <listOfFunctionDefinitions>
      <functionDefinition id="add" name="add">
        <math xmlns="http://www.w3.org/1998/Math/MathML">
          <lambda>
            <bvar>
              <ci> x </ci>
            </bvar>
            <bvar>
              <ci> y </ci>
            </bvar>
            <apply>
              <plus/>
              <ci> x </ci>
              <ci> y </ci>
            </apply>
          </lambda>
        </math>
      </functionDefinition>
    </listOfFunctionDefinitions>
    <listOfUnitDefinitions>
      <unitDefinition id="volume">
        <listOfUnits>
          <unit kind="litre" exponent="1" scale="0" multiplier="1"/>
        </listOfUnits>
      </unitDefinition>
      <unitDefinition id="substance">
        <listOfUnits>
          <unit kind="mole" exponent="1" scale="0" multiplier="1"/>
        </listOfUnits>
      </unitDefinition>
      <unitDefinition id="time">
        <listOfUnits>
          <unit kind="second" exponent="1" scale="0" multiplier="1"/>
        </listOfUnits>
      </unitDefinition>
    </listOfUnitDefinitions>
    <listOfCompartments>
      <compartment id="C" name="C" spatialDimensions="3" size="1.25" units="volume" constant="true"/>
    </listOfCompartments>
    <listOfSpecies>
      <species id="S1" name="S1" compartment="C" initialConcentration="1" substanceUnits="substance" hasOnlySubstanceUnits="false" boundaryCondition="false" constant="false"/>
      <species id="S2" name="S2" compartment="C" initialConcentration="2" substanceUnits="substance" hasOnlySubstanceUnits="false" boundaryCondition="false" constant="false"/>
      <species id="S3" name="S3" compartment="C" initialConcentration="1" substanceUnits="substance" hasOnlySubstanceUnits="false" boundaryCondition="false" constant="false"/>
    </listOfSpecies>
    <listOfParameters>
      <parameter id="k1" name="k1" value="1.7" constant="false"/>
      <parameter id="k2" name="k2" value="0.3" constant="true"/>
      <parameter id="k3" name="k3" value="-0.1" constant="true"/>
      <parameter id="p1" name="p1" value="1" constant="true"/>
      <parameter id="p2" name="p2" value="1" constant="true"/>
    </listOfParameters>
    <listOfRules>
      <rateRule metaid="rule1" variable="k1">
        <math xmlns="http://www.w3.org/1998/Math/MathML">
          <apply>
            <times/>
            <ci> p1 </ci>
            <apply>
              <ci> add </ci>
              <apply>
                <times/>
                <ci> k2 </ci>
                <ci> p2 </ci>
              </apply>
              <ci> k3 </ci>
            </apply>
          </apply>
        </math>
      </rateRule>
    </listOfRules>
    <listOfReactions>
      <reaction id="reaction1" name="reaction1" reversible="false" fast="false">
        <listOfReactants>
          <speciesReference species="S1" stoichiometry="1" constant="true"/>
          <speciesReference species="S2" stoichiometry="1" constant="true"/>
        </listOfReactants>
        <listOfProducts>
          <speciesReference species="S3" stoichiometry="1" constant="true"/>
        </listOfProducts>
        <kineticLaw>
          <math xmlns="http://www.w3.org/1998/Math/MathML">
            <apply>
              <times/>
              <ci> C </ci>
              <ci> k1 </ci>
              <ci> S1 </ci>
              <ci> S2 </ci>
            </apply>
          </math>
        </kineticLaw>
      </reaction>
      <reaction id="reaction2" name="reaction2" reversible="false" fast="false">
        <listOfReactants>
          <speciesReference species="S3" stoichiometry="1" constant="true"/>
        </listOfReactants>
        <listOfProducts>
          <speciesReference species="S1" stoichiometry="1" constant="true"/>
          <speciesReference species="S2" stoichiometry="1" constant="true"/>
        </listOfProducts>
        <kineticLaw>
          <math xmlns="http://www.w3.org/1998/Math/MathML">
            <apply>
              <times/>
              <ci> C </ci>
              <ci> k2 </ci>
              <ci> S3 </ci>
            </apply>
          </math>
        </kineticLaw>
      </reaction>
    </listOfReactions>
  </model>
</sbml>
