<?xml version="1.0" encoding="UTF-8"?>
<!-- Generated 19-February-2008 14:02:47.2812500 -->
<!-- Generated by MathSBML 2.7.2b -->
<!-- Generated using Mathematica Version 5.2 for Microsoft Windows (June 20, 2005) -->
<sbml xmlns="http://www.sbml.org/sbml/level2/version3"
    level="2"
    version="3">
 <model id="case00129"
     name="case00129"
     metaid="_case00129">
  <listOfFunctionDefinitions>
   <functionDefinition id="multiply"
       name="multiply">
    <math xmlns="http://www.w3.org/1998/Math/MathML">
     <lambda>
      <bvar>
       <ci>x</ci>
      </bvar>
      <bvar>
       <ci>y</ci>
      </bvar>
      <apply>
       <times/>
       <ci>x</ci>
       <ci>y</ci>
      </apply>
     </lambda>
    </math>
   </functionDefinition>
  </listOfFunctionDefinitions>
  <!-- <listOfUnitDefinitions/> -->
  <!-- <listOfCompartmentTypes/> -->
  <!-- <listOfSpeciesTypes/> -->
  <listOfCompartments>
   <compartment id="compartment"
       name="compartment"
       spatialDimensions="3"
       units="volume"
       size="1"/>
  </listOfCompartments>
  <listOfSpecies>
   <species id="S1"
       name="S1"
       compartment="compartment"
       boundaryCondition="false"
       constant="false"
       initialAmount="1.5"
       substanceUnits="substance"
       hasOnlySubstanceUnits="false"/>
   <species id="S2"
       name="S2"
       compartment="compartment"
       boundaryCondition="false"
       constant="false"
       initialAmount="0"
       substanceUnits="substance"
       hasOnlySubstanceUnits="false"/>
  </listOfSpecies>
  <listOfParameters>
   <parameter id="k1"
       name="k1"
       value="1.5"/>
   <parameter id="p1"
       name="p1"
       value="1"/>
  </listOfParameters>
  <!-- <listOfInitialAssignments/> -->
  <!-- <listOfRules/> -->
  <!-- <listOfConstraints/> -->
  <listOfReactions>
   <reaction id="reaction1"
       name="reaction1"
       reversible="false"
       fast="false">
    <listOfReactants>
     <speciesReference species="S1"/>
    </listOfReactants>
    <listOfProducts>
     <speciesReference species="S2">
      <stoichiometryMath>
       <math xmlns="http://www.w3.org/1998/Math/MathML">
        <apply>
         <ci>multiply</ci>
         <cn type="integer">2</cn>
         <ci>p1</ci>
        </apply>
       </math>
      </stoichiometryMath>
     </speciesReference>
    </listOfProducts>
    <!-- <listOfModifiers/> -->
    <kineticLaw>
     <math xmlns="http://www.w3.org/1998/Math/MathML">
      <apply>
       <times/>
       <ci>compartment</ci>
       <ci>k1</ci>
       <ci>S1</ci>
      </apply>
     </math>
     <!-- <listOfParameters/> -->
    </kineticLaw>
   </reaction>
  </listOfReactions>
  <!-- <listOfEvents/> -->
 </model>
</sbml>