<?xml version="1.0" encoding="UTF-8"?>
<sbml xmlns="http://www.sbml.org/sbml/level2/version2" level="2" version="2">
  <model metaid="_case00167" id="case00167" name="case00167">
    <listOfParameters>
      <parameter id="S1" name="S1" value="0.01" constant="false"/>
      <parameter id="S2" name="S2" value="0.02" constant="false"/>
      <parameter id="S3" name="S3" value="0" constant="false"/>
      <parameter id="S4" name="S4" value="0" constant="false"/>
      <parameter id="k1" name="k1" value="0.75"/>
      <parameter id="k2" name="k2" value="0.25"/>
      <parameter id="k3" name="k3" value="0.15"/>
      <parameter id="k4" name="k4" value="0.1"/>
    </listOfParameters>
    <listOfRules>
      <rateRule metaid="rule1" variable="S1">
        <math xmlns="http://www.w3.org/1998/Math/MathML">
          <apply>
            <plus/>
            <apply>
              <times/>
              <ci> k2 </ci>
              <ci> S2 </ci>
            </apply>
            <apply>
              <times/>
              <cn type="integer"> -1 </cn>
              <ci> k1 </ci>
              <ci> S1 </ci>
            </apply>
          </apply>
        </math>
      </rateRule>
      <rateRule metaid="rule2" variable="S2">
        <math xmlns="http://www.w3.org/1998/Math/MathML">
          <apply>
            <plus/>
            <apply>
              <times/>
              <ci> k1 </ci>
              <ci> S1 </ci>
            </apply>
            <apply>
              <times/>
              <cn type="integer"> -1 </cn>
              <ci> k2 </ci>
              <ci> S2 </ci>
            </apply>
            <apply>
              <times/>
              <cn type="integer"> -1 </cn>
              <ci> k3 </ci>
              <ci> S2 </ci>
            </apply>
            <apply>
              <times/>
              <ci> k4 </ci>
              <ci> S3 </ci>
              <ci> S4 </ci>
            </apply>
          </apply>
        </math>
      </rateRule>
      <rateRule metaid="rule3" variable="S3">
        <math xmlns="http://www.w3.org/1998/Math/MathML">
          <apply>
            <plus/>
            <apply>
              <times/>
              <ci> k3 </ci>
              <ci> S2 </ci>
            </apply>
            <apply>
              <times/>
              <cn type="integer"> -1 </cn>
              <ci> k4 </ci>
              <ci> S3 </ci>
              <ci> S4 </ci>
            </apply>
          </apply>
        </math>
      </rateRule>
      <rateRule metaid="rule4" variable="S4">
        <math xmlns="http://www.w3.org/1998/Math/MathML">
          <apply>
            <plus/>
            <apply>
              <times/>
              <ci> k3 </ci>
              <ci> S2 </ci>
            </apply>
            <apply>
              <times/>
              <cn type="integer"> -1 </cn>
              <ci> k4 </ci>
              <ci> S3 </ci>
              <ci> S4 </ci>
            </apply>
          </apply>
        </math>
      </rateRule>
    </listOfRules>
  </model>
</sbml>
