<?xml version="1.0" encoding="UTF-8"?>
<!-- Generated 22-May-2008 14:34:55.1875000 -->
<!-- Generated by MathSBML 2.7.5 [2-May-2008] -->
<!-- Generated using Mathematica Version 5.2 for Microsoft Windows (June 20, 2005) -->
<sbml xmlns="http://www.sbml.org/sbml/level2/version3"
    level="2"
    version="3">
 <model id="case00715"
     name="case00715"
     metaid="_case00715">
  <!-- <listOfFunctionDefinitions/> -->
  <!-- <listOfUnitDefinitions/> -->
  <!-- <listOfCompartmentTypes/> -->
  <!-- <listOfSpeciesTypes/> -->
  <listOfCompartments>
   <compartment id="C"
       name="C"
       spatialDimensions="3"
       units="volume"
       size="0.76"/>
  </listOfCompartments>
  <listOfSpecies>
   <species id="S1"
       name="S1"
       compartment="C"
       boundaryCondition="false"
       constant="false"
       initialConcentration="0.00001"
       substanceUnits="substance"
       hasOnlySubstanceUnits="false"/>
   <species id="S2"
       name="S2"
       compartment="C"
       boundaryCondition="false"
       constant="false"
       initialConcentration="0.000015000000000000002"
       substanceUnits="substance"
       hasOnlySubstanceUnits="false"/>
   <species id="S3"
       name="S3"
       compartment="C"
       boundaryCondition="false"
       constant="false"
       initialConcentration="0.00001"
       substanceUnits="substance"
       hasOnlySubstanceUnits="false"/>
   <species id="S4"
       name="S4"
       compartment="C"
       boundaryCondition="false"
       constant="false"
       substanceUnits="substance"
       hasOnlySubstanceUnits="false"/>
  </listOfSpecies>
  <listOfParameters>
   <parameter id="k1"
       name="k1"
       value="0.015"/>
   <parameter id="k2"
       name="k2"
       value="0.5"/>
   <parameter id="k3"
       name="k3"
       value="1.5"/>
  </listOfParameters>
  <!-- <listOfInitialAssignments/> -->
  <listOfRules>
   <assignmentRule variable="S4"
       metaid="rule1">
    <math xmlns="http://www.w3.org/1998/Math/MathML">
     <apply>
      <times/>
      <ci>k3</ci>
      <ci>S1</ci>
     </apply>
    </math>
   </assignmentRule>
   <rateRule variable="S2"
       metaid="rule2">
    <math xmlns="http://www.w3.org/1998/Math/MathML">
     <apply>
      <plus/>
      <apply>
       <times/>
       <ci>k2</ci>
       <ci>S3</ci>
      </apply>
      <apply>
       <times/>
       <cn type="integer">-1</cn>
       <apply>
        <times/>
        <ci>k1</ci>
        <ci>S1</ci>
       </apply>
      </apply>
     </apply>
    </math>
   </rateRule>
  </listOfRules>
  <!-- <listOfConstraints/> -->
  <listOfReactions>
   <reaction id="reaction1"
       name="reaction1"
       reversible="false"
       fast="false">
    <listOfReactants>
     <speciesReference species="S1"/>
    </listOfReactants>
    <listOfProducts>
     <speciesReference species="S3"/>
    </listOfProducts>
    <!-- <listOfModifiers/> -->
    <kineticLaw>
     <math xmlns="http://www.w3.org/1998/Math/MathML">
      <apply>
       <times/>
       <ci>C</ci>
       <ci>k1</ci>
       <ci>S1</ci>
      </apply>
     </math>
     <!-- <listOfParameters/> -->
    </kineticLaw>
   </reaction>
   <reaction id="reaction2"
       name="reaction2"
       reversible="false"
       fast="false">
    <listOfReactants>
     <speciesReference species="S3"/>
    </listOfReactants>
    <listOfProducts>
     <speciesReference species="S1"/>
    </listOfProducts>
    <!-- <listOfModifiers/> -->
    <kineticLaw>
     <math xmlns="http://www.w3.org/1998/Math/MathML">
      <apply>
       <times/>
       <ci>C</ci>
       <ci>k2</ci>
       <ci>S3</ci>
      </apply>
     </math>
     <!-- <listOfParameters/> -->
    </kineticLaw>
   </reaction>
  </listOfReactions>
  <!-- <listOfEvents/> -->
 </model>
</sbml>