<?xml version="1.0" encoding="UTF-8"?>
<sbml xmlns="http://www.sbml.org/sbml/level2/version2" level="2" version="2">
  <model id="case_01115" name="case_01115">
    <listOfParameters>
      <parameter id="a"/>
      <parameter id="b"/>
      <parameter id="c"/>
      <parameter id="d"/>
      <parameter id="e"/>
    </listOfParameters>
    <listOfInitialAssignments>
      <initialAssignment symbol="a">
        <math xmlns="http://www.w3.org/1998/Math/MathML">
          <apply>
            <plus/>
            <cn type="integer"> 1 </cn>
            <cn type="integer"> 1 </cn>
            <cn type="integer"> 1 </cn>
          </apply>
        </math>
      </initialAssignment>
      <initialAssignment symbol="b">
        <math xmlns="http://www.w3.org/1998/Math/MathML">
          <apply>
            <times/>
            <cn type="integer"> 2 </cn>
            <cn type="integer"> 2 </cn>
            <cn type="integer"> 2 </cn>
          </apply>
        </math>
      </initialAssignment>
      <initialAssignment symbol="c">
        <math xmlns="http://www.w3.org/1998/Math/MathML">
          <piecewise>
            <piece>
              <cn type="integer"> 1 </cn>
              <apply>
                <and/>
                <apply>
                  <and/>
                  <apply>
                    <and/>
                    <true/>
                  </apply>
                  <true/>
                </apply>
                <true/>
              </apply>
            </piece>
            <otherwise>
              <cn type="integer"> 0 </cn>
            </otherwise>
          </piecewise>
        </math>
      </initialAssignment>
      <initialAssignment symbol="d">
        <math xmlns="http://www.w3.org/1998/Math/MathML">
          <piecewise>
            <piece>
              <cn type="integer"> 1 </cn>
              <apply>
                <or/>
                <apply>
                  <or/>
                  <apply>
                    <or/>
                    <true/>
                  </apply>
                  <true/>
                </apply>
                <true/>
              </apply>
            </piece>
            <otherwise>
              <cn type="integer"> 0 </cn>
            </otherwise>
          </piecewise>
        </math>
      </initialAssignment>
      <initialAssignment symbol="e">
        <math xmlns="http://www.w3.org/1998/Math/MathML">
          <piecewise>
            <piece>
              <cn type="integer"> 1 </cn>
              <apply>
                <xor/>
                <apply>
                  <xor/>
                  <apply>
                    <xor/>
                    <true/>
                  </apply>
                  <true/>
                </apply>
                <true/>
              </apply>
            </piece>
            <otherwise>
              <cn type="integer"> 0 </cn>
            </otherwise>
          </piecewise>
        </math>
      </initialAssignment>
    </listOfInitialAssignments>
  </model>
</sbml>
