<?xml version="1.0" encoding="UTF-8"?>
<sbml xmlns="http://www.sbml.org/sbml/level3/version1/core" level="3" version="1">
  <model metaid="_case00665" id="case00665" name="case00665" timeUnits="time">
    <listOfUnitDefinitions>
      <unitDefinition id="volume">
        <listOfUnits>
          <unit kind="litre" exponent="1" scale="0" multiplier="1"/>
        </listOfUnits>
      </unitDefinition>
      <unitDefinition id="substance">
        <listOfUnits>
          <unit kind="mole" exponent="1" scale="0" multiplier="1"/>
        </listOfUnits>
      </unitDefinition>
      <unitDefinition id="time">
        <listOfUnits>
          <unit kind="second" exponent="1" scale="0" multiplier="1"/>
        </listOfUnits>
      </unitDefinition>
    </listOfUnitDefinitions>
    <listOfCompartments>
      <compartment id="C" name="C" spatialDimensions="3" size="1" units="volume" constant="true"/>
    </listOfCompartments>
    <listOfSpecies>
      <species id="X0" name="X0" compartment="C" initialAmount="1.25" substanceUnits="substance" hasOnlySubstanceUnits="false" boundaryCondition="false" constant="false"/>
      <species id="X1" name="X1" compartment="C" initialAmount="1.5" substanceUnits="substance" hasOnlySubstanceUnits="false" boundaryCondition="false" constant="false"/>
      <species id="T" name="T" compartment="C" initialAmount="1" substanceUnits="substance" hasOnlySubstanceUnits="false" boundaryCondition="false" constant="false"/>
      <species id="S1" name="S1" compartment="C" initialAmount="3.75" substanceUnits="substance" hasOnlySubstanceUnits="false" boundaryCondition="false" constant="false"/>
    </listOfSpecies>
    <listOfParameters>
      <parameter id="k1" name="k1" value="0.1" constant="true"/>
      <parameter id="k2" name="k2" value="0.2" constant="true"/>
    </listOfParameters>
    <listOfRules>
      <algebraicRule metaid="rule1">
        <math xmlns="http://www.w3.org/1998/Math/MathML">
          <apply>
            <plus/>
            <apply>
              <times/>
              <cn type="integer"> -1 </cn>
              <ci> S1 </ci>
            </apply>
            <ci> T </ci>
            <ci> X0 </ci>
            <ci> X1 </ci>
          </apply>
        </math>
      </algebraicRule>
    </listOfRules>
    <listOfReactions>
      <reaction id="reaction1" name="reaction1" reversible="false" fast="false">
        <listOfReactants>
          <speciesReference species="X0" stoichiometry="1" constant="true"/>
        </listOfReactants>
        <listOfProducts>
          <speciesReference species="T" stoichiometry="1" constant="true"/>
        </listOfProducts>
        <kineticLaw>
          <math xmlns="http://www.w3.org/1998/Math/MathML">
            <apply>
              <times/>
              <ci> C </ci>
              <ci> k1 </ci>
              <ci> X0 </ci>
            </apply>
          </math>
        </kineticLaw>
      </reaction>
      <reaction id="reaction2" name="reaction2" reversible="false" fast="false">
        <listOfReactants>
          <speciesReference species="T" stoichiometry="1" constant="true"/>
        </listOfReactants>
        <listOfProducts>
          <speciesReference species="X1" stoichiometry="1" constant="true"/>
        </listOfProducts>
        <kineticLaw>
          <math xmlns="http://www.w3.org/1998/Math/MathML">
            <apply>
              <times/>
              <ci> C </ci>
              <ci> k2 </ci>
              <ci> T </ci>
            </apply>
          </math>
        </kineticLaw>
      </reaction>
    </listOfReactions>
    <listOfEvents>
      <event id="event1" name="event1" useValuesFromTriggerTime="true">
        <trigger initialValue="true" persistent="true">
          <math xmlns="http://www.w3.org/1998/Math/MathML">
            <apply>
              <gt/>
              <ci> X1 </ci>
              <cn type="integer"> 2 </cn>
            </apply>
          </math>
        </trigger>
        <delay>
          <math xmlns="http://www.w3.org/1998/Math/MathML">
            <cn> 4.3 </cn>
          </math>
        </delay>
        <listOfEventAssignments>
          <eventAssignment variable="X1">
            <math xmlns="http://www.w3.org/1998/Math/MathML">
              <cn type="integer"> 1 </cn>
            </math>
          </eventAssignment>
        </listOfEventAssignments>
      </event>
    </listOfEvents>
  </model>
</sbml>
