<?xml version="1.0" encoding="utf-8"?>
<!-- Written by libSedML v1.1.5123.24255 see http://libsedml.sf.net -->
<sedML level="1" version="1" xmlns="http://sed-ml.org/">
  <listOfSimulations>
    <uniformTimeCourse id="simulation_1" initialTime="0" outputStartTime="0" outputEndTime="1" numberOfPoints="10">
      <algorithm kisaoID="KISAO:0000019" />
    </uniformTimeCourse>
  </listOfSimulations>
  <listOfModels>
    <model id="model_1" language="urn:sedml:language:sbml" source="01174-sbml-l3v1.xml" />
  </listOfModels>
  <listOfTasks>
    <task id="task_1" modelReference="model_1" simulationReference="simulation_1" />
  </listOfTasks>
  <listOfDataGenerators>
    <dataGenerator id="time_1" name="time">
      <listOfVariables>
        <variable id="time" taskReference="task_1" symbol="urn:sedml:symbol:time" />
      </listOfVariables>
      <math xmlns="http://www.w3.org/1998/Math/MathML">
        <ci> time </ci>
      </math>
    </dataGenerator>
    <dataGenerator id="t3_1" name="t3">
      <listOfVariables>
        <variable id="t3" name="t3" taskReference="task_1" target="/sbml:sbml/sbml:model/sbml:listOfParameters/sbml:parameter[@id='t3']" />
      </listOfVariables>
      <math xmlns="http://www.w3.org/1998/Math/MathML">
        <ci> t3 </ci>
      </math>
    </dataGenerator>
    <dataGenerator id="t4_1" name="t4">
      <listOfVariables>
        <variable id="t4" name="t4" taskReference="task_1" target="/sbml:sbml/sbml:model/sbml:listOfParameters/sbml:parameter[@id='t4']" />
      </listOfVariables>
      <math xmlns="http://www.w3.org/1998/Math/MathML">
        <ci> t4 </ci>
      </math>
    </dataGenerator>
  </listOfDataGenerators>
  <listOfOutputs>
    <plot2D id="plot_1" name="Timecourse for test 01174">
      <listOfCurves>
        <curve id="c_t3_1" name="t3" logX="false" logY="false" xDataReference="time_1" yDataReference="t3_1" />
        <curve id="c_t4_1" name="t4" logX="false" logY="false" xDataReference="time_1" yDataReference="t4_1" />
      </listOfCurves>
    </plot2D>
    <report id="report_1" name="Report for test 01174">
      <listOfDataSets>
        <dataSet id="ds_time" dataReference="time_1" label="Time" />
        <dataSet id="ds_t3_1" dataReference="t3_1" label="t3" />
        <dataSet id="ds_t4_1" dataReference="t4_1" label="t4" />
      </listOfDataSets>
    </report>
  </listOfOutputs>
</sedML>