<?xml version="1.0" encoding="UTF-8"?>
<!-- Generated 9-February-2009 15:08:23.3125000 -->
<!-- Generated by MathSBML 2.7.5 [2-May-2008] -->
<!-- Generated using Mathematica Version 5.2 for Microsoft Windows (June 20, 2005) -->
<sbml xmlns="http://www.sbml.org/sbml/level2/version3"
    level="2"
    version="3">
 <model id="case00596"
     name="case00596"
     metaid="_case00596">
  <!-- <listOfFunctionDefinitions/> -->
  <!-- <listOfUnitDefinitions/> -->
  <!-- <listOfCompartmentTypes/> -->
  <!-- <listOfSpeciesTypes/> -->
  <listOfCompartments>
   <compartment id="C"
       name="C"
       spatialDimensions="3"
       units="volume"
       size="1."/>
  </listOfCompartments>
  <listOfSpecies>
   <species id="S1"
       name="S1"
       compartment="C"
       boundaryCondition="false"
       constant="false"
       initialConcentration="0.30000000000000004"
       substanceUnits="substance"
       hasOnlySubstanceUnits="false"/>
   <species id="S2"
       name="S2"
       compartment="C"
       boundaryCondition="false"
       constant="false"
       initialConcentration="0"
       substanceUnits="substance"
       hasOnlySubstanceUnits="false"/>
   <species id="S3"
       name="S3"
       compartment="C"
       boundaryCondition="false"
       constant="false"
       initialConcentration="0"
       substanceUnits="substance"
       hasOnlySubstanceUnits="false"/>
  </listOfSpecies>
  <listOfParameters>
   <parameter id="k"
       name="k"
       value="1."/>
  </listOfParameters>
  <!-- <listOfInitialAssignments/> -->
  <!-- <listOfRules/> -->
  <!-- <listOfConstraints/> -->
  <listOfReactions>
   <reaction id="reaction1"
       name="reaction1"
       reversible="false"
       fast="false">
    <listOfReactants>
     <speciesReference species="S1"/>
    </listOfReactants>
    <listOfProducts>
     <speciesReference species="S2"/>
    </listOfProducts>
    <!-- <listOfModifiers/> -->
    <kineticLaw>
     <math xmlns="http://www.w3.org/1998/Math/MathML">
      <apply>
       <times/>
       <ci>C</ci>
       <ci>k</ci>
       <ci>S1</ci>
      </apply>
     </math>
     <!-- <listOfParameters/> -->
    </kineticLaw>
   </reaction>
   <reaction id="reaction2"
       name="reaction2"
       reversible="false"
       fast="false">
    <listOfReactants>
     <speciesReference species="S2"/>
    </listOfReactants>
    <listOfProducts>
     <speciesReference species="S3"/>
    </listOfProducts>
    <!-- <listOfModifiers/> -->
    <kineticLaw>
     <math xmlns="http://www.w3.org/1998/Math/MathML">
      <apply>
       <times/>
       <ci>C</ci>
       <ci>k</ci>
       <ci>S2</ci>
      </apply>
     </math>
     <listOfParameters>
      <parameter id="k"
          value="2"/>
     </listOfParameters>
    </kineticLaw>
   </reaction>
  </listOfReactions>
  <!-- <listOfEvents/> -->
 </model>
</sbml>