<?xml version="1.0" encoding="UTF-8"?>
<!-- Created by libAntimony version v1.4 on 2011-03-07 16:45 with libSBML version 5.0.0-b1. -->
<sbml xmlns="http://www.sbml.org/sbml/level3/version1/core" level="3" version="1">
  <model id="case00980" name="case00980">
    <listOfParameters>
      <parameter id="x" value="0" constant="false"/>
      <parameter id="y" value="0" constant="false"/>
      <parameter id="p" value="0" constant="false"/>
      <parameter id="q" value="0" constant="false"/>
    </listOfParameters>
    <listOfEvents>
      <event id="_E0" useValuesFromTriggerTime="false">
        <trigger initialValue="true" persistent="true">
          <math xmlns="http://www.w3.org/1998/Math/MathML">
            <apply>
              <geq/>
              <csymbol encoding="text" definitionURL="http://www.sbml.org/sbml/symbols/time"> time </csymbol>
              <cn> 0.98 </cn>
            </apply>
          </math>
        </trigger>
        <delay>
          <math xmlns="http://www.w3.org/1998/Math/MathML">
            <cn> 0.1 </cn>
          </math>
        </delay>
        <listOfEventAssignments>
          <eventAssignment variable="y">
            <math xmlns="http://www.w3.org/1998/Math/MathML">
              <apply>
                <plus/>
                <ci> y </ci>
                <ci> x </ci>
              </apply>
            </math>
          </eventAssignment>
          <eventAssignment variable="x">
            <math xmlns="http://www.w3.org/1998/Math/MathML">
              <cn type="integer"> 2 </cn>
            </math>
          </eventAssignment>
        </listOfEventAssignments>
      </event>
      <event id="_E1" useValuesFromTriggerTime="false">
        <trigger initialValue="true" persistent="true">
          <math xmlns="http://www.w3.org/1998/Math/MathML">
            <apply>
              <geq/>
              <csymbol encoding="text" definitionURL="http://www.sbml.org/sbml/symbols/time"> time </csymbol>
              <cn> 0.99 </cn>
            </apply>
          </math>
        </trigger>
        <delay>
          <math xmlns="http://www.w3.org/1998/Math/MathML">
            <cn> 0.1 </cn>
          </math>
        </delay>
        <listOfEventAssignments>
          <eventAssignment variable="p">
            <math xmlns="http://www.w3.org/1998/Math/MathML">
              <cn type="integer"> 3 </cn>
            </math>
          </eventAssignment>
          <eventAssignment variable="q">
            <math xmlns="http://www.w3.org/1998/Math/MathML">
              <apply>
                <plus/>
                <ci> p </ci>
                <cn type="integer"> 1 </cn>
              </apply>
            </math>
          </eventAssignment>
        </listOfEventAssignments>
      </event>
    </listOfEvents>
  </model>
</sbml>
