<?xml version="1.0" encoding="UTF-8"?>
<!-- Generated 15-April-2008 14:53:01.5156250 -->
<!-- Generated by MathSBML 2.7.2b -->
<!-- Generated using Mathematica Version 5.2 for Microsoft Windows (June 20, 2005) -->
<sbml xmlns="http://www.sbml.org/sbml/level2/version3"
    level="2"
    version="3">
 <model id="case00397"
     name="case00397"
     metaid="_case00397">
  <!-- <listOfFunctionDefinitions/> -->
  <!-- <listOfUnitDefinitions/> -->
  <!-- <listOfCompartmentTypes/> -->
  <!-- <listOfSpeciesTypes/> -->
  <!-- <listOfCompartments/> -->
  <!-- <listOfSpecies/> -->
  <listOfParameters>
   <parameter id="S1"
       name="S1"
       value="1."
       constant="false"/>
   <parameter id="S2"
       name="S2"
       value="2."
       constant="false"/>
   <parameter id="S3"
       name="S3"
       value="1."
       constant="false"/>
   <parameter id="k1"
       name="k1"
       value="0.75"/>
   <parameter id="k2"
       name="k2"
       value="0.25"/>
  </listOfParameters>
  <!-- <listOfInitialAssignments/> -->
  <listOfRules>
   <rateRule variable="S1"
       metaid="rule1">
    <math xmlns="http://www.w3.org/1998/Math/MathML">
     <apply>
      <plus/>
      <apply>
       <times/>
       <ci>k2</ci>
       <ci>S3</ci>
      </apply>
      <apply>
       <times/>
       <cn type="integer">-1</cn>
       <apply>
        <times/>
        <ci>k1</ci>
        <ci>S1</ci>
        <ci>S2</ci>
       </apply>
      </apply>
     </apply>
    </math>
   </rateRule>
   <rateRule variable="S2"
       metaid="rule2">
    <math xmlns="http://www.w3.org/1998/Math/MathML">
     <apply>
      <plus/>
      <apply>
       <times/>
       <ci>k2</ci>
       <ci>S3</ci>
      </apply>
      <apply>
       <times/>
       <cn type="integer">-1</cn>
       <apply>
        <times/>
        <ci>k1</ci>
        <ci>S1</ci>
        <ci>S2</ci>
       </apply>
      </apply>
     </apply>
    </math>
   </rateRule>
   <rateRule variable="S3"
       metaid="rule3">
    <math xmlns="http://www.w3.org/1998/Math/MathML">
     <apply>
      <plus/>
      <apply>
       <times/>
       <ci>k1</ci>
       <ci>S1</ci>
       <ci>S2</ci>
      </apply>
      <apply>
       <times/>
       <cn type="integer">-1</cn>
       <apply>
        <times/>
        <ci>k2</ci>
        <ci>S3</ci>
       </apply>
      </apply>
     </apply>
    </math>
   </rateRule>
  </listOfRules>
  <!-- <listOfConstraints/> -->
  <!-- <listOfReactions/> -->
  <listOfEvents>
   <event id="event1"
       name="event1">
    <trigger>
     <math xmlns="http://www.w3.org/1998/Math/MathML">
      <apply>
       <lt/>
       <ci>S1</ci>
       <cn type="real">0.75</cn>
      </apply>
     </math>
    </trigger>
    <listOfEventAssignments>
     <eventAssignment variable="S2">
      <math xmlns="http://www.w3.org/1998/Math/MathML">
       <cn type="integer">1</cn>
      </math>
     </eventAssignment>
    </listOfEventAssignments>
   </event>
   <event id="event2"
       name="event2">
    <trigger>
     <math xmlns="http://www.w3.org/1998/Math/MathML">
      <apply>
       <gt/>
       <ci>S3</ci>
       <cn type="real">1.4</cn>
      </apply>
     </math>
    </trigger>
    <listOfEventAssignments>
     <eventAssignment variable="S1">
      <math xmlns="http://www.w3.org/1998/Math/MathML">
       <cn type="integer">1</cn>
      </math>
     </eventAssignment>
    </listOfEventAssignments>
   </event>
  </listOfEvents>
 </model>
</sbml>