<?xml version="1.0" encoding="UTF-8"?>
<sbml xmlns="http://www.sbml.org/sbml/level3/version1/core" xmlns:comp="http://www.sbml.org/sbml/level3/version1/comp/version1" level="3" version="1" comp:required="true">
  <model>
    <listOfCompartments>
      <compartment id="C" spatialDimensions="3" size="10" constant="true">
        <comp:listOfReplacedElements>
          <comp:replacedElement comp:idRef="sub1" comp:submodelRef="sub2">
            <comp:sBaseRef comp:idRef="C"/>
          </comp:replacedElement>
        </comp:listOfReplacedElements>
      </compartment>
    </listOfCompartments>
    <listOfSpecies>
      <species id="S1" compartment="C" initialAmount="5" hasOnlySubstanceUnits="false" boundaryCondition="false" constant="true"/>
    </listOfSpecies>
    <comp:listOfSubmodels>
      <comp:submodel comp:id="sub1" comp:modelRef="moddef1"/>
      <comp:submodel comp:id="sub2" comp:modelRef="moddef2"/>
      <comp:submodel comp:id="sub3" comp:modelRef="moddef3"/>
    </comp:listOfSubmodels>
  </model>
  <comp:listOfModelDefinitions>
    <comp:modelDefinition id="moddef1">
      <listOfCompartments>
        <compartment id="C" spatialDimensions="3" size="1" constant="true"/>
      </listOfCompartments>
      <listOfSpecies>
        <species id="S1" compartment="C" initialAmount="7" hasOnlySubstanceUnits="false" boundaryCondition="false" constant="true"/>
      </listOfSpecies>
    </comp:modelDefinition>
    <comp:modelDefinition id="moddef2">
      <listOfCompartments>
        <compartment id="C" spatialDimensions="3" size="1" constant="true"/>
      </listOfCompartments>
      <listOfSpecies>
        <species id="S1" compartment="C" initialAmount="9" hasOnlySubstanceUnits="false" boundaryCondition="false" constant="true"/>
      </listOfSpecies>
      <comp:listOfSubmodels>
        <comp:submodel comp:id="sub1" comp:modelRef="moddef1"/>
      </comp:listOfSubmodels>
    </comp:modelDefinition>
    <comp:modelDefinition id="moddef3">
      <listOfCompartments>
        <compartment id="C" spatialDimensions="3" size="1" constant="true"/>
      </listOfCompartments>
      <listOfSpecies>
        <species id="S1" compartment="C" initialAmount="11" hasOnlySubstanceUnits="false" boundaryCondition="false" constant="true"/>
      </listOfSpecies>
      <comp:listOfSubmodels>
        <comp:submodel comp:id="sub1" comp:modelRef="moddef1"/>
        <comp:submodel comp:id="sub2" comp:modelRef="moddef2"/>
      </comp:listOfSubmodels>
    </comp:modelDefinition>
  </comp:listOfModelDefinitions>
</sbml>
