<?xml version="1.0" encoding="UTF-8"?>
<sbml xmlns="http://www.sbml.org/sbml/level3/version1/core" level="3" version="1">
  <model id="case00971" name="case00971">
    <listOfCompartments>
      <compartment sboTerm="SBO:0000410" id="default_compartment" spatialDimensions="3" size="1" constant="true"/>
    </listOfCompartments>
    <listOfSpecies>
      <species id="X" compartment="default_compartment" initialConcentration="0" hasOnlySubstanceUnits="false" boundaryCondition="false" constant="false"/>
    </listOfSpecies>
    <listOfParameters>
      <parameter id="k1" value="1" constant="true"/>
    </listOfParameters>
    <listOfRules>
      <assignmentRule variable="Xref">
        <math xmlns="http://www.w3.org/1998/Math/MathML">
          <cn type="integer"> 3 </cn>
        </math>
      </assignmentRule>
    </listOfRules>
    <listOfReactions>
      <reaction id="J0" reversible="true" fast="false">
        <listOfProducts>
          <speciesReference id="Xref" stoichiometry="1" species="X" constant="false"/>
        </listOfProducts>
        <kineticLaw>
          <math xmlns="http://www.w3.org/1998/Math/MathML">
            <ci> k1 </ci>
          </math>
        </kineticLaw>
      </reaction>
    </listOfReactions>
  </model>
</sbml>
