<?xml version="1.0" encoding="UTF-8"?>
<sbml xmlns="http://www.sbml.org/sbml/level1" level="1" version="2">
  <model name="case00058">
    <listOfCompartments>
      <compartment name="compartment" volume="1" units="volume"/>
    </listOfCompartments>
    <listOfSpecies>
      <species name="S1" compartment="compartment" initialAmount="0.0003" units="substance"/>
      <species name="S2" compartment="compartment" initialAmount="0" units="substance"/>
      <species name="S3" compartment="compartment" initialAmount="0" units="substance"/>
    </listOfSpecies>
    <listOfParameters>
      <parameter name="k" value="1"/>
    </listOfParameters>
    <listOfReactions>
      <reaction name="reaction1" reversible="false">
        <listOfReactants>
          <speciesReference species="S1"/>
        </listOfReactants>
        <listOfProducts>
          <speciesReference species="S2"/>
        </listOfProducts>
        <kineticLaw formula="compartment * k * S1"/>
      </reaction>
      <reaction name="reaction2" reversible="false">
        <listOfReactants>
          <speciesReference species="S2"/>
        </listOfReactants>
        <listOfProducts>
          <speciesReference species="S3"/>
        </listOfProducts>
        <kineticLaw formula="compartment * k * S2">
          <listOfParameters>
            <parameter name="k" value="2"/>
          </listOfParameters>
        </kineticLaw>
      </reaction>
    </listOfReactions>
  </model>
</sbml>
