<?xml version="1.0" encoding="utf-8"?>
<!-- Written by libSedML v1.1.5123.24255 see http://libsedml.sf.net -->
<sedML level="1" version="1" xmlns="http://sed-ml.org/">
  <listOfSimulations>
    <uniformTimeCourse id="simulation_1" initialTime="0" outputStartTime="0" outputEndTime="1" numberOfPoints="10">
      <algorithm kisaoID="KISAO:0000019" />
    </uniformTimeCourse>
  </listOfSimulations>
  <listOfModels>
    <model id="model_1" language="urn:sedml:language:sbml" source="01126-sbml-l3v1.xml" />
  </listOfModels>
  <listOfTasks>
    <task id="task_1" modelReference="model_1" simulationReference="simulation_1" />
  </listOfTasks>
  <listOfDataGenerators>
    <dataGenerator id="time_1" name="time">
      <listOfVariables>
        <variable id="time" taskReference="task_1" symbol="urn:sedml:symbol:time" />
      </listOfVariables>
      <math xmlns="http://www.w3.org/1998/Math/MathML">
        <ci> time </ci>
      </math>
    </dataGenerator>
    <dataGenerator id="param1_1" name="param1">
      <listOfVariables>
        <variable id="param1" name="param1" taskReference="task_1" target="/sbml:sbml/sbml:model/sbml:listOfParameters/sbml:parameter[@id='param1']" />
      </listOfVariables>
      <math xmlns="http://www.w3.org/1998/Math/MathML">
        <ci> param1 </ci>
      </math>
    </dataGenerator>
    <dataGenerator id="submod1__subparam2_1" name="submod1__subparam2">
      <listOfVariables>
        <variable id="submod1__subparam2" name="submod1__subparam2" taskReference="task_1" target="/sbml:sbml/sbml:model/sbml:listOfParameters/sbml:parameter[@id='submod1__subparam2']" />
      </listOfVariables>
      <math xmlns="http://www.w3.org/1998/Math/MathML">
        <ci> submod1__subparam2 </ci>
      </math>
    </dataGenerator>
  </listOfDataGenerators>
  <listOfOutputs>
    <plot2D id="plot_1" name="Timecourse for test 01126">
      <listOfCurves>
        <curve id="c_param1_1" name="param1" logX="false" logY="false" xDataReference="time_1" yDataReference="param1_1" />
        <curve id="c_submod1__subparam2_1" name="submod1__subparam2" logX="false" logY="false" xDataReference="time_1" yDataReference="submod1__subparam2_1" />
      </listOfCurves>
    </plot2D>
    <report id="report_1" name="Report for test 01126">
      <listOfDataSets>
        <dataSet id="ds_time" dataReference="time_1" label="Time" />
        <dataSet id="ds_param1_1" dataReference="param1_1" label="param1" />
        <dataSet id="ds_submod1__subparam2_1" dataReference="submod1__subparam2_1" label="submod1__subparam2" />
      </listOfDataSets>
    </report>
  </listOfOutputs>
</sedML>