<?xml version="1.0" encoding="UTF-8"?>
<!-- Created by libAntimony version v2.1-beta on 2012-01-18 10:55 with libSBML version 5.1.0-b0. -->
<sbml xmlns="http://www.sbml.org/sbml/level3/version1/core" level="3" version="1">
  <model id="case_01113" name="case_01113">
    <listOfParameters>
      <parameter id="a" constant="true"/>
      <parameter id="b" constant="true"/>
      <parameter id="c" constant="true"/>
      <parameter id="d" constant="true"/>
      <parameter id="e" constant="true"/>
    </listOfParameters>
    <listOfInitialAssignments>
      <initialAssignment symbol="a">
        <math xmlns="http://www.w3.org/1998/Math/MathML">
          <apply>
            <plus/>
            <cn type="integer"> 1 </cn>
          </apply>
        </math>
      </initialAssignment>
      <initialAssignment symbol="b">
        <math xmlns="http://www.w3.org/1998/Math/MathML">
          <apply>
            <times/>
            <cn type="integer"> 2 </cn>
          </apply>
        </math>
      </initialAssignment>
      <initialAssignment symbol="c">
        <math xmlns="http://www.w3.org/1998/Math/MathML">
          <piecewise>
            <piece>
              <cn type="integer"> 1 </cn>
              <apply>
                <and/>
                <true/>
              </apply>
            </piece>
            <otherwise>
              <cn type="integer"> 0 </cn>
            </otherwise>
          </piecewise>
        </math>
      </initialAssignment>
      <initialAssignment symbol="d">
        <math xmlns="http://www.w3.org/1998/Math/MathML">
          <piecewise>
            <piece>
              <cn type="integer"> 1 </cn>
              <apply>
                <or/>
                <true/>
              </apply>
            </piece>
            <otherwise>
              <cn type="integer"> 0 </cn>
            </otherwise>
          </piecewise>
        </math>
      </initialAssignment>
      <initialAssignment symbol="e">
        <math xmlns="http://www.w3.org/1998/Math/MathML">
          <piecewise>
            <piece>
              <cn type="integer"> 1 </cn>
              <apply>
                <xor/>
                <true/>
              </apply>
            </piece>
            <otherwise>
              <cn type="integer"> 0 </cn>
            </otherwise>
          </piecewise>
        </math>
      </initialAssignment>
    </listOfInitialAssignments>
  </model>
</sbml>
