<?xml version="1.0" encoding="UTF-8"?>
<sbml xmlns="http://www.sbml.org/sbml/level2/version4" level="2" version="4">
  <model metaid="_case00902" id="case00902" name="case00902">
    <listOfCompartments>
      <compartment id="c" name="c" size="0.015" units="volume" constant="false"/>
    </listOfCompartments>
    <listOfRules>
      <rateRule metaid="rule1" variable="c">
        <math xmlns="http://www.w3.org/1998/Math/MathML">
          <apply>
            <times/>
            <cn> 0.5 </cn>
            <ci> c </ci>
          </apply>
        </math>
      </rateRule>
    </listOfRules>
  </model>
</sbml>
