<?xml version="1.0" encoding="UTF-8"?>
<sbml xmlns="http://www.sbml.org/sbml/level3/version1/core" level="3" version="1">
  <model id="case00960" name="case00960" timeUnits="time">
    <notes>
      <body xmlns="http://www.w3.org/1999/xhtml">
        <p> Originally created by libAntimony v1.4 (using libSBML 5.0.0-a1) </p>
      </body>
    </notes>
    <listOfUnitDefinitions>
      <unitDefinition id="volume">
        <listOfUnits>
          <unit kind="litre" exponent="1" scale="0" multiplier="1"/>
        </listOfUnits>
      </unitDefinition>
      <unitDefinition id="time">
        <listOfUnits>
          <unit kind="second" exponent="1" scale="0" multiplier="1"/>
        </listOfUnits>
      </unitDefinition>
    </listOfUnitDefinitions>
    <listOfParameters>
      <parameter id="P1" constant="true"/>
      <parameter id="P2" constant="true"/>
      <parameter id="P3" constant="true"/>
      <parameter id="P4" constant="true"/>
      <parameter id="P5" constant="true"/>
    </listOfParameters>
    <listOfInitialAssignments>
      <initialAssignment symbol="P1">
        <math xmlns="http://www.w3.org/1998/Math/MathML">
          <csymbol encoding="text" definitionURL="http://www.sbml.org/sbml/symbols/avogadro"> avogadro </csymbol>
        </math>
      </initialAssignment>
      <initialAssignment symbol="P2">
        <math xmlns="http://www.w3.org/1998/Math/MathML">
          <csymbol encoding="text" definitionURL="http://www.sbml.org/sbml/symbols/avogadro"> time </csymbol>
        </math>
      </initialAssignment>
      <initialAssignment symbol="P3">
        <math xmlns="http://www.w3.org/1998/Math/MathML">
          <csymbol encoding="text" definitionURL="http://www.sbml.org/sbml/symbols/avogadro"> delay </csymbol>
        </math>
      </initialAssignment>
      <initialAssignment symbol="P4">
        <math xmlns="http://www.w3.org/1998/Math/MathML">
          <csymbol encoding="text" definitionURL="http://www.sbml.org/sbml/symbols/avogadro" />
        </math>
      </initialAssignment>
      <initialAssignment symbol="P5">
        <math xmlns="http://www.w3.org/1998/Math/MathML">
          <apply>
            <minus/>
            <csymbol encoding="text" definitionURL="http://www.sbml.org/sbml/symbols/avogadro"> avogadro </csymbol>
            <cn type="e-notation"> 6.0221 <sep/> 23 </cn>
          </apply>
        </math>
      </initialAssignment>
    </listOfInitialAssignments>
  </model>
</sbml>
