<?xml version="1.0" encoding="utf-8"?>
<!-- Written by libSedML v1.1.5123.24255 see http://libsedml.sf.net -->
<sedML level="1" version="1" xmlns="http://sed-ml.org/">
  <listOfSimulations>
    <uniformTimeCourse id="simulation_1" initialTime="0" outputStartTime="0" outputEndTime="10" numberOfPoints="50">
      <algorithm kisaoID="KISAO:0000019" />
    </uniformTimeCourse>
  </listOfSimulations>
  <listOfModels>
    <model id="model_1" language="urn:sedml:language:sbml" source="00879-sbml-l2v2.xml" />
  </listOfModels>
  <listOfTasks>
    <task id="task_1" modelReference="model_1" simulationReference="simulation_1" />
  </listOfTasks>
  <listOfDataGenerators>
    <dataGenerator id="time_1" name="time">
      <listOfVariables>
        <variable id="time" taskReference="task_1" symbol="urn:sedml:symbol:time" />
      </listOfVariables>
      <math xmlns="http://www.w3.org/1998/Math/MathML">
        <ci> time </ci>
      </math>
    </dataGenerator>
    <dataGenerator id="S1_1" name="S1">
      <listOfVariables>
        <variable id="S1_1_s" taskReference="task_1" target="/sbml:sbml/sbml:model/sbml:listOfSpecies/sbml:species[@id='S1']" />
        <variable id="S1_1_c" taskReference="task_1" target="/sbml:sbml/sbml:model/sbml:listOfCompartments/sbml:compartment[@id='C']" />
      </listOfVariables>
      <math xmlns="http://www.w3.org/1998/Math/MathML">
        <apply>
          <times />
          <ci> S1_1_s </ci>
          <ci> S1_1_c </ci>
        </apply>
      </math>
    </dataGenerator>
    <dataGenerator id="S2_1" name="S2">
      <listOfVariables>
        <variable id="S2_1_s" taskReference="task_1" target="/sbml:sbml/sbml:model/sbml:listOfSpecies/sbml:species[@id='S2']" />
        <variable id="S2_1_c" taskReference="task_1" target="/sbml:sbml/sbml:model/sbml:listOfCompartments/sbml:compartment[@id='C']" />
      </listOfVariables>
      <math xmlns="http://www.w3.org/1998/Math/MathML">
        <apply>
          <times />
          <ci> S2_1_s </ci>
          <ci> S2_1_c </ci>
        </apply>
      </math>
    </dataGenerator>
    <dataGenerator id="S3_1" name="S3">
      <listOfVariables>
        <variable id="S3_1_s" taskReference="task_1" target="/sbml:sbml/sbml:model/sbml:listOfSpecies/sbml:species[@id='S3']" />
        <variable id="S3_1_c" taskReference="task_1" target="/sbml:sbml/sbml:model/sbml:listOfCompartments/sbml:compartment[@id='C']" />
      </listOfVariables>
      <math xmlns="http://www.w3.org/1998/Math/MathML">
        <apply>
          <times />
          <ci> S3_1_s </ci>
          <ci> S3_1_c </ci>
        </apply>
      </math>
    </dataGenerator>
    <dataGenerator id="S4_1" name="S4">
      <listOfVariables>
        <variable id="S4_1_s" taskReference="task_1" target="/sbml:sbml/sbml:model/sbml:listOfSpecies/sbml:species[@id='S4']" />
        <variable id="S4_1_c" taskReference="task_1" target="/sbml:sbml/sbml:model/sbml:listOfCompartments/sbml:compartment[@id='C']" />
      </listOfVariables>
      <math xmlns="http://www.w3.org/1998/Math/MathML">
        <apply>
          <times />
          <ci> S4_1_s </ci>
          <ci> S4_1_c </ci>
        </apply>
      </math>
    </dataGenerator>
  </listOfDataGenerators>
  <listOfOutputs>
    <plot2D id="plot_1" name="Timecourse for test 00879">
      <listOfCurves>
        <curve id="c_S1_1" name="S1" logX="false" logY="false" xDataReference="time_1" yDataReference="S1_1" />
        <curve id="c_S2_1" name="S2" logX="false" logY="false" xDataReference="time_1" yDataReference="S2_1" />
        <curve id="c_S3_1" name="S3" logX="false" logY="false" xDataReference="time_1" yDataReference="S3_1" />
        <curve id="c_S4_1" name="S4" logX="false" logY="false" xDataReference="time_1" yDataReference="S4_1" />
      </listOfCurves>
    </plot2D>
    <report id="report_1" name="Report for test 00879">
      <listOfDataSets>
        <dataSet id="ds_time" dataReference="time_1" label="Time" />
        <dataSet id="ds_S1_1" dataReference="S1_1" label="S1" />
        <dataSet id="ds_S2_1" dataReference="S2_1" label="S2" />
        <dataSet id="ds_S3_1" dataReference="S3_1" label="S3" />
        <dataSet id="ds_S4_1" dataReference="S4_1" label="S4" />
      </listOfDataSets>
    </report>
  </listOfOutputs>
</sedML>