<?xml version="1.0" encoding="UTF-8"?>
<sbml xmlns="http://www.sbml.org/sbml/level2/version4" level="2" version="4">
  <model metaid="_case00174" id="case00174" name="case00174">
    <listOfParameters>
      <parameter id="S1" name="S1" value="0" constant="false"/>
    </listOfParameters>
    <listOfRules>
      <assignmentRule metaid="rule1" variable="S1">
        <math xmlns="http://www.w3.org/1998/Math/MathML">
          <cn type="integer"> 7 </cn>
        </math>
      </assignmentRule>
    </listOfRules>
  </model>
</sbml>
