<?xml version="1.0" encoding="UTF-8"?>
<sbml xmlns="http://www.sbml.org/sbml/level3/version1/core" level="3" version="1">
  <model metaid="_case00174" id="case00174" name="case00174" timeUnits="time">
    <listOfUnitDefinitions>
      <unitDefinition id="time">
        <listOfUnits>
          <unit kind="second" exponent="1" scale="0" multiplier="1"/>
        </listOfUnits>
      </unitDefinition>
    </listOfUnitDefinitions>
    <listOfParameters>
      <parameter id="S1" name="S1" value="0" constant="false"/>
    </listOfParameters>
    <listOfRules>
      <assignmentRule metaid="rule1" variable="S1">
        <math xmlns="http://www.w3.org/1998/Math/MathML">
          <cn type="integer"> 7 </cn>
        </math>
      </assignmentRule>
    </listOfRules>
  </model>
</sbml>
