<?xml version="1.0" encoding="UTF-8"?>
<sbml xmlns="http://www.sbml.org/sbml/level3/version1/core" level="3" version="1">
  <model metaid="_case00179" id="case00179" name="case00179" timeUnits="time">
    <listOfFunctionDefinitions>
      <functionDefinition id="multiply" name="multiply">
        <math xmlns="http://www.w3.org/1998/Math/MathML">
          <lambda>
            <bvar>
              <ci> x </ci>
            </bvar>
            <bvar>
              <ci> y </ci>
            </bvar>
            <apply>
              <times/>
              <ci> x </ci>
              <ci> y </ci>
            </apply>
          </lambda>
        </math>
      </functionDefinition>
    </listOfFunctionDefinitions>
    <listOfUnitDefinitions>
      <unitDefinition id="time">
        <listOfUnits>
          <unit kind="second" exponent="1" scale="0" multiplier="1"/>
        </listOfUnits>
      </unitDefinition>
    </listOfUnitDefinitions>
    <listOfParameters>
      <parameter id="S1" name="S1" value="0.1" constant="false"/>
      <parameter id="S2" name="S2" value="0.2" constant="false"/>
      <parameter id="S3" name="S3" value="0.1" constant="false"/>
      <parameter id="S4" name="S4" value="0.1" constant="false"/>
      <parameter id="k1" name="k1" value="7.5" constant="true"/>
      <parameter id="k2" name="k2" value="2.5" constant="true"/>
    </listOfParameters>
    <listOfRules>
      <rateRule metaid="rule1" variable="S3">
        <math xmlns="http://www.w3.org/1998/Math/MathML">
          <apply>
            <plus/>
            <apply>
              <ci> multiply </ci>
              <ci> k1 </ci>
              <apply>
                <times/>
                <ci> S1 </ci>
                <ci> S2 </ci>
              </apply>
            </apply>
            <apply>
              <times/>
              <cn type="integer"> -1 </cn>
              <ci> k2 </ci>
              <ci> S3 </ci>
              <ci> S4 </ci>
            </apply>
          </apply>
        </math>
      </rateRule>
      <rateRule metaid="rule2" variable="S1">
        <math xmlns="http://www.w3.org/1998/Math/MathML">
          <apply>
            <plus/>
            <apply>
              <times/>
              <ci> k2 </ci>
              <ci> S3 </ci>
              <ci> S4 </ci>
            </apply>
            <apply>
              <times/>
              <cn type="integer"> -1 </cn>
              <apply>
                <ci> multiply </ci>
                <ci> k1 </ci>
                <apply>
                  <ci> multiply </ci>
                  <ci> S1 </ci>
                  <ci> S2 </ci>
                </apply>
              </apply>
            </apply>
          </apply>
        </math>
      </rateRule>
      <rateRule metaid="rule3" variable="S2">
        <math xmlns="http://www.w3.org/1998/Math/MathML">
          <apply>
            <plus/>
            <apply>
              <times/>
              <ci> k2 </ci>
              <ci> S3 </ci>
              <ci> S4 </ci>
            </apply>
            <apply>
              <times/>
              <cn type="integer"> -1 </cn>
              <apply>
                <ci> multiply </ci>
                <ci> k1 </ci>
                <apply>
                  <ci> multiply </ci>
                  <ci> S1 </ci>
                  <ci> S2 </ci>
                </apply>
              </apply>
            </apply>
          </apply>
        </math>
      </rateRule>
    </listOfRules>
  </model>
</sbml>
