<?xml version="1.0" encoding="UTF-8"?>
<!-- Generated 6-February-2009 14:34:39.6250000 -->
<!-- Generated by MathSBML 2.7.5 [2-May-2008] -->
<!-- Generated using Mathematica Version 5.2 for Microsoft Windows (June 20, 2005) -->
<sbml xmlns="http://www.sbml.org/sbml/level2/version3"
    level="2"
    version="3">
 <model id="case00179"
     name="case00179"
     metaid="_case00179">
  <listOfFunctionDefinitions>
   <functionDefinition id="multiply"
       name="multiply">
    <math xmlns="http://www.w3.org/1998/Math/MathML">
     <lambda>
      <bvar>
       <ci>x</ci>
      </bvar>
      <bvar>
       <ci>y</ci>
      </bvar>
      <apply>
       <times/>
       <ci>x</ci>
       <ci>y</ci>
      </apply>
     </lambda>
    </math>
   </functionDefinition>
  </listOfFunctionDefinitions>
  <!-- <listOfUnitDefinitions/> -->
  <!-- <listOfCompartmentTypes/> -->
  <!-- <listOfSpeciesTypes/> -->
  <!-- <listOfCompartments/> -->
  <!-- <listOfSpecies/> -->
  <listOfParameters>
   <parameter id="S1"
       name="S1"
       value="0.1"
       constant="false"/>
   <parameter id="S2"
       name="S2"
       value="0.2"
       constant="false"/>
   <parameter id="S3"
       name="S3"
       value="0.1"
       constant="false"/>
   <parameter id="S4"
       name="S4"
       value="0.1"
       constant="false"/>
   <parameter id="k1"
       name="k1"
       value="7.5"/>
   <parameter id="k2"
       name="k2"
       value="2.5"/>
  </listOfParameters>
  <!-- <listOfInitialAssignments/> -->
  <listOfRules>
   <rateRule variable="S3"
       metaid="rule1">
    <math xmlns="http://www.w3.org/1998/Math/MathML">
     <apply>
      <plus/>
      <apply>
       <ci>multiply</ci>
       <ci>k1</ci>
       <apply>
        <times/>
        <ci>S1</ci>
        <ci>S2</ci>
       </apply>
      </apply>
      <apply>
       <times/>
       <cn type="integer">-1</cn>
       <apply>
        <times/>
        <ci>k2</ci>
        <ci>S3</ci>
        <ci>S4</ci>
       </apply>
      </apply>
     </apply>
    </math>
   </rateRule>
   <rateRule variable="S1"
       metaid="rule2">
    <math xmlns="http://www.w3.org/1998/Math/MathML">
     <apply>
      <plus/>
      <apply>
       <times/>
       <ci>k2</ci>
       <ci>S3</ci>
       <ci>S4</ci>
      </apply>
      <apply>
       <times/>
       <cn type="integer">-1</cn>
       <apply>
        <ci>multiply</ci>
        <ci>k1</ci>
        <apply>
         <ci>multiply</ci>
         <ci>S1</ci>
         <ci>S2</ci>
        </apply>
       </apply>
      </apply>
     </apply>
    </math>
   </rateRule>
   <rateRule variable="S2"
       metaid="rule3">
    <math xmlns="http://www.w3.org/1998/Math/MathML">
     <apply>
      <plus/>
      <apply>
       <times/>
       <ci>k2</ci>
       <ci>S3</ci>
       <ci>S4</ci>
      </apply>
      <apply>
       <times/>
       <cn type="integer">-1</cn>
       <apply>
        <ci>multiply</ci>
        <ci>k1</ci>
        <apply>
         <ci>multiply</ci>
         <ci>S1</ci>
         <ci>S2</ci>
        </apply>
       </apply>
      </apply>
     </apply>
    </math>
   </rateRule>
  </listOfRules>
  <!-- <listOfConstraints/> -->
  <!-- <listOfReactions/> -->
  <!-- <listOfEvents/> -->
 </model>
</sbml>