<?xml version="1.0" encoding="UTF-8"?>
<sbml xmlns="http://www.sbml.org/sbml/level3/version1/core" level="3" version="1">
  <model id="case00952" name="case00952" timeUnits="time">
    <notes>
      <body xmlns="http://www.w3.org/1999/xhtml">
        <p> Originally created by libAntimony v1.4 (using libSBML 5.0.0-a1) </p>
      </body>
    </notes>
    <listOfUnitDefinitions>
      <unitDefinition id="volume">
        <listOfUnits>
          <unit kind="litre" exponent="1" scale="0" multiplier="1"/>
        </listOfUnits>
      </unitDefinition>
      <unitDefinition id="time">
        <listOfUnits>
          <unit kind="second" exponent="1" scale="0" multiplier="1"/>
        </listOfUnits>
      </unitDefinition>
    </listOfUnitDefinitions>
    <listOfParameters>
      <parameter id="S" constant="false"/>
      <parameter id="Q" value="0" constant="false"/>
      <parameter id="R" value="0" constant="false"/>
      <parameter id="reset" value="0" constant="false"/>
      <parameter id="error" value="0" constant="false"/>
    </listOfParameters>
    <listOfRules>
      <assignmentRule variable="S">
        <math xmlns="http://www.w3.org/1998/Math/MathML">
          <apply>
            <plus/>
            <ci> Q </ci>
            <ci> R </ci>
          </apply>
        </math>
      </assignmentRule>
    </listOfRules>
    <listOfEvents>
      <event id="Qinc" useValuesFromTriggerTime="true">
        <trigger initialValue="true" persistent="false">
          <math xmlns="http://www.w3.org/1998/Math/MathML">
            <apply>
              <geq/>
              <apply>
                <minus/>
                <csymbol encoding="text" definitionURL="http://www.sbml.org/sbml/symbols/time"> time </csymbol>
                <ci> reset </ci>
              </apply>
              <cn> 0.01 </cn>
            </apply>
          </math>
        </trigger>
        <listOfEventAssignments>
          <eventAssignment variable="reset">
            <math xmlns="http://www.w3.org/1998/Math/MathML">
              <csymbol encoding="text" definitionURL="http://www.sbml.org/sbml/symbols/time"> time </csymbol>
            </math>
          </eventAssignment>
          <eventAssignment variable="Q">
            <math xmlns="http://www.w3.org/1998/Math/MathML">
              <apply>
                <plus/>
                <ci> Q </ci>
                <cn> 0.01 </cn>
              </apply>
            </math>
          </eventAssignment>
        </listOfEventAssignments>
      </event>
      <event id="Rinc" useValuesFromTriggerTime="true">
        <trigger initialValue="true" persistent="false">
          <math xmlns="http://www.w3.org/1998/Math/MathML">
            <apply>
              <geq/>
              <apply>
                <minus/>
                <csymbol encoding="text" definitionURL="http://www.sbml.org/sbml/symbols/time"> time </csymbol>
                <ci> reset </ci>
              </apply>
              <cn> 0.01 </cn>
            </apply>
          </math>
        </trigger>
        <listOfEventAssignments>
          <eventAssignment variable="reset">
            <math xmlns="http://www.w3.org/1998/Math/MathML">
              <csymbol encoding="text" definitionURL="http://www.sbml.org/sbml/symbols/time"> time </csymbol>
            </math>
          </eventAssignment>
          <eventAssignment variable="R">
            <math xmlns="http://www.w3.org/1998/Math/MathML">
              <apply>
                <plus/>
                <ci> R </ci>
                <cn> 0.01 </cn>
              </apply>
            </math>
          </eventAssignment>
        </listOfEventAssignments>
      </event>
    </listOfEvents>
  </model>
</sbml>
