<?xml version="1.0" encoding="UTF-8"?>
<sbml xmlns="http://www.sbml.org/sbml/level2/version2" level="2" version="2">
  <model metaid="_case00106" id="case00106" name="case00106">
    <listOfFunctionDefinitions>
      <functionDefinition id="multiply" name="multiply">
        <math xmlns="http://www.w3.org/1998/Math/MathML">
          <lambda>
            <bvar>
              <ci> x </ci>
            </bvar>
            <bvar>
              <ci> y </ci>
            </bvar>
            <apply>
              <times/>
              <ci> x </ci>
              <ci> y </ci>
            </apply>
          </lambda>
        </math>
      </functionDefinition>
    </listOfFunctionDefinitions>
    <listOfCompartments>
      <compartment id="C" name="C" size="1" units="volume" constant="false"/>
    </listOfCompartments>
    <listOfSpecies>
      <species id="S1" name="S1" compartment="C" initialAmount="1" substanceUnits="substance"/>
      <species id="S2" name="S2" compartment="C" initialAmount="1.5" substanceUnits="substance"/>
      <species id="S3" name="S3" compartment="C" initialAmount="2" substanceUnits="substance"/>
      <species id="S4" name="S4" compartment="C" initialAmount="1" substanceUnits="substance"/>
    </listOfSpecies>
    <listOfParameters>
      <parameter id="k1" name="k1" value="0.75"/>
      <parameter id="k2" name="k2" value="0.25"/>
      <parameter id="p1" name="p1" value="0.1"/>
    </listOfParameters>
    <listOfRules>
      <rateRule metaid="rule1" variable="C">
        <math xmlns="http://www.w3.org/1998/Math/MathML">
          <apply>
            <times/>
            <cn type="integer"> -1 </cn>
            <ci> C </ci>
            <ci> p1 </ci>
          </apply>
        </math>
      </rateRule>
    </listOfRules>
    <listOfReactions>
      <reaction id="reaction1" name="reaction1" reversible="false" fast="false">
        <listOfReactants>
          <speciesReference species="S1"/>
          <speciesReference species="S2"/>
        </listOfReactants>
        <listOfProducts>
          <speciesReference species="S3"/>
          <speciesReference species="S4"/>
        </listOfProducts>
        <kineticLaw>
          <math xmlns="http://www.w3.org/1998/Math/MathML">
            <apply>
              <times/>
              <ci> C </ci>
              <apply>
                <ci> multiply </ci>
                <ci> k1 </ci>
                <apply>
                  <ci> multiply </ci>
                  <ci> S1 </ci>
                  <ci> S2 </ci>
                </apply>
              </apply>
            </apply>
          </math>
        </kineticLaw>
      </reaction>
      <reaction id="reaction2" name="reaction2" reversible="false" fast="false">
        <listOfReactants>
          <speciesReference species="S3"/>
          <speciesReference species="S4"/>
        </listOfReactants>
        <listOfProducts>
          <speciesReference species="S1"/>
          <speciesReference species="S2"/>
        </listOfProducts>
        <kineticLaw>
          <math xmlns="http://www.w3.org/1998/Math/MathML">
            <apply>
              <times/>
              <ci> C </ci>
              <ci> k2 </ci>
              <ci> S3 </ci>
              <ci> S4 </ci>
            </apply>
          </math>
        </kineticLaw>
      </reaction>
    </listOfReactions>
  </model>
</sbml>
