<?xml version="1.0" encoding="UTF-8"?>
<sbml xmlns="http://www.sbml.org/sbml/level2/version4" level="2" version="4">
  <model id="case00941" name="case00943">
    <notes>
      <body xmlns="http://www.w3.org/1999/xhtml">
        <p> Originally created by libAntimony 1.4 (using libSBML 5.0.0-a1) </p>
      </body>
    </notes>
    <listOfUnitDefinitions>
      <unitDefinition id="volume">
        <listOfUnits>
          <unit kind="litre"/>
        </listOfUnits>
      </unitDefinition>
      <unitDefinition id="time">
        <listOfUnits>
          <unit kind="second"/>
        </listOfUnits>
      </unitDefinition>
    </listOfUnitDefinitions>
    <listOfParameters>
      <parameter id="y" value="2.958924275" constant="false"/>
      <parameter id="x" value="0" constant="false"/>
    </listOfParameters>
    <listOfInitialAssignments>
      <initialAssignment symbol="x">
        <math xmlns="http://www.w3.org/1998/Math/MathML">
          <apply>
            <sin/>
            <apply>
              <times/>
              <cn type="integer"> 10 </cn>
              <csymbol encoding="text" definitionURL="http://www.sbml.org/sbml/symbols/time"> time </csymbol>
            </apply>
          </apply>
        </math>
      </initialAssignment>
    </listOfInitialAssignments>
    <listOfRules>
      <assignmentRule variable="y">
        <math xmlns="http://www.w3.org/1998/Math/MathML">
          <apply>
            <plus/>
            <cn type="integer"> 2 </cn>
            <apply>
              <csymbol encoding="text" definitionURL="http://www.sbml.org/sbml/symbols/delay"> delay </csymbol>
              <ci> x </ci>
              <cn> 0.5 </cn>
            </apply>
          </apply>
        </math>
      </assignmentRule>
    </listOfRules>
  </model>
</sbml>
