<?xml version="1.0" encoding="UTF-8"?>
<sbml xmlns="http://www.sbml.org/sbml/level3/version1/core" xmlns:comp="http://www.sbml.org/sbml/level3/version1/comp/version1" level="3" version="1" comp:required="true">
  <model id="complexified2">
    <listOfCompartments>
      <compartment id="comp" spatialDimensions="3" size="1" constant="true">
        <comp:listOfReplacedElements>
          <comp:replacedElement comp:portRef="comp_port" comp:submodelRef="A"/>
          <comp:replacedElement comp:portRef="comp_port" comp:submodelRef="B"/>
        </comp:listOfReplacedElements>
      </compartment>
    </listOfCompartments>
    <listOfSpecies>
      <species id="S" compartment="comp" initialConcentration="5" hasOnlySubstanceUnits="false" boundaryCondition="false" constant="false">
        <comp:listOfReplacedElements>
          <comp:replacedElement comp:portRef="S_port" comp:submodelRef="A"/>
          <comp:replacedElement comp:portRef="S_port" comp:submodelRef="B"/>
        </comp:listOfReplacedElements>
      </species>
      <species id="D" compartment="comp" initialConcentration="10" hasOnlySubstanceUnits="false" boundaryCondition="false" constant="false">
        <comp:listOfReplacedElements>
          <comp:replacedElement comp:portRef="D_port" comp:submodelRef="A"/>
          <comp:replacedElement comp:portRef="D_port" comp:submodelRef="B"/>
        </comp:listOfReplacedElements>
      </species>
      <species id="E" compartment="comp" initialConcentration="7" hasOnlySubstanceUnits="false" boundaryCondition="false" constant="false">
        <comp:listOfReplacedElements>
          <comp:replacedElement comp:portRef="E_port" comp:submodelRef="A"/>
        </comp:listOfReplacedElements>
      </species>
      <species id="ES" compartment="comp" initialConcentration="0.1" hasOnlySubstanceUnits="false" boundaryCondition="false" constant="false">
        <comp:listOfReplacedElements>
          <comp:replacedElement comp:portRef="ES_port" comp:submodelRef="A"/>
        </comp:listOfReplacedElements>
      </species>
    </listOfSpecies>
    <listOfReactions>
      <reaction id="J0" reversible="true" fast="false">
        <listOfReactants>
          <speciesReference species="S" stoichiometry="1" constant="true"/>
          <speciesReference species="E" stoichiometry="1" constant="true"/>
        </listOfReactants>
        <listOfProducts>
          <speciesReference species="ES" stoichiometry="1" constant="true"/>
        </listOfProducts>
          <kineticLaw>
            <math xmlns="http://www.w3.org/1998/Math/MathML">
              <apply>
                <divide/>
                <apply>
                  <plus/>
                  <ci> S </ci>
                  <ci> E </ci>
                </apply>
                <ci> ES </ci>
              </apply>
            </math>
          </kineticLaw>
        <comp:listOfReplacedElements>
          <comp:replacedElement comp:submodelRef="B" comp:deletion="oldrxn"/>
          <comp:replacedElement comp:portRef="J0_port" comp:submodelRef="A"/>
        </comp:listOfReplacedElements>
      </reaction>
      <reaction id="J1" reversible="true" fast="false">
        <listOfReactants>
          <speciesReference species="ES" stoichiometry="1" constant="true"/>
        </listOfReactants>
        <listOfProducts>
          <speciesReference species="E" stoichiometry="1" constant="true"/>
          <speciesReference species="D" stoichiometry="1" constant="true"/>
        </listOfProducts>
          <kineticLaw>
            <math xmlns="http://www.w3.org/1998/Math/MathML">
              <apply>
                <divide/>
                <ci> ES </ci>
                <apply>
                  <plus/>
                  <ci> E </ci>
                  <ci> D </ci>
                </apply>
              </apply>
            </math>
          </kineticLaw>
        <comp:listOfReplacedElements>
          <comp:replacedElement comp:submodelRef="B" comp:deletion="oldrxn"/>
          <comp:replacedElement comp:portRef="J1_port" comp:submodelRef="A"/>
        </comp:listOfReplacedElements>
      </reaction>
    </listOfReactions>
    <comp:listOfSubmodels>
      <comp:submodel comp:id="A" comp:modelRef="enzyme"/>
      <comp:submodel comp:id="B" comp:modelRef="simple">
        <comp:listOfDeletions>
          <comp:deletion comp:portRef="J0_port" comp:id="oldrxn"/>
        </comp:listOfDeletions>
      </comp:submodel>
    </comp:listOfSubmodels>
  </model>
  <comp:listOfModelDefinitions>
    <comp:modelDefinition id="enzyme" name="enzyme">
      <listOfCompartments>
        <compartment id="comp" spatialDimensions="3" size="1" constant="true"/>
      </listOfCompartments>
      <listOfSpecies>
        <species id="S" compartment="comp" hasOnlySubstanceUnits="false" boundaryCondition="false" constant="false"/>
        <species id="E" compartment="comp" hasOnlySubstanceUnits="false" boundaryCondition="false" constant="false"/>
        <species id="D" compartment="comp" hasOnlySubstanceUnits="false" boundaryCondition="false" constant="false"/>
        <species id="ES" compartment="comp" hasOnlySubstanceUnits="false" boundaryCondition="false" constant="false"/>
      </listOfSpecies>
      <listOfReactions>
        <reaction id="J0" reversible="true" fast="false">
          <listOfReactants>
            <speciesReference species="S" stoichiometry="1" constant="true"/>
            <speciesReference species="E" stoichiometry="1" constant="true"/>
          </listOfReactants>
          <listOfProducts>
            <speciesReference species="ES" stoichiometry="1" constant="true"/>
          </listOfProducts>
        </reaction>
        <reaction id="J1" reversible="true" fast="false">
          <listOfReactants>
            <speciesReference species="ES" stoichiometry="1" constant="true"/>
          </listOfReactants>
          <listOfProducts>
            <speciesReference species="E" stoichiometry="1" constant="true"/>
            <speciesReference species="D" stoichiometry="1" constant="true"/>
          </listOfProducts>
        </reaction>
      </listOfReactions>
      <comp:listOfPorts>
        <comp:port comp:idRef="comp" comp:id="comp_port"/>
        <comp:port comp:idRef="S" comp:id="S_port"/>
        <comp:port comp:idRef="E" comp:id="E_port"/>
        <comp:port comp:idRef="D" comp:id="D_port"/>
        <comp:port comp:idRef="ES" comp:id="ES_port"/>
        <comp:port comp:idRef="J0" comp:id="J0_port"/>
        <comp:port comp:idRef="J1" comp:id="J1_port"/>
      </comp:listOfPorts>
    </comp:modelDefinition>
    <comp:modelDefinition id="simple">
      <listOfCompartments>
        <compartment id="comp" spatialDimensions="3" size="1" constant="true"/>
      </listOfCompartments>
      <listOfSpecies>
        <species id="S" compartment="comp" initialConcentration="5" hasOnlySubstanceUnits="false" boundaryCondition="false" constant="false"/>
        <species id="D" compartment="comp" initialConcentration="10" hasOnlySubstanceUnits="false" boundaryCondition="false" constant="false"/>
      </listOfSpecies>
      <listOfReactions>
        <reaction id="J0" reversible="true" fast="false">
          <listOfReactants>
            <speciesReference species="S" stoichiometry="1" constant="true"/>
          </listOfReactants>
          <listOfProducts>
            <speciesReference species="D" stoichiometry="1" constant="true"/>
          </listOfProducts>
        </reaction>
      </listOfReactions>
      <comp:listOfPorts>
        <comp:port comp:idRef="S" comp:id="S_port"/>
        <comp:port comp:idRef="D" comp:id="D_port"/>
        <comp:port comp:idRef="comp" comp:id="comp_port"/>
        <comp:port comp:idRef="J0" comp:id="J0_port"/>
      </comp:listOfPorts>
    </comp:modelDefinition>
  </comp:listOfModelDefinitions>
</sbml>
