<?xml version="1.0" encoding="UTF-8"?>
<sbml xmlns="http://www.sbml.org/sbml/level2" level="2" version="1">
  <model metaid="_case00289" id="case00289" name="case00289">
    <listOfCompartments>
      <compartment id="compartment" name="compartment" size="1" units="volume"/>
      <compartment id="compartment1" name="compartment1" size="1" units="volume"/>
    </listOfCompartments>
    <listOfSpecies>
      <species id="S1" name="S1" compartment="compartment1" initialAmount="1" substanceUnits="substance"/>
      <species id="S2" name="S2" compartment="compartment1" initialAmount="1" substanceUnits="substance"/>
      <species id="S3" name="S3" compartment="compartment1" initialAmount="0" substanceUnits="substance"/>
      <species id="S4" name="S4" compartment="compartment1" initialAmount="1" substanceUnits="substance"/>
    </listOfSpecies>
    <listOfParameters>
      <parameter id="k1" name="k1" value="0.75"/>
      <parameter id="k2" name="k2" value="0.25"/>
      <parameter id="k3" name="k3" value="0.25"/>
    </listOfParameters>
    <listOfRules>
      <assignmentRule metaid="rule1" variable="S4">
        <math xmlns="http://www.w3.org/1998/Math/MathML">
          <apply>
            <times/>
            <ci> k3 </ci>
            <ci> S3 </ci>
          </apply>
        </math>
      </assignmentRule>
    </listOfRules>
    <listOfReactions>
      <reaction id="reaction1" name="reaction1" reversible="false" fast="false">
        <listOfReactants>
          <speciesReference species="S1"/>
          <speciesReference species="S2"/>
        </listOfReactants>
        <listOfProducts>
          <speciesReference species="S2" stoichiometry="2"/>
        </listOfProducts>
        <kineticLaw>
          <math xmlns="http://www.w3.org/1998/Math/MathML">
            <apply>
              <times/>
              <ci> compartment </ci>
              <ci> k1 </ci>
              <ci> S1 </ci>
              <ci> S2 </ci>
            </apply>
          </math>
        </kineticLaw>
      </reaction>
      <reaction id="reaction2" name="reaction2" reversible="false" fast="false">
        <listOfReactants>
          <speciesReference species="S2"/>
        </listOfReactants>
        <listOfProducts>
          <speciesReference species="S3"/>
        </listOfProducts>
        <kineticLaw>
          <math xmlns="http://www.w3.org/1998/Math/MathML">
            <apply>
              <times/>
              <ci> compartment1 </ci>
              <ci> k2 </ci>
              <apply>
                <plus/>
                <ci> S2 </ci>
                <apply>
                  <times/>
                  <cn type="integer"> -1 </cn>
                  <ci> S3 </ci>
                </apply>
              </apply>
            </apply>
          </math>
        </kineticLaw>
      </reaction>
    </listOfReactions>
  </model>
</sbml>
