<?xml version="1.0" encoding="UTF-8"?>
<sbml xmlns="http://www.sbml.org/sbml/level2/version2" level="2" version="2">
  <model metaid="_case00825" id="case00825" name="case00825">
    <listOfCompartments>
      <compartment id="C" name="C" size="1" units="volume"/>
    </listOfCompartments>
    <listOfSpecies>
      <species id="S1" name="S1" compartment="C" initialAmount="1" substanceUnits="substance"/>
      <species id="S2" name="S2" compartment="C" initialAmount="0.5" substanceUnits="substance"/>
      <species id="S3" name="S3" compartment="C" initialAmount="0" substanceUnits="substance"/>
    </listOfSpecies>
    <listOfParameters>
      <parameter id="kf" name="kf" value="1.1"/>
      <parameter id="kr" name="kr" value="0.09"/>
    </listOfParameters>
    <listOfReactions>
      <reaction id="reaction1" name="reaction1" fast="false">
        <listOfReactants>
          <speciesReference species="S1"/>
          <speciesReference species="S2" stoichiometry="2"/>
        </listOfReactants>
        <listOfProducts>
          <speciesReference species="S3"/>
        </listOfProducts>
        <kineticLaw>
          <math xmlns="http://www.w3.org/1998/Math/MathML">
            <apply>
              <times/>
              <ci> C </ci>
              <apply>
                <plus/>
                <apply>
                  <times/>
                  <ci> kf </ci>
                  <ci> S1 </ci>
                  <ci> S2 </ci>
                </apply>
                <apply>
                  <times/>
                  <cn type="integer"> -1 </cn>
                  <ci> kr </ci>
                  <ci> S3 </ci>
                </apply>
              </apply>
            </apply>
          </math>
        </kineticLaw>
      </reaction>
    </listOfReactions>
  </model>
</sbml>
