<?xml version="1.0" encoding="UTF-8"?>
<sbml xmlns="http://www.sbml.org/sbml/level2/version3" level="2" version="3">
  <model id="case00987" name="case00987">
    <listOfCompartments>
      <compartment sboTerm="SBO:0000410" id="default_compartment" size="1"/>
    </listOfCompartments>
    <listOfSpecies>
      <species id="A" compartment="default_compartment" initialAmount="1" hasOnlySubstanceUnits="true"/>
      <species id="B" compartment="default_compartment" initialAmount="0" hasOnlySubstanceUnits="true"/>
      <species id="C" compartment="default_compartment" initialAmount="0" hasOnlySubstanceUnits="true"/>
    </listOfSpecies>
    <listOfParameters>
      <parameter id="k1" value="0" constant="false"/>
    </listOfParameters>
    <listOfReactions>
      <reaction id="fast" fast="true">
        <listOfReactants>
          <speciesReference species="A"/>
        </listOfReactants>
        <listOfProducts>
          <speciesReference species="B"/>
        </listOfProducts>
        <kineticLaw>
          <math xmlns="http://www.w3.org/1998/Math/MathML">
            <apply>
              <times/>
              <ci> k1 </ci>
              <ci> A </ci>
            </apply>
          </math>
        </kineticLaw>
      </reaction>
      <reaction id="slow" fast="false">
        <listOfReactants>
          <speciesReference species="B"/>
        </listOfReactants>
        <listOfProducts>
          <speciesReference species="C"/>
        </listOfProducts>
        <kineticLaw>
          <math xmlns="http://www.w3.org/1998/Math/MathML">
            <apply>
              <times/>
              <ci> k1 </ci>
              <ci> B </ci>
            </apply>
          </math>
        </kineticLaw>
      </reaction>
    </listOfReactions>
    <listOfEvents>
      <event id="_E0">
        <trigger>
          <math xmlns="http://www.w3.org/1998/Math/MathML">
            <apply>
              <gt/>
              <csymbol encoding="text" definitionURL="http://www.sbml.org/sbml/symbols/time"> time </csymbol>
              <cn> 0.99 </cn>
            </apply>
          </math>
        </trigger>
        <listOfEventAssignments>
          <eventAssignment variable="k1">
            <math xmlns="http://www.w3.org/1998/Math/MathML">
              <cn type="integer"> 1 </cn>
            </math>
          </eventAssignment>
        </listOfEventAssignments>
      </event>
    </listOfEvents>
  </model>
</sbml>
