<?xml version="1.0" encoding="UTF-8"?>
<sbml xmlns="http://www.sbml.org/sbml/level2/version4" level="2" version="4">
  <model metaid="_case00907" id="case00907" name="case00907">
    <listOfCompartments>
      <compartment id="c" name="c" spatialDimensions="1" size="22.5" units="length" constant="false"/>
    </listOfCompartments>
    <listOfParameters>
      <parameter id="k1" name="k1" value="0.175"/>
    </listOfParameters>
    <listOfRules>
      <rateRule metaid="rule1" variable="c">
        <math xmlns="http://www.w3.org/1998/Math/MathML">
          <apply>
            <times/>
            <cn type="integer"> -1 </cn>
            <apply>
              <divide/>
              <ci> c </ci>
              <ci> k1 </ci>
            </apply>
          </apply>
        </math>
      </rateRule>
    </listOfRules>
  </model>
</sbml>
