<?xml version="1.0" encoding="UTF-8"?>
<sbml xmlns="http://www.sbml.org/sbml/level1" level="1" version="2">
  <model name="case00170">
    <listOfCompartments>
      <compartment name="AssignedName"/>
    </listOfCompartments>
    <listOfParameters>
      <parameter name="S1" value="0.0001"/>
      <parameter name="S2" value="0.0002"/>
      <parameter name="S3" value="0"/>
      <parameter name="S4" value="0"/>
      <parameter name="k1" value="0.75"/>
      <parameter name="k2" value="0.25"/>
      <parameter name="k3" value="0.15"/>
      <parameter name="k4" value="0.1"/>
    </listOfParameters>
    <listOfRules>
      <parameterRule formula="k2 * S2 + -1 * k1 * S1" type="rate" name="S1"/>
      <parameterRule formula="k3 * S2 + -1 * k4 * S3 * S4" type="rate" name="S3"/>
      <parameterRule formula="k3 * S2 + -1 * k4 * S3 * S4" type="rate" name="S4"/>
    </listOfRules>
  </model>
</sbml>
