<?xml version="1.0" encoding="UTF-8"?>
<!-- Generated 6-February-2009 15:26:38.8906250 -->
<!-- Generated by MathSBML 2.7.5 [2-May-2008] -->
<!-- Generated using Mathematica Version 5.2 for Microsoft Windows (June 20, 2005) -->
<sbml xmlns="http://www.sbml.org/sbml/level2/version3"
    level="2"
    version="3">
 <model id="case00170"
     name="case00170"
     metaid="_case00170">
  <!-- <listOfFunctionDefinitions/> -->
  <!-- <listOfUnitDefinitions/> -->
  <!-- <listOfCompartmentTypes/> -->
  <!-- <listOfSpeciesTypes/> -->
  <!-- <listOfCompartments/> -->
  <!-- <listOfSpecies/> -->
  <listOfParameters>
   <parameter id="S1"
       name="S1"
       value="0.0001"
       constant="false"/>
   <parameter id="S2"
       name="S2"
       value="0.0002"
       constant="false"/>
   <parameter id="S3"
       name="S3"
       value="0"
       constant="false"/>
   <parameter id="S4"
       name="S4"
       value="0"
       constant="false"/>
   <parameter id="k1"
       name="k1"
       value="0.75"/>
   <parameter id="k2"
       name="k2"
       value="0.25"/>
   <parameter id="k3"
       name="k3"
       value="0.15"/>
   <parameter id="k4"
       name="k4"
       value="0.1"/>
  </listOfParameters>
  <!-- <listOfInitialAssignments/> -->
  <listOfRules>
   <rateRule variable="S1"
       metaid="rule1">
    <math xmlns="http://www.w3.org/1998/Math/MathML">
     <apply>
      <plus/>
      <apply>
       <times/>
       <ci>k2</ci>
       <ci>S2</ci>
      </apply>
      <apply>
       <times/>
       <cn type="integer">-1</cn>
       <apply>
        <times/>
        <ci>k1</ci>
        <ci>S1</ci>
       </apply>
      </apply>
     </apply>
    </math>
   </rateRule>
   <rateRule variable="S3"
       metaid="rule2">
    <math xmlns="http://www.w3.org/1998/Math/MathML">
     <apply>
      <plus/>
      <apply>
       <times/>
       <ci>k3</ci>
       <ci>S2</ci>
      </apply>
      <apply>
       <times/>
       <cn type="integer">-1</cn>
       <apply>
        <times/>
        <ci>k4</ci>
        <ci>S3</ci>
        <ci>S4</ci>
       </apply>
      </apply>
     </apply>
    </math>
   </rateRule>
   <rateRule variable="S4"
       metaid="rule3">
    <math xmlns="http://www.w3.org/1998/Math/MathML">
     <apply>
      <plus/>
      <apply>
       <times/>
       <ci>k3</ci>
       <ci>S2</ci>
      </apply>
      <apply>
       <times/>
       <cn type="integer">-1</cn>
       <apply>
        <times/>
        <ci>k4</ci>
        <ci>S3</ci>
        <ci>S4</ci>
       </apply>
      </apply>
     </apply>
    </math>
   </rateRule>
  </listOfRules>
  <!-- <listOfConstraints/> -->
  <!-- <listOfReactions/> -->
  <!-- <listOfEvents/> -->
 </model>
</sbml>