<?xml version="1.0" encoding="UTF-8"?>
<sbml xmlns="http://www.sbml.org/sbml/level2/version2" level="2" version="2">
  <model metaid="_case00644" id="case00644" name="case00644">
    <listOfCompartments>
      <compartment id="C" name="C" size="1" units="volume"/>
    </listOfCompartments>
    <listOfSpecies>
      <species id="S1" name="S1" compartment="C" initialAmount="1" substanceUnits="substance"/>
      <species id="S2" name="S2" compartment="C" initialAmount="1.5e-005" substanceUnits="substance"/>
      <species id="S3" name="S3" compartment="C" initialAmount="1e-005" substanceUnits="substance"/>
      <species id="S4" name="S4" compartment="C" initialAmount="5" substanceUnits="substance"/>
    </listOfSpecies>
    <listOfParameters>
      <parameter id="k1" name="k1" value="0.015"/>
      <parameter id="k2" name="k2" value="0.5"/>
      <parameter id="k3" name="k3" value="1.5"/>
      <parameter id="p1" name="p1" value="0.02"/>
    </listOfParameters>
    <listOfInitialAssignments>
      <initialAssignment symbol="S1">
        <math xmlns="http://www.w3.org/1998/Math/MathML">
          <apply>
            <times/>
            <ci> p1 </ci>
            <apply>
              <power/>
              <cn type="integer"> 2000 </cn>
              <cn type="integer"> -1 </cn>
            </apply>
          </apply>
        </math>
      </initialAssignment>
    </listOfInitialAssignments>
    <listOfRules>
      <assignmentRule metaid="rule1" variable="S4">
        <math xmlns="http://www.w3.org/1998/Math/MathML">
          <apply>
            <times/>
            <ci> k3 </ci>
            <ci> S1 </ci>
          </apply>
        </math>
      </assignmentRule>
      <rateRule metaid="rule2" variable="S2">
        <math xmlns="http://www.w3.org/1998/Math/MathML">
          <apply>
            <plus/>
            <apply>
              <times/>
              <ci> k2 </ci>
              <ci> S3 </ci>
            </apply>
            <apply>
              <times/>
              <cn type="integer"> -1 </cn>
              <ci> k1 </ci>
              <ci> S1 </ci>
            </apply>
          </apply>
        </math>
      </rateRule>
    </listOfRules>
    <listOfReactions>
      <reaction id="reaction1" name="reaction1" reversible="false" fast="false">
        <listOfReactants>
          <speciesReference species="S1"/>
        </listOfReactants>
        <listOfProducts>
          <speciesReference species="S3"/>
        </listOfProducts>
        <kineticLaw>
          <math xmlns="http://www.w3.org/1998/Math/MathML">
            <apply>
              <times/>
              <ci> C </ci>
              <ci> k1 </ci>
              <ci> S1 </ci>
            </apply>
          </math>
        </kineticLaw>
      </reaction>
      <reaction id="reaction2" name="reaction2" reversible="false" fast="false">
        <listOfReactants>
          <speciesReference species="S3"/>
        </listOfReactants>
        <listOfProducts>
          <speciesReference species="S1"/>
        </listOfProducts>
        <kineticLaw>
          <math xmlns="http://www.w3.org/1998/Math/MathML">
            <apply>
              <times/>
              <ci> C </ci>
              <ci> k2 </ci>
              <ci> S3 </ci>
            </apply>
          </math>
        </kineticLaw>
      </reaction>
    </listOfReactions>
  </model>
</sbml>
