<?xml version="1.0" encoding="UTF-8"?>
<sbml xmlns="http://www.sbml.org/sbml/level1" level="1" version="2">
  <model name="case00574">
    <listOfCompartments>
      <compartment name="AssignedName"/>
    </listOfCompartments>
    <listOfParameters>
      <parameter name="p1" value="1.25"/>
      <parameter name="p2" value="1.5"/>
      <parameter name="p3" value="1"/>
      <parameter name="p4" value="3.75"/>
      <parameter name="k1" value="0.1"/>
      <parameter name="k2" value="0.2"/>
    </listOfParameters>
    <listOfRules>
      <algebraicRule formula="p1 + p2 + p3 + -1 * p4"/>
      <parameterRule formula="-1 * k1 * p1" type="rate" name="p1"/>
      <parameterRule formula="k1 * p1 + -1 * k2 * p3" type="rate" name="p3"/>
      <parameterRule formula="k2 * p3" type="rate" name="p2"/>
    </listOfRules>
  </model>
</sbml>
