<?xml version="1.0" encoding="UTF-8"?>
<sbml xmlns="http://www.sbml.org/sbml/level2/version3" level="2" version="3">
  <model id="case01051" name="case01051">
    <listOfUnitDefinitions>
      <unitDefinition id="volume">
        <listOfUnits>
          <unit kind="litre"/>
        </listOfUnits>
      </unitDefinition>
      <unitDefinition id="substance">
        <listOfUnits>
          <unit kind="mole"/>
        </listOfUnits>
      </unitDefinition>
      <unitDefinition id="time">
        <listOfUnits>
          <unit kind="second"/>
        </listOfUnits>
      </unitDefinition>
    </listOfUnitDefinitions>
    <listOfCompartments>
      <compartment id="C" size="1" units="volume"/>
    </listOfCompartments>
    <listOfSpecies>
      <species id="A1" compartment="C" initialAmount="2" substanceUnits="substance"/>
      <species id="A2" compartment="C" initialAmount="3" substanceUnits="substance"/>
      <species id="A3" compartment="C" initialAmount="4" substanceUnits="substance"/>
      <species id="A4" compartment="C" initialAmount="1" substanceUnits="substance"/>
    </listOfSpecies>
    <listOfParameters>
      <parameter id="Kr1" value="2"/>
      <parameter id="Kf1" value="1"/>
      <parameter id="Kf" value="1"/>
      <parameter id="Kr" value="2"/>
    </listOfParameters>
    <listOfReactions>
      <reaction id="fasterReaction" name="fasterReaction" fast="true">
        <listOfReactants>
          <speciesReference species="A2"/>
        </listOfReactants>
        <listOfProducts>
          <speciesReference species="A4"/>
        </listOfProducts>
        <kineticLaw>
          <math xmlns="http://www.w3.org/1998/Math/MathML">
            <apply>
              <minus/>
              <apply>
                <times/>
                <apply>
                  <plus/>
                  <apply>
                    <times/>
                    <ci> Kf1 </ci>
                    <ci> A4 </ci>
                  </apply>
                  <apply>
                    <minus/>
                    <apply>
                      <times/>
                      <ci> Kr1 </ci>
                      <ci> A2 </ci>
                    </apply>
                  </apply>
                </apply>
                <ci> C </ci>
              </apply>
            </apply>
          </math>
        </kineticLaw>
      </reaction>
      <reaction id="slowerReaction1" name="slowerReaction1" fast="false">
        <listOfReactants>
          <speciesReference species="A3"/>
        </listOfReactants>
        <listOfProducts>
          <speciesReference species="A1"/>
          <speciesReference species="A2"/>
        </listOfProducts>
        <kineticLaw>
          <math xmlns="http://www.w3.org/1998/Math/MathML">
            <apply>
              <minus/>
              <apply>
                <times/>
                <apply>
                  <plus/>
                  <apply>
                    <times/>
                    <ci> Kf </ci>
                    <ci> A1 </ci>
                    <ci> A2 </ci>
                  </apply>
                  <apply>
                    <minus/>
                    <apply>
                      <times/>
                      <ci> Kr </ci>
                      <ci> A3 </ci>
                    </apply>
                  </apply>
                </apply>
                <ci> C </ci>
              </apply>
            </apply>
          </math>
        </kineticLaw>
      </reaction>
    </listOfReactions>
  </model>
</sbml>
