<?xml version="1.0" encoding="UTF-8"?>
<sbml xmlns="http://www.sbml.org/sbml/level2/version2" level="2" version="2">
  <model metaid="_case00195" id="case00195" name="case00195">
    <listOfCompartments>
      <compartment id="compartment" name="compartment" size="1" units="volume"/>
    </listOfCompartments>
    <listOfSpecies>
      <species id="S1" name="S1" compartment="compartment" initialAmount="1" substanceUnits="substance"/>
      <species id="S2" name="S2" compartment="compartment" initialAmount="0" substanceUnits="substance"/>
    </listOfSpecies>
    <listOfParameters>
      <parameter id="p1" name="p1" value="1.5"/>
      <parameter id="p2" name="p2" value="0.05"/>
    </listOfParameters>
    <listOfReactions>
      <reaction id="reaction1" name="reaction1" reversible="false" fast="false">
        <listOfReactants>
          <speciesReference species="S1"/>
        </listOfReactants>
        <listOfProducts>
          <speciesReference species="S2"/>
        </listOfProducts>
        <kineticLaw>
          <math xmlns="http://www.w3.org/1998/Math/MathML">
            <apply>
              <times/>
              <ci> S1 </ci>
              <ci> compartment </ci>
              <piecewise>
                <piece>
                  <ci> p1 </ci>
                  <true/>
                </piece>
                <otherwise>
                  <ci> p2 </ci>
                </otherwise>
              </piecewise>
            </apply>
          </math>
        </kineticLaw>
      </reaction>
    </listOfReactions>
  </model>
</sbml>
