<?xml version="1.0" encoding="UTF-8"?>
<sbml xmlns="http://www.sbml.org/sbml/level2" level="2" version="1">
  <model metaid="_case00898" id="case00898" name="case00898">
    <listOfCompartments>
      <compartment id="C" name="C" size="1" units="volume"/>
    </listOfCompartments>
    <listOfSpecies>
      <species id="S1" name="S1" compartment="C" initialAmount="0.0015" substanceUnits="substance"/>
      <species id="S2" name="S2" compartment="C" initialAmount="0" substanceUnits="substance"/>
    </listOfSpecies>
    <listOfParameters>
      <parameter id="k1" name="k1" value="1"/>
      <parameter id="p1" name="p1" value="1"/>
    </listOfParameters>
    <listOfReactions>
      <reaction id="reaction1" name="reaction1" reversible="false" fast="false">
        <listOfReactants>
          <speciesReference species="S1"/>
        </listOfReactants>
        <listOfProducts>
          <speciesReference species="S2">
            <stoichiometryMath>
              <math xmlns="http://www.w3.org/1998/Math/MathML">
                <apply>
                  <times/>
                  <cn type="integer"> 2 </cn>
                  <ci> p1 </ci>
                </apply>
              </math>
            </stoichiometryMath>
          </speciesReference>
        </listOfProducts>
        <kineticLaw>
          <math xmlns="http://www.w3.org/1998/Math/MathML">
            <apply>
              <times/>
              <ci> C </ci>
              <ci> k1 </ci>
              <ci> S1 </ci>
              <csymbol encoding="text" definitionURL="http://www.sbml.org/sbml/symbols/time"> t </csymbol>
            </apply>
          </math>
        </kineticLaw>
      </reaction>
    </listOfReactions>
  </model>
</sbml>
