<?xml version="1.0" encoding="utf-8"?>
<!-- Written by libSedML v1.1.5123.24255 see http://libsedml.sf.net -->
<sedML level="1" version="1" xmlns="http://sed-ml.org/">
  <listOfSimulations>
    <uniformTimeCourse id="simulation_1" initialTime="0" outputStartTime="0" outputEndTime="2" numberOfPoints="10">
      <algorithm kisaoID="KISAO:0000019" />
    </uniformTimeCourse>
  </listOfSimulations>
  <listOfModels>
    <model id="model_1" language="urn:sedml:language:sbml" source="00986-sbml-l1v2.xml" />
  </listOfModels>
  <listOfTasks>
    <task id="task_1" modelReference="model_1" simulationReference="simulation_1" />
  </listOfTasks>
  <listOfDataGenerators>
    <dataGenerator id="time_1" name="time">
      <listOfVariables>
        <variable id="time" taskReference="task_1" symbol="urn:sedml:symbol:time" />
      </listOfVariables>
      <math xmlns="http://www.w3.org/1998/Math/MathML">
        <ci> time </ci>
      </math>
    </dataGenerator>
    <dataGenerator id="A_1" name="A">
      <listOfVariables>
        <variable id="A_1_s" taskReference="task_1" target="/sbml:sbml/sbml:model/sbml:listOfSpecies/sbml:species[@name='A']" />
        <variable id="A_1_c" taskReference="task_1" target="/sbml:sbml/sbml:model/sbml:listOfCompartments/sbml:compartment[@name='default_compartment']" />
      </listOfVariables>
      <math xmlns="http://www.w3.org/1998/Math/MathML">
        <apply>
          <times />
          <ci> A_1_s </ci>
          <ci> A_1_c </ci>
        </apply>
      </math>
    </dataGenerator>
    <dataGenerator id="B_1" name="B">
      <listOfVariables>
        <variable id="B_1_s" taskReference="task_1" target="/sbml:sbml/sbml:model/sbml:listOfSpecies/sbml:species[@name='B']" />
        <variable id="B_1_c" taskReference="task_1" target="/sbml:sbml/sbml:model/sbml:listOfCompartments/sbml:compartment[@name='default_compartment']" />
      </listOfVariables>
      <math xmlns="http://www.w3.org/1998/Math/MathML">
        <apply>
          <times />
          <ci> B_1_s </ci>
          <ci> B_1_c </ci>
        </apply>
      </math>
    </dataGenerator>
    <dataGenerator id="C_1" name="C">
      <listOfVariables>
        <variable id="C_1_s" taskReference="task_1" target="/sbml:sbml/sbml:model/sbml:listOfSpecies/sbml:species[@name='C']" />
        <variable id="C_1_c" taskReference="task_1" target="/sbml:sbml/sbml:model/sbml:listOfCompartments/sbml:compartment[@name='default_compartment']" />
      </listOfVariables>
      <math xmlns="http://www.w3.org/1998/Math/MathML">
        <apply>
          <times />
          <ci> C_1_s </ci>
          <ci> C_1_c </ci>
        </apply>
      </math>
    </dataGenerator>
  </listOfDataGenerators>
  <listOfOutputs>
    <plot2D id="plot_1" name="Timecourse for test 00986">
      <listOfCurves>
        <curve id="c_A_1" name="A" logX="false" logY="false" xDataReference="time_1" yDataReference="A_1" />
        <curve id="c_B_1" name="B" logX="false" logY="false" xDataReference="time_1" yDataReference="B_1" />
        <curve id="c_C_1" name="C" logX="false" logY="false" xDataReference="time_1" yDataReference="C_1" />
      </listOfCurves>
    </plot2D>
    <report id="report_1" name="Report for test 00986">
      <listOfDataSets>
        <dataSet id="ds_time" dataReference="time_1" label="Time" />
        <dataSet id="ds_A_1" dataReference="A_1" label="A" />
        <dataSet id="ds_B_1" dataReference="B_1" label="B" />
        <dataSet id="ds_C_1" dataReference="C_1" label="C" />
      </listOfDataSets>
    </report>
  </listOfOutputs>
</sedML>