<?xml version="1.0" encoding="UTF-8"?>
<sbml xmlns="http://www.sbml.org/sbml/level2/version3" level="2" version="3">
  <model id="case_01112" name="case_01112">
    <listOfParameters>
      <parameter id="a"/>
      <parameter id="b"/>
      <parameter id="c"/>
      <parameter id="d"/>
      <parameter id="e"/>
    </listOfParameters>
    <listOfInitialAssignments>
      <initialAssignment symbol="a">
        <math xmlns="http://www.w3.org/1998/Math/MathML">
          <apply>
            <plus/>
          </apply>
        </math>
      </initialAssignment>
      <initialAssignment symbol="b">
        <math xmlns="http://www.w3.org/1998/Math/MathML">
          <apply>
            <times/>
          </apply>
        </math>
      </initialAssignment>
      <initialAssignment symbol="c">
        <math xmlns="http://www.w3.org/1998/Math/MathML">
          <piecewise>
            <piece>
              <cn type="integer"> 1 </cn>
              <apply>
                <and/>
              </apply>
            </piece>
            <otherwise>
              <cn type="integer"> 0 </cn>
            </otherwise>
          </piecewise>
        </math>
      </initialAssignment>
      <initialAssignment symbol="d">
        <math xmlns="http://www.w3.org/1998/Math/MathML">
          <piecewise>
            <piece>
              <cn type="integer"> 1 </cn>
              <apply>
                <or/>
              </apply>
            </piece>
            <otherwise>
              <cn type="integer"> 0 </cn>
            </otherwise>
          </piecewise>
        </math>
      </initialAssignment>
      <initialAssignment symbol="e">
        <math xmlns="http://www.w3.org/1998/Math/MathML">
          <piecewise>
            <piece>
              <cn type="integer"> 1 </cn>
              <apply>
                <xor/>
              </apply>
            </piece>
            <otherwise>
              <cn type="integer"> 0 </cn>
            </otherwise>
          </piecewise>
        </math>
      </initialAssignment>
    </listOfInitialAssignments>
  </model>
</sbml>
