<?xml version="1.0" encoding="UTF-8"?>
<!-- Generated 30-April-2008 09:36:33.7343750 -->
<!-- Generated by MathSBML 2.7.4 -->
<!-- Generated using Mathematica Version 5.2 for Microsoft Windows (June 20, 2005) -->
<sbml xmlns="http://www.sbml.org/sbml/level2/version3"
    level="2"
    version="3">
 <model id="case00536"
     name="case00536"
     metaid="_case00536">
  <!-- <listOfFunctionDefinitions/> -->
  <!-- <listOfUnitDefinitions/> -->
  <!-- <listOfCompartmentTypes/> -->
  <!-- <listOfSpeciesTypes/> -->
  <listOfCompartments>
   <compartment id="C"
       name="C"
       spatialDimensions="3"
       units="volume"
       size="1"/>
  </listOfCompartments>
  <listOfSpecies>
   <species id="X0"
       name="X0"
       compartment="C"
       boundaryCondition="false"
       constant="false"
       initialAmount="1"
       substanceUnits="substance"
       hasOnlySubstanceUnits="false"/>
   <species id="X1"
       name="X1"
       compartment="C"
       boundaryCondition="false"
       constant="false"
       initialAmount="0"
       substanceUnits="substance"
       hasOnlySubstanceUnits="false"/>
   <species id="T"
       name="T"
       compartment="C"
       boundaryCondition="false"
       constant="false"
       initialAmount="0"
       substanceUnits="substance"
       hasOnlySubstanceUnits="false"/>
  </listOfSpecies>
  <listOfParameters>
   <parameter id="k1"
       name="k1"
       constant="false"/>
   <parameter id="k2"
       name="k2"
       value="0.375"/>
  </listOfParameters>
  <!-- <listOfInitialAssignments/> -->
  <listOfRules>
   <algebraicRule metaid="rule1">
    <math xmlns="http://www.w3.org/1998/Math/MathML">
     <apply>
      <plus/>
      <ci>k1</ci>
      <cn type="real">-0.1</cn>
     </apply>
    </math>
   </algebraicRule>
  </listOfRules>
  <!-- <listOfConstraints/> -->
  <listOfReactions>
   <reaction id="reaction1"
       name="reaction1"
       reversible="false"
       fast="false">
    <listOfReactants>
     <speciesReference species="X0"/>
    </listOfReactants>
    <listOfProducts>
     <speciesReference species="T"/>
    </listOfProducts>
    <!-- <listOfModifiers/> -->
    <kineticLaw>
     <math xmlns="http://www.w3.org/1998/Math/MathML">
      <apply>
       <times/>
       <ci>C</ci>
       <ci>k1</ci>
       <ci>X0</ci>
      </apply>
     </math>
     <!-- <listOfParameters/> -->
    </kineticLaw>
   </reaction>
   <reaction id="reaction2"
       name="reaction2"
       reversible="false"
       fast="false">
    <listOfReactants>
     <speciesReference species="T"/>
    </listOfReactants>
    <listOfProducts>
     <speciesReference species="X1"/>
    </listOfProducts>
    <!-- <listOfModifiers/> -->
    <kineticLaw>
     <math xmlns="http://www.w3.org/1998/Math/MathML">
      <apply>
       <times/>
       <ci>C</ci>
       <ci>k2</ci>
       <ci>T</ci>
      </apply>
     </math>
     <!-- <listOfParameters/> -->
    </kineticLaw>
   </reaction>
  </listOfReactions>
  <!-- <listOfEvents/> -->
 </model>
</sbml>