<?xml version="1.0" encoding="UTF-8"?>
<sbml xmlns="http://www.sbml.org/sbml/level2/version4" level="2" version="4">
  <model id="case000959" name="case000959">
    <notes>
      <body xmlns="http://www.w3.org/1999/xhtml">
        <p> Originally created by libAntimony v1.4 (using libSBML 5.0.0-a1) </p>
      </body>
    </notes>
    <listOfUnitDefinitions>
      <unitDefinition id="volume">
        <listOfUnits>
          <unit kind="litre"/>
        </listOfUnits>
      </unitDefinition>
      <unitDefinition id="time">
        <listOfUnits>
          <unit kind="second"/>
        </listOfUnits>
      </unitDefinition>
    </listOfUnitDefinitions>
    <listOfParameters>
      <parameter id="P1" constant="false"/>
      <parameter id="P2" constant="false"/>
      <parameter id="P3" constant="false"/>
      <parameter id="P4" constant="false"/>
      <parameter id="P5" constant="false"/>
      <parameter id="P6" constant="false"/>
      <parameter id="P7" constant="false"/>
      <parameter id="P8" constant="false"/>
      <parameter id="P9" constant="false"/>
      <parameter id="P10" constant="false"/>
      <parameter id="P11" constant="false"/>
      <parameter id="P12" constant="false"/>
      <parameter id="P13" constant="false"/>
      <parameter id="P14" constant="false"/>
      <parameter id="P15" constant="false"/>
      <parameter id="P16" constant="false"/>
      <parameter id="P17" constant="false"/>
      <parameter id="P18" constant="false"/>
      <parameter id="P19" constant="false"/>
      <parameter id="P20" constant="false"/>
      <parameter id="P21" constant="false"/>
      <parameter id="P22" constant="false"/>
      <parameter id="P23" constant="false"/>
      <parameter id="P24" constant="false"/>
      <parameter id="P25" constant="false"/>
      <parameter id="P26" constant="false"/>
    </listOfParameters>
    <listOfRules>
      <assignmentRule variable="P1">
        <math xmlns="http://www.w3.org/1998/Math/MathML">
          <apply>
            <sec/>
            <csymbol encoding="text" definitionURL="http://www.sbml.org/sbml/symbols/time"> time </csymbol>
          </apply>
        </math>
      </assignmentRule>
      <assignmentRule variable="P2">
        <math xmlns="http://www.w3.org/1998/Math/MathML">
          <apply>
            <sec/>
            <apply>
              <minus/>
              <csymbol encoding="text" definitionURL="http://www.sbml.org/sbml/symbols/time"> time </csymbol>
            </apply>
          </apply>
        </math>
      </assignmentRule>
      <assignmentRule variable="P3">
        <math xmlns="http://www.w3.org/1998/Math/MathML">
          <apply>
            <csc/>
            <apply>
              <plus/>
              <csymbol encoding="text" definitionURL="http://www.sbml.org/sbml/symbols/time"> time </csymbol>
              <cn> 0.001 </cn>
            </apply>
          </apply>
        </math>
      </assignmentRule>
      <assignmentRule variable="P4">
        <math xmlns="http://www.w3.org/1998/Math/MathML">
          <apply>
            <csc/>
            <apply>
              <minus/>
              <apply>
                <minus/>
                <csymbol encoding="text" definitionURL="http://www.sbml.org/sbml/symbols/time"> time </csymbol>
              </apply>
              <cn> 0.001 </cn>
            </apply>
          </apply>
        </math>
      </assignmentRule>
      <assignmentRule variable="P5">
        <math xmlns="http://www.w3.org/1998/Math/MathML">
          <apply>
            <cot/>
            <apply>
              <plus/>
              <csymbol encoding="text" definitionURL="http://www.sbml.org/sbml/symbols/time"> time </csymbol>
              <cn> 0.001 </cn>
            </apply>
          </apply>
        </math>
      </assignmentRule>
      <assignmentRule variable="P6">
        <math xmlns="http://www.w3.org/1998/Math/MathML">
          <apply>
            <cot/>
            <apply>
              <minus/>
              <apply>
                <minus/>
                <csymbol encoding="text" definitionURL="http://www.sbml.org/sbml/symbols/time"> time </csymbol>
              </apply>
              <cn> 0.001 </cn>
            </apply>
          </apply>
        </math>
      </assignmentRule>
      <assignmentRule variable="P7">
        <math xmlns="http://www.w3.org/1998/Math/MathML">
          <apply>
            <sinh/>
            <csymbol encoding="text" definitionURL="http://www.sbml.org/sbml/symbols/time"> time </csymbol>
          </apply>
        </math>
      </assignmentRule>
      <assignmentRule variable="P8">
        <math xmlns="http://www.w3.org/1998/Math/MathML">
          <apply>
            <sinh/>
            <apply>
              <minus/>
              <csymbol encoding="text" definitionURL="http://www.sbml.org/sbml/symbols/time"> time </csymbol>
            </apply>
          </apply>
        </math>
      </assignmentRule>
      <assignmentRule variable="P9">
        <math xmlns="http://www.w3.org/1998/Math/MathML">
          <apply>
            <cosh/>
            <csymbol encoding="text" definitionURL="http://www.sbml.org/sbml/symbols/time"> time </csymbol>
          </apply>
        </math>
      </assignmentRule>
      <assignmentRule variable="P10">
        <math xmlns="http://www.w3.org/1998/Math/MathML">
          <apply>
            <cosh/>
            <apply>
              <minus/>
              <csymbol encoding="text" definitionURL="http://www.sbml.org/sbml/symbols/time"> time </csymbol>
            </apply>
          </apply>
        </math>
      </assignmentRule>
      <assignmentRule variable="P11">
        <math xmlns="http://www.w3.org/1998/Math/MathML">
          <apply>
            <arcsec/>
            <apply>
              <plus/>
              <csymbol encoding="text" definitionURL="http://www.sbml.org/sbml/symbols/time"> time </csymbol>
              <cn type="integer"> 1 </cn>
            </apply>
          </apply>
        </math>
      </assignmentRule>
      <assignmentRule variable="P12">
        <math xmlns="http://www.w3.org/1998/Math/MathML">
          <apply>
            <arcsec/>
            <apply>
              <minus/>
              <apply>
                <minus/>
                <csymbol encoding="text" definitionURL="http://www.sbml.org/sbml/symbols/time"> time </csymbol>
              </apply>
              <cn type="integer"> 1 </cn>
            </apply>
          </apply>
        </math>
      </assignmentRule>
      <assignmentRule variable="P13">
        <math xmlns="http://www.w3.org/1998/Math/MathML">
          <apply>
            <arccsc/>
            <apply>
              <plus/>
              <csymbol encoding="text" definitionURL="http://www.sbml.org/sbml/symbols/time"> time </csymbol>
              <cn type="integer"> 1 </cn>
            </apply>
          </apply>
        </math>
      </assignmentRule>
      <assignmentRule variable="P14">
        <math xmlns="http://www.w3.org/1998/Math/MathML">
          <apply>
            <arccsc/>
            <apply>
              <minus/>
              <apply>
                <minus/>
                <csymbol encoding="text" definitionURL="http://www.sbml.org/sbml/symbols/time"> time </csymbol>
              </apply>
              <cn type="integer"> 1 </cn>
            </apply>
          </apply>
        </math>
      </assignmentRule>
      <assignmentRule variable="P15">
        <math xmlns="http://www.w3.org/1998/Math/MathML">
          <apply>
            <arccot/>
            <csymbol encoding="text" definitionURL="http://www.sbml.org/sbml/symbols/time"> time </csymbol>
          </apply>
        </math>
      </assignmentRule>
      <assignmentRule variable="P16">
        <math xmlns="http://www.w3.org/1998/Math/MathML">
          <apply>
            <arccot/>
            <apply>
              <minus/>
              <csymbol encoding="text" definitionURL="http://www.sbml.org/sbml/symbols/time"> time </csymbol>
            </apply>
          </apply>
        </math>
      </assignmentRule>
      <assignmentRule variable="P17">
        <math xmlns="http://www.w3.org/1998/Math/MathML">
          <apply>
            <arcsinh/>
            <csymbol encoding="text" definitionURL="http://www.sbml.org/sbml/symbols/time"> time </csymbol>
          </apply>
        </math>
      </assignmentRule>
      <assignmentRule variable="P18">
        <math xmlns="http://www.w3.org/1998/Math/MathML">
          <apply>
            <arcsinh/>
            <apply>
              <minus/>
              <csymbol encoding="text" definitionURL="http://www.sbml.org/sbml/symbols/time"> time </csymbol>
            </apply>
          </apply>
        </math>
      </assignmentRule>
      <assignmentRule variable="P19">
        <math xmlns="http://www.w3.org/1998/Math/MathML">
          <apply>
            <arccosh/>
            <apply>
              <plus/>
              <csymbol encoding="text" definitionURL="http://www.sbml.org/sbml/symbols/time"> time </csymbol>
              <cn type="integer"> 1 </cn>
            </apply>
          </apply>
        </math>
      </assignmentRule>
      <assignmentRule variable="P20">
        <math xmlns="http://www.w3.org/1998/Math/MathML">
          <piecewise>
            <piece>
              <apply>
                <arctanh/>
                <csymbol encoding="text" definitionURL="http://www.sbml.org/sbml/symbols/time"> time </csymbol>
              </apply>
              <apply>
                <lt/>
                <csymbol encoding="text" definitionURL="http://www.sbml.org/sbml/symbols/time"> time </csymbol>
                <cn type="integer"> 1 </cn>
              </apply>
            </piece>
            <otherwise>
              <cn type="integer"> 10 </cn>
            </otherwise>
          </piecewise>
        </math>
      </assignmentRule>
      <assignmentRule variable="P21">
        <math xmlns="http://www.w3.org/1998/Math/MathML">
          <piecewise>
            <piece>
              <apply>
                <arctanh/>
                <apply>
                  <minus/>
                  <csymbol encoding="text" definitionURL="http://www.sbml.org/sbml/symbols/time"> time </csymbol>
                </apply>
              </apply>
              <apply>
                <lt/>
                <csymbol encoding="text" definitionURL="http://www.sbml.org/sbml/symbols/time"> time </csymbol>
                <cn type="integer"> 1 </cn>
              </apply>
            </piece>
            <otherwise>
              <cn type="integer"> -10 </cn>
            </otherwise>
          </piecewise>
        </math>
      </assignmentRule>
      <assignmentRule variable="P22">
        <math xmlns="http://www.w3.org/1998/Math/MathML">
          <piecewise>
            <piece>
              <cn type="integer"> 0 </cn>
              <apply>
                <or/>
                <apply>
                  <leq/>
                  <csymbol encoding="text" definitionURL="http://www.sbml.org/sbml/symbols/time"> time </csymbol>
                  <cn type="integer"> 0 </cn>
                </apply>
                <apply>
                  <geq/>
                  <csymbol encoding="text" definitionURL="http://www.sbml.org/sbml/symbols/time"> time </csymbol>
                  <cn type="integer"> 1 </cn>
                </apply>
              </apply>
            </piece>
            <otherwise>
              <apply>
                <arcsech/>
                <csymbol encoding="text" definitionURL="http://www.sbml.org/sbml/symbols/time"> time </csymbol>
              </apply>
            </otherwise>
          </piecewise>
        </math>
      </assignmentRule>
      <assignmentRule variable="P23">
        <math xmlns="http://www.w3.org/1998/Math/MathML">
          <apply>
            <arccsch/>
            <apply>
              <plus/>
              <csymbol encoding="text" definitionURL="http://www.sbml.org/sbml/symbols/time"> time </csymbol>
              <cn type="integer"> 1 </cn>
            </apply>
          </apply>
        </math>
      </assignmentRule>
      <assignmentRule variable="P24">
        <math xmlns="http://www.w3.org/1998/Math/MathML">
          <apply>
            <arccsch/>
            <apply>
              <minus/>
              <apply>
                <minus/>
                <csymbol encoding="text" definitionURL="http://www.sbml.org/sbml/symbols/time"> time </csymbol>
              </apply>
              <cn type="integer"> 1 </cn>
            </apply>
          </apply>
        </math>
      </assignmentRule>
      <assignmentRule variable="P25">
        <math xmlns="http://www.w3.org/1998/Math/MathML">
          <apply>
            <arccoth/>
            <apply>
              <plus/>
              <csymbol encoding="text" definitionURL="http://www.sbml.org/sbml/symbols/time"> time </csymbol>
              <cn> 1.001 </cn>
            </apply>
          </apply>
        </math>
      </assignmentRule>
      <assignmentRule variable="P26">
        <math xmlns="http://www.w3.org/1998/Math/MathML">
          <apply>
            <arccoth/>
            <apply>
              <minus/>
              <apply>
                <minus/>
                <csymbol encoding="text" definitionURL="http://www.sbml.org/sbml/symbols/time"> time </csymbol>
              </apply>
              <cn> 1.001 </cn>
            </apply>
          </apply>
        </math>
      </assignmentRule>
    </listOfRules>
  </model>
</sbml>
