<?xml version="1.0" encoding="UTF-8"?>
<sbml xmlns="http://www.sbml.org/sbml/level3/version1/core" level="3" version="1">
  <model id="case00937" name="case00937" timeUnits="time">
    <notes>
      <body xmlns="http://www.w3.org/1999/xhtml">
        <p> Originally created by libAntimony 1.4 (using libSBML 5.0.0-a1) </p>
      </body>
    </notes>
    <listOfParameters>
      <parameter id="x" constant="false"/>
      <parameter id="y" constant="false"/>
    </listOfParameters>
    <listOfRules>
      <assignmentRule variable="x">
        <math xmlns="http://www.w3.org/1998/Math/MathML">
          <apply>
            <sin/>
            <apply>
              <times/>
              <cn type="integer"> 10 </cn>
              <csymbol encoding="text" definitionURL="http://www.sbml.org/sbml/symbols/time"> time </csymbol>
            </apply>
          </apply>
        </math>
      </assignmentRule>
      <assignmentRule variable="y">
        <math xmlns="http://www.w3.org/1998/Math/MathML">
          <apply>
            <plus/>
            <cn type="integer"> 2 </cn>
            <apply>
              <csymbol encoding="text" definitionURL="http://www.sbml.org/sbml/symbols/delay"> delay </csymbol>
              <ci> x </ci>
              <cn> 0.2 </cn>
            </apply>
          </apply>
        </math>
      </assignmentRule>
    </listOfRules>
  </model>
</sbml>
