<?xml version="1.0" encoding="UTF-8"?>
<!-- Generated 28-May-2008 11:10:23.0937500 -->
<!-- Generated by MathSBML 2.7.5 [2-May-2008] -->
<!-- Generated using Mathematica Version 5.2 for Microsoft Windows (June 20, 2005) -->
<sbml xmlns="http://www.sbml.org/sbml/level2/version3"
    level="2"
    version="3">
 <model id="case00789"
     name="case00789"
     metaid="_case00789">
  <!-- <listOfFunctionDefinitions/> -->
  <!-- <listOfUnitDefinitions/> -->
  <!-- <listOfCompartmentTypes/> -->
  <!-- <listOfSpeciesTypes/> -->
  <listOfCompartments>
   <compartment id="C"
       name="C"
       spatialDimensions="3"
       units="volume"
       size="1."/>
  </listOfCompartments>
  <listOfSpecies>
   <species id="S1"
       name="S1"
       compartment="C"
       boundaryCondition="false"
       constant="false"
       initialAmount="1."
       substanceUnits="substance"
       hasOnlySubstanceUnits="false"/>
   <species id="S2"
       name="S2"
       compartment="C"
       boundaryCondition="false"
       constant="false"
       substanceUnits="substance"
       hasOnlySubstanceUnits="false"/>
   <species id="S3"
       name="S3"
       compartment="C"
       boundaryCondition="false"
       constant="false"
       initialAmount="1."
       substanceUnits="substance"
       hasOnlySubstanceUnits="false"/>
  </listOfSpecies>
  <listOfParameters>
   <parameter id="k1"
       name="k1"
       value="0.75"/>
   <parameter id="k2"
       name="k2"
       value="0.25"/>
   <parameter id="p1"
       name="p1"
       value="0.5"/>
  </listOfParameters>
  <listOfInitialAssignments>
   <initialAssignment symbol="S2">
    <math xmlns="http://www.w3.org/1998/Math/MathML">
     <apply>
      <times/>
      <ci>S1</ci>
      <apply>
       <power/>
       <ci>p1</ci>
       <cn type="integer">-1</cn>
      </apply>
     </apply>
    </math>
   </initialAssignment>
  </listOfInitialAssignments>
  <!-- <listOfRules/> -->
  <!-- <listOfConstraints/> -->
  <listOfReactions>
   <reaction id="reaction1"
       name="reaction1"
       reversible="false"
       fast="false">
    <listOfReactants>
     <speciesReference species="S1"/>
     <speciesReference species="S2"/>
    </listOfReactants>
    <listOfProducts>
     <speciesReference species="S3"/>
    </listOfProducts>
    <!-- <listOfModifiers/> -->
    <kineticLaw>
     <math xmlns="http://www.w3.org/1998/Math/MathML">
      <apply>
       <times/>
       <ci>C</ci>
       <ci>k1</ci>
       <ci>S1</ci>
       <ci>S2</ci>
      </apply>
     </math>
     <!-- <listOfParameters/> -->
    </kineticLaw>
   </reaction>
   <reaction id="reaction2"
       name="reaction2"
       reversible="false"
       fast="false">
    <listOfReactants>
     <speciesReference species="S3"/>
    </listOfReactants>
    <listOfProducts>
     <speciesReference species="S1"/>
     <speciesReference species="S2"/>
    </listOfProducts>
    <!-- <listOfModifiers/> -->
    <kineticLaw>
     <math xmlns="http://www.w3.org/1998/Math/MathML">
      <apply>
       <times/>
       <ci>C</ci>
       <ci>k2</ci>
       <ci>S3</ci>
      </apply>
     </math>
     <!-- <listOfParameters/> -->
    </kineticLaw>
   </reaction>
  </listOfReactions>
  <listOfEvents>
   <event id="event1"
       name="event1">
    <trigger>
     <math xmlns="http://www.w3.org/1998/Math/MathML">
      <apply>
       <lt/>
       <ci>S1</ci>
       <cn type="real">0.75</cn>
      </apply>
     </math>
    </trigger>
    <listOfEventAssignments>
     <eventAssignment variable="S2">
      <math xmlns="http://www.w3.org/1998/Math/MathML">
       <cn type="integer">1</cn>
      </math>
     </eventAssignment>
    </listOfEventAssignments>
   </event>
  </listOfEvents>
 </model>
</sbml>