<?xml version="1.0" encoding="UTF-8"?>
<sbml xmlns="http://www.sbml.org/sbml/level3/version1/core" level="3" version="1">
  <model metaid="_case00576" id="case00576" name="case00576" timeUnits="time">
    <listOfUnitDefinitions>
      <unitDefinition id="time">
        <listOfUnits>
          <unit kind="second" exponent="1" scale="0" multiplier="1"/>
        </listOfUnits>
      </unitDefinition>
    </listOfUnitDefinitions>
    <listOfParameters>
      <parameter id="p1" name="p1" value="0.001" constant="false"/>
      <parameter id="p2" name="p2" value="0.002" constant="false"/>
      <parameter id="p3" name="p3" value="0.001" constant="false"/>
      <parameter id="p4" name="p4" value="0.001" constant="false"/>
      <parameter id="k1" name="k1" value="0.75" constant="true"/>
      <parameter id="k2" name="k2" value="0.25" constant="true"/>
    </listOfParameters>
    <listOfRules>
      <algebraicRule metaid="rule1">
        <math xmlns="http://www.w3.org/1998/Math/MathML">
          <apply>
            <plus/>
            <ci> p4 </ci>
            <apply>
              <times/>
              <cn type="integer"> -1 </cn>
              <ci> p1 </ci>
            </apply>
          </apply>
        </math>
      </algebraicRule>
      <rateRule metaid="rule2" variable="p1">
        <math xmlns="http://www.w3.org/1998/Math/MathML">
          <apply>
            <plus/>
            <apply>
              <times/>
              <ci> k2 </ci>
              <ci> p3 </ci>
            </apply>
            <apply>
              <times/>
              <cn type="integer"> -1 </cn>
              <ci> k1 </ci>
              <ci> p1 </ci>
              <ci> p2 </ci>
            </apply>
          </apply>
        </math>
      </rateRule>
      <rateRule metaid="rule3" variable="p2">
        <math xmlns="http://www.w3.org/1998/Math/MathML">
          <apply>
            <plus/>
            <apply>
              <times/>
              <ci> k2 </ci>
              <ci> p3 </ci>
            </apply>
            <apply>
              <times/>
              <cn type="integer"> -1 </cn>
              <ci> k1 </ci>
              <ci> p1 </ci>
              <ci> p2 </ci>
            </apply>
          </apply>
        </math>
      </rateRule>
      <rateRule metaid="rule4" variable="p3">
        <math xmlns="http://www.w3.org/1998/Math/MathML">
          <apply>
            <plus/>
            <apply>
              <times/>
              <ci> k1 </ci>
              <ci> p1 </ci>
              <ci> p2 </ci>
            </apply>
            <apply>
              <times/>
              <cn type="integer"> -1 </cn>
              <ci> k2 </ci>
              <ci> p3 </ci>
            </apply>
          </apply>
        </math>
      </rateRule>
    </listOfRules>
  </model>
</sbml>
