<?xml version="1.0" encoding="UTF-8"?>
<sbml xmlns="http://www.sbml.org/sbml/level1" level="1" version="2">
  <model name="case00576">
    <listOfCompartments>
      <compartment name="AssignedName"/>
    </listOfCompartments>
    <listOfParameters>
      <parameter name="p1" value="0.001"/>
      <parameter name="p2" value="0.002"/>
      <parameter name="p3" value="0.001"/>
      <parameter name="p4" value="0.001"/>
      <parameter name="k1" value="0.75"/>
      <parameter name="k2" value="0.25"/>
    </listOfParameters>
    <listOfRules>
      <algebraicRule formula="p4 + -1 * p1"/>
      <parameterRule formula="k2 * p3 + -1 * k1 * p1 * p2" type="rate" name="p1"/>
      <parameterRule formula="k2 * p3 + -1 * k1 * p1 * p2" type="rate" name="p2"/>
      <parameterRule formula="k1 * p1 * p2 + -1 * k2 * p3" type="rate" name="p3"/>
    </listOfRules>
  </model>
</sbml>
