<?xml version="1.0" encoding="utf-8"?>
<!-- Written by libSedML v1.1.5123.24255 see http://libsedml.sf.net -->
<sedML level="1" version="1" xmlns="http://sed-ml.org/">
  <listOfSimulations>
    <uniformTimeCourse id="simulation_1" initialTime="0" outputStartTime="0" outputEndTime="10" numberOfPoints="50">
      <algorithm kisaoID="KISAO:0000019" />
    </uniformTimeCourse>
  </listOfSimulations>
  <listOfModels>
    <model id="model_1" language="urn:sedml:language:sbml" source="00576-sbml-l2v4.xml" />
  </listOfModels>
  <listOfTasks>
    <task id="task_1" modelReference="model_1" simulationReference="simulation_1" />
  </listOfTasks>
  <listOfDataGenerators>
    <dataGenerator id="time_1" name="time">
      <listOfVariables>
        <variable id="time" taskReference="task_1" symbol="urn:sedml:symbol:time" />
      </listOfVariables>
      <math xmlns="http://www.w3.org/1998/Math/MathML">
        <ci> time </ci>
      </math>
    </dataGenerator>
    <dataGenerator id="p1_1" name="p1">
      <listOfVariables>
        <variable id="p1" name="p1" taskReference="task_1" target="/sbml:sbml/sbml:model/sbml:listOfParameters/sbml:parameter[@id='p1']" />
      </listOfVariables>
      <math xmlns="http://www.w3.org/1998/Math/MathML">
        <ci> p1 </ci>
      </math>
    </dataGenerator>
    <dataGenerator id="p2_1" name="p2">
      <listOfVariables>
        <variable id="p2" name="p2" taskReference="task_1" target="/sbml:sbml/sbml:model/sbml:listOfParameters/sbml:parameter[@id='p2']" />
      </listOfVariables>
      <math xmlns="http://www.w3.org/1998/Math/MathML">
        <ci> p2 </ci>
      </math>
    </dataGenerator>
    <dataGenerator id="p3_1" name="p3">
      <listOfVariables>
        <variable id="p3" name="p3" taskReference="task_1" target="/sbml:sbml/sbml:model/sbml:listOfParameters/sbml:parameter[@id='p3']" />
      </listOfVariables>
      <math xmlns="http://www.w3.org/1998/Math/MathML">
        <ci> p3 </ci>
      </math>
    </dataGenerator>
    <dataGenerator id="p4_1" name="p4">
      <listOfVariables>
        <variable id="p4" name="p4" taskReference="task_1" target="/sbml:sbml/sbml:model/sbml:listOfParameters/sbml:parameter[@id='p4']" />
      </listOfVariables>
      <math xmlns="http://www.w3.org/1998/Math/MathML">
        <ci> p4 </ci>
      </math>
    </dataGenerator>
  </listOfDataGenerators>
  <listOfOutputs>
    <plot2D id="plot_1" name="Timecourse for test 00576">
      <listOfCurves>
        <curve id="c_p1_1" name="p1" logX="false" logY="false" xDataReference="time_1" yDataReference="p1_1" />
        <curve id="c_p2_1" name="p2" logX="false" logY="false" xDataReference="time_1" yDataReference="p2_1" />
        <curve id="c_p3_1" name="p3" logX="false" logY="false" xDataReference="time_1" yDataReference="p3_1" />
        <curve id="c_p4_1" name="p4" logX="false" logY="false" xDataReference="time_1" yDataReference="p4_1" />
      </listOfCurves>
    </plot2D>
    <report id="report_1" name="Report for test 00576">
      <listOfDataSets>
        <dataSet id="ds_time" dataReference="time_1" label="Time" />
        <dataSet id="ds_p1_1" dataReference="p1_1" label="p1" />
        <dataSet id="ds_p2_1" dataReference="p2_1" label="p2" />
        <dataSet id="ds_p3_1" dataReference="p3_1" label="p3" />
        <dataSet id="ds_p4_1" dataReference="p4_1" label="p4" />
      </listOfDataSets>
    </report>
  </listOfOutputs>
</sedML>