<?xml version="1.0" encoding="UTF-8"?>
<sbml xmlns="http://www.sbml.org/sbml/level2" level="2" version="1">
  <model id="case01122" name="case01122">
    <listOfCompartments>
      <compartment id="comp" size="5" constant="false"/>
    </listOfCompartments>
    <listOfSpecies>
      <species id="S1" compartment="comp" initialAmount="1"/>
      <species id="S3" compartment="comp" initialAmount="4" boundaryCondition="true"/>
    </listOfSpecies>
    <listOfRules>
      <rateRule variable="comp">
        <math xmlns="http://www.w3.org/1998/Math/MathML">
          <cn type="integer"> 1 </cn>
        </math>
      </rateRule>
    </listOfRules>
    <listOfReactions>
      <reaction id="_J0" fast="false">
        <listOfReactants>
          <speciesReference species="S1"/>
        </listOfReactants>
        <listOfModifiers>
          <modifierSpeciesReference species="S3"/>
        </listOfModifiers>
        <kineticLaw>
          <math xmlns="http://www.w3.org/1998/Math/MathML">
            <apply>
              <divide/>
              <ci> S3 </ci>
              <cn type="integer"> 10 </cn>
            </apply>
          </math>
        </kineticLaw>
      </reaction>
    </listOfReactions>
  </model>
</sbml>
