<?xml version="1.0" encoding="UTF-8"?>
<!-- Generated 16-May-2008 10:35:19.8906250 -->
<!-- Generated by MathSBML 2.7.4 -->
<!-- Generated using Mathematica Version 5.2 for Microsoft Windows (June 20, 2005) -->
<sbml xmlns="http://www.sbml.org/sbml/level2/version3"
    level="2"
    version="3">
 <model id="case00629"
     name="case00629"
     metaid="_case00629">
  <listOfFunctionDefinitions>
   <functionDefinition id="multiply"
       name="multiply">
    <math xmlns="http://www.w3.org/1998/Math/MathML">
     <lambda>
      <bvar>
       <ci>x</ci>
      </bvar>
      <bvar>
       <ci>y</ci>
      </bvar>
      <apply>
       <times/>
       <ci>x</ci>
       <ci>y</ci>
      </apply>
     </lambda>
    </math>
   </functionDefinition>
  </listOfFunctionDefinitions>
  <!-- <listOfUnitDefinitions/> -->
  <!-- <listOfCompartmentTypes/> -->
  <!-- <listOfSpeciesTypes/> -->
  <listOfCompartments>
   <compartment id="C"
       name="C"
       spatialDimensions="3"
       units="volume"
       size="1"/>
  </listOfCompartments>
  <listOfSpecies>
   <species id="X0"
       name="X0"
       compartment="C"
       boundaryCondition="false"
       constant="false"
       initialAmount="1"
       substanceUnits="substance"
       hasOnlySubstanceUnits="false"/>
   <species id="X1"
       name="X1"
       compartment="C"
       boundaryCondition="false"
       constant="false"
       initialAmount="0"
       substanceUnits="substance"
       hasOnlySubstanceUnits="false"/>
   <species id="T"
       name="T"
       compartment="C"
       boundaryCondition="false"
       constant="false"
       initialAmount="0"
       substanceUnits="substance"
       hasOnlySubstanceUnits="false"/>
   <species id="S1"
       name="S1"
       compartment="C"
       boundaryCondition="false"
       constant="false"
       initialAmount="0"
       substanceUnits="substance"
       hasOnlySubstanceUnits="false"/>
  </listOfSpecies>
  <listOfParameters>
   <parameter id="k1"
       name="k1"
       value="2"
       constant="false"/>
   <parameter id="k2"
       name="k2"
       value="0.375"/>
   <parameter id="k3"
       name="k3"
       value="2.5"/>
   <parameter id="p1"
       name="p1"
       value="10"/>
   <parameter id="p2"
       name="p2"
       value="0.01"/>
  </listOfParameters>
  <!-- <listOfInitialAssignments/> -->
  <listOfRules>
   <assignmentRule variable="k1"
       metaid="rule1">
    <math xmlns="http://www.w3.org/1998/Math/MathML">
     <apply>
      <ci>multiply</ci>
      <ci>p1</ci>
      <ci>p2</ci>
     </apply>
    </math>
   </assignmentRule>
   <algebraicRule metaid="rule2">
    <math xmlns="http://www.w3.org/1998/Math/MathML">
     <apply>
      <plus/>
      <apply>
       <times/>
       <apply>
        <plus/>
        <ci>k3</ci>
        <cn type="integer">1</cn>
       </apply>
       <ci>S1</ci>
      </apply>
      <apply>
       <times/>
       <cn type="integer">-1</cn>
       <ci>T</ci>
      </apply>
     </apply>
    </math>
   </algebraicRule>
  </listOfRules>
  <!-- <listOfConstraints/> -->
  <listOfReactions>
   <reaction id="reaction1"
       name="reaction1"
       reversible="false"
       fast="false">
    <listOfReactants>
     <speciesReference species="X0"/>
    </listOfReactants>
    <listOfProducts>
     <speciesReference species="T"/>
    </listOfProducts>
    <!-- <listOfModifiers/> -->
    <kineticLaw>
     <math xmlns="http://www.w3.org/1998/Math/MathML">
      <apply>
       <times/>
       <ci>C</ci>
       <ci>k1</ci>
       <ci>X0</ci>
      </apply>
     </math>
     <!-- <listOfParameters/> -->
    </kineticLaw>
   </reaction>
   <reaction id="reaction2"
       name="reaction2"
       reversible="false"
       fast="false">
    <listOfReactants>
     <speciesReference species="T"/>
    </listOfReactants>
    <listOfProducts>
     <speciesReference species="X1"/>
    </listOfProducts>
    <listOfModifiers>
     <modifierSpeciesReference species="S1"/>
    </listOfModifiers>
    <kineticLaw>
     <math xmlns="http://www.w3.org/1998/Math/MathML">
      <apply>
       <times/>
       <ci>C</ci>
       <ci>k2</ci>
       <ci>S1</ci>
      </apply>
     </math>
     <!-- <listOfParameters/> -->
    </kineticLaw>
   </reaction>
  </listOfReactions>
  <!-- <listOfEvents/> -->
 </model>
</sbml>