<?xml version="1.0" encoding="UTF-8"?>
<!-- Generated 17-May-2008 14:18:55.0000000 -->
<!-- Generated by MathSBML 2.7.4 -->
<!-- Generated using Mathematica Version 5.2 for Microsoft Windows (June 20, 2005) -->
<sbml xmlns="http://www.sbml.org/sbml/level2/version3"
    level="2"
    version="3">
 <model id="case00660"
     name="case00660"
     metaid="_case00660">
  <!-- <listOfFunctionDefinitions/> -->
  <!-- <listOfUnitDefinitions/> -->
  <!-- <listOfCompartmentTypes/> -->
  <!-- <listOfSpeciesTypes/> -->
  <listOfCompartments>
   <compartment id="C"
       name="C"
       spatialDimensions="3"
       units="volume"
       size="1"/>
  </listOfCompartments>
  <listOfSpecies>
   <species id="S1"
       name="S1"
       compartment="C"
       boundaryCondition="false"
       constant="false"
       initialAmount="0.5"
       substanceUnits="substance"
       hasOnlySubstanceUnits="false"/>
   <species id="S2"
       name="S2"
       compartment="C"
       boundaryCondition="false"
       constant="false"
       initialAmount="0.5"
       substanceUnits="substance"
       hasOnlySubstanceUnits="false"/>
  </listOfSpecies>
  <listOfParameters>
   <parameter id="k1"
       name="k1"/>
   <parameter id="k2"
       name="k2"
       value="1"/>
  </listOfParameters>
  <listOfInitialAssignments>
   <initialAssignment symbol="k1">
    <math xmlns="http://www.w3.org/1998/Math/MathML">
     <cn type="integer">1</cn>
    </math>
   </initialAssignment>
  </listOfInitialAssignments>
  <listOfRules>
   <algebraicRule metaid="rule1">
    <math xmlns="http://www.w3.org/1998/Math/MathML">
     <apply>
      <plus/>
      <apply>
       <times/>
       <cn type="integer">-1</cn>
       <ci>k1</ci>
      </apply>
      <ci>S1</ci>
      <ci>S2</ci>
     </apply>
    </math>
   </algebraicRule>
  </listOfRules>
  <!-- <listOfConstraints/> -->
  <listOfReactions>
   <reaction id="reaction1"
       name="reaction1"
       reversible="false"
       fast="false">
    <!-- <listOfReactants/> -->
    <listOfProducts>
     <speciesReference species="S1"/>
    </listOfProducts>
    <listOfModifiers>
     <modifierSpeciesReference species="S2"/>
    </listOfModifiers>
    <kineticLaw>
     <math xmlns="http://www.w3.org/1998/Math/MathML">
      <apply>
       <times/>
       <ci>C</ci>
       <ci>k2</ci>
       <ci>S2</ci>
      </apply>
     </math>
     <!-- <listOfParameters/> -->
    </kineticLaw>
   </reaction>
  </listOfReactions>
  <!-- <listOfEvents/> -->
 </model>
</sbml>