<?xml version="1.0" encoding="UTF-8"?>
<sbml xmlns="http://www.sbml.org/sbml/level1" level="1" version="2">
  <model name="case00670">
    <listOfCompartments>
      <compartment name="C" volume="2.5" units="volume"/>
    </listOfCompartments>
    <listOfSpecies>
      <species name="S1" compartment="C" initialAmount="1e-005" units="substance"/>
      <species name="S2" compartment="C" initialAmount="1.5e-005" units="substance"/>
      <species name="S3" compartment="C" initialAmount="1e-005" units="substance"/>
      <species name="S4" compartment="C" initialAmount="2.25" units="substance"/>
    </listOfSpecies>
    <listOfParameters>
      <parameter name="k1" value="0.015"/>
      <parameter name="k2" value="0.5"/>
      <parameter name="k3" value="1.5"/>
    </listOfParameters>
    <listOfRules>
      <speciesConcentrationRule formula="k3 * S1" species="S4"/>
      <speciesConcentrationRule formula="k2 * S3 + -1 * k1 * S1" type="rate" species="S2"/>
    </listOfRules>
    <listOfReactions>
      <reaction name="reaction1" reversible="false">
        <listOfReactants>
          <speciesReference species="S1"/>
        </listOfReactants>
        <listOfProducts>
          <speciesReference species="S3"/>
        </listOfProducts>
        <kineticLaw formula="C * k1 * S1"/>
      </reaction>
      <reaction name="reaction2" reversible="false">
        <listOfReactants>
          <speciesReference species="S3"/>
        </listOfReactants>
        <listOfProducts>
          <speciesReference species="S1"/>
        </listOfProducts>
        <kineticLaw formula="C * k2 * S3"/>
      </reaction>
    </listOfReactions>
  </model>
</sbml>
