<?xml version="1.0" encoding="utf-8"?>
<!-- Written by libSedML v1.1.5123.24255 see http://libsedml.sf.net -->
<sedML level="1" version="1" xmlns="http://sed-ml.org/">
  <listOfSimulations>
    <uniformTimeCourse id="simulation_1" initialTime="0" outputStartTime="0" outputEndTime="1" numberOfPoints="2">
      <algorithm kisaoID="KISAO:0000019" />
    </uniformTimeCourse>
  </listOfSimulations>
  <listOfModels>
    <model id="model_1" language="urn:sedml:language:sbml" source="01116-sbml-l2v4.xml" />
  </listOfModels>
  <listOfTasks>
    <task id="task_1" modelReference="model_1" simulationReference="simulation_1" />
  </listOfTasks>
  <listOfDataGenerators>
    <dataGenerator id="time_1" name="time">
      <listOfVariables>
        <variable id="time" taskReference="task_1" symbol="urn:sedml:symbol:time" />
      </listOfVariables>
      <math xmlns="http://www.w3.org/1998/Math/MathML">
        <ci> time </ci>
      </math>
    </dataGenerator>
    <dataGenerator id="a_1" name="a">
      <listOfVariables>
        <variable id="a" name="a" taskReference="task_1" target="/sbml:sbml/sbml:model/sbml:listOfParameters/sbml:parameter[@id='a']" />
      </listOfVariables>
      <math xmlns="http://www.w3.org/1998/Math/MathML">
        <ci> a </ci>
      </math>
    </dataGenerator>
    <dataGenerator id="b_1" name="b">
      <listOfVariables>
        <variable id="b" name="b" taskReference="task_1" target="/sbml:sbml/sbml:model/sbml:listOfParameters/sbml:parameter[@id='b']" />
      </listOfVariables>
      <math xmlns="http://www.w3.org/1998/Math/MathML">
        <ci> b </ci>
      </math>
    </dataGenerator>
  </listOfDataGenerators>
  <listOfOutputs>
    <plot2D id="plot_1" name="Timecourse for test 01116">
      <listOfCurves>
        <curve id="c_a_1" name="a" logX="false" logY="false" xDataReference="time_1" yDataReference="a_1" />
        <curve id="c_b_1" name="b" logX="false" logY="false" xDataReference="time_1" yDataReference="b_1" />
      </listOfCurves>
    </plot2D>
    <report id="report_1" name="Report for test 01116">
      <listOfDataSets>
        <dataSet id="ds_time" dataReference="time_1" label="Time" />
        <dataSet id="ds_a_1" dataReference="a_1" label="a" />
        <dataSet id="ds_b_1" dataReference="b_1" label="b" />
      </listOfDataSets>
    </report>
  </listOfOutputs>
</sedML>