<?xml version="1.0" encoding="UTF-8"?>
<sbml xmlns="http://www.sbml.org/sbml/level3/version1/core" xmlns:comp="http://www.sbml.org/sbml/level3/version1/comp/version1" level="3" version="1" comp:required="true">
  <model>
    <listOfParameters>
      <parameter id="extentconv" value="1000" constant="true"/>
    </listOfParameters>
    <comp:listOfSubmodels>
      <comp:submodel comp:id="sub1" comp:modelRef="moddef1" comp:extentConversionFactor="extentconv"/>
    </comp:listOfSubmodels>
  </model>
  <comp:listOfModelDefinitions>
    <comp:modelDefinition id="moddef1">
      <listOfCompartments>
        <compartment id="C" size="1" constant="true"/>
      </listOfCompartments>
      <listOfSpecies>
        <species id="s1" compartment="C" initialAmount="1" hasOnlySubstanceUnits="true" boundaryCondition="false" constant="false"/>
      </listOfSpecies>
      <listOfReactions>
        <reaction id="J0" reversible="true" fast="false">
          <listOfProducts>
            <speciesReference species="s1" stoichiometry="1" constant="true"/>
          </listOfProducts>
          <kineticLaw>
            <math xmlns="http://www.w3.org/1998/Math/MathML">
              <cn type="integer"> 10 </cn>
            </math>
          </kineticLaw>
        </reaction>
      </listOfReactions>
    </comp:modelDefinition>
  </comp:listOfModelDefinitions>
</sbml>
