<?xml version="1.0" encoding="UTF-8"?>
<!-- Generated 27-March-2008 10:46:34.2812500 -->
<!-- Generated by MathSBML 2.7.2b -->
<!-- Generated using Mathematica Version 5.2 for Microsoft Windows (June 20, 2005) -->
<sbml xmlns="http://www.sbml.org/sbml/level2/version3"
    level="2"
    version="3">
 <model id="case00328"
     name="case00328"
     metaid="_case00328">
  <!-- <listOfFunctionDefinitions/> -->
  <!-- <listOfUnitDefinitions/> -->
  <!-- <listOfCompartmentTypes/> -->
  <!-- <listOfSpeciesTypes/> -->
  <listOfCompartments>
   <compartment id="compartment"
       name="compartment"
       spatialDimensions="3"
       units="volume"
       size="0.5"/>
  </listOfCompartments>
  <listOfSpecies>
   <species id="S1"
       name="S1"
       compartment="compartment"
       boundaryCondition="false"
       constant="false"
       initialAmount="1.5"
       substanceUnits="substance"
       hasOnlySubstanceUnits="false"/>
   <species id="S2"
       name="S2"
       compartment="compartment"
       boundaryCondition="false"
       constant="false"
       initialAmount="2."
       substanceUnits="substance"
       hasOnlySubstanceUnits="false"/>
   <species id="S3"
       name="S3"
       compartment="compartment"
       boundaryCondition="false"
       constant="false"
       initialAmount="1.5"
       substanceUnits="substance"
       hasOnlySubstanceUnits="false"/>
   <species id="S4"
       name="S4"
       compartment="compartment"
       boundaryCondition="false"
       constant="false"
       initialAmount="4"
       substanceUnits="substance"
       hasOnlySubstanceUnits="false"/>
  </listOfSpecies>
  <listOfParameters>
   <parameter id="k1"
       name="k1"
       value="0.75"/>
   <parameter id="k2"
       name="k2"
       value="0.25"/>
  </listOfParameters>
  <!-- <listOfInitialAssignments/> -->
  <listOfRules>
   <rateRule variable="S3"
       metaid="rule1">
    <math xmlns="http://www.w3.org/1998/Math/MathML">
     <apply>
      <times/>
      <cn type="real">0.5</cn>
      <ci>k1</ci>
     </apply>
    </math>
   </rateRule>
   <rateRule variable="S4"
       metaid="rule2">
    <math xmlns="http://www.w3.org/1998/Math/MathML">
     <apply>
      <times/>
      <cn type="real">-0.5</cn>
      <ci>k2</ci>
     </apply>
    </math>
   </rateRule>
  </listOfRules>
  <!-- <listOfConstraints/> -->
  <listOfReactions>
   <reaction id="reaction1"
       name="reaction1"
       reversible="false"
       fast="false">
    <listOfReactants>
     <speciesReference species="S1"/>
    </listOfReactants>
    <listOfProducts>
     <speciesReference species="S2"/>
    </listOfProducts>
    <!-- <listOfModifiers/> -->
    <kineticLaw>
     <math xmlns="http://www.w3.org/1998/Math/MathML">
      <apply>
       <times/>
       <ci>compartment</ci>
       <ci>k1</ci>
       <ci>S1</ci>
      </apply>
     </math>
     <!-- <listOfParameters/> -->
    </kineticLaw>
   </reaction>
  </listOfReactions>
  <!-- <listOfEvents/> -->
 </model>
</sbml>