<?xml version="1.0" encoding="UTF-8"?>
<sbml xmlns="http://www.sbml.org/sbml/level2" level="2" version="1">
  <model metaid="_case00181" id="case00181" name="case00181">
    <listOfParameters>
      <parameter id="S1" name="S1" value="1" constant="false"/>
      <parameter id="S2" name="S2" value="1.5e-015" constant="false"/>
      <parameter id="S3" name="S3" constant="false"/>
      <parameter id="k1" name="k1" value="0.75"/>
      <parameter id="k2" name="k2" value="50"/>
    </listOfParameters>
    <listOfRules>
      <assignmentRule metaid="rule1" variable="S3">
        <math xmlns="http://www.w3.org/1998/Math/MathML">
          <apply>
            <times/>
            <ci> k1 </ci>
            <ci> S2 </ci>
          </apply>
        </math>
      </assignmentRule>
      <rateRule metaid="rule2" variable="S1">
        <math xmlns="http://www.w3.org/1998/Math/MathML">
          <apply>
            <times/>
            <cn type="integer"> -1 </cn>
            <ci> k2 </ci>
            <ci> S1 </ci>
          </apply>
        </math>
      </rateRule>
      <rateRule metaid="rule3" variable="S2">
        <math xmlns="http://www.w3.org/1998/Math/MathML">
          <apply>
            <times/>
            <ci> k2 </ci>
            <ci> S1 </ci>
          </apply>
        </math>
      </rateRule>
    </listOfRules>
  </model>
</sbml>
