<?xml version="1.0" encoding="utf-8"?>
<!-- Written by libSedML v1.1.5123.24255 see http://libsedml.sf.net -->
<sedML level="1" version="1" xmlns="http://sed-ml.org/">
  <listOfSimulations>
    <uniformTimeCourse id="simulation_1" initialTime="0" outputStartTime="0" outputEndTime="5" numberOfPoints="50">
      <algorithm kisaoID="KISAO:0000019" />
    </uniformTimeCourse>
  </listOfSimulations>
  <listOfModels>
    <model id="model_1" language="urn:sedml:language:sbml" source="00903-sbml-l2v3.xml" />
  </listOfModels>
  <listOfTasks>
    <task id="task_1" modelReference="model_1" simulationReference="simulation_1" />
  </listOfTasks>
  <listOfDataGenerators>
    <dataGenerator id="time_1" name="time">
      <listOfVariables>
        <variable id="time" taskReference="task_1" symbol="urn:sedml:symbol:time" />
      </listOfVariables>
      <math xmlns="http://www.w3.org/1998/Math/MathML">
        <ci> time </ci>
      </math>
    </dataGenerator>
    <dataGenerator id="C1_1" name="C1">
      <listOfVariables>
        <variable id="C1" name="C1" taskReference="task_1" target="/sbml:sbml/sbml:model/sbml:listOfCompartments/sbml:compartment[@id='C1']" />
      </listOfVariables>
      <math xmlns="http://www.w3.org/1998/Math/MathML">
        <ci> C1 </ci>
      </math>
    </dataGenerator>
    <dataGenerator id="C2_1" name="C2">
      <listOfVariables>
        <variable id="C2" name="C2" taskReference="task_1" target="/sbml:sbml/sbml:model/sbml:listOfCompartments/sbml:compartment[@id='C2']" />
      </listOfVariables>
      <math xmlns="http://www.w3.org/1998/Math/MathML">
        <ci> C2 </ci>
      </math>
    </dataGenerator>
  </listOfDataGenerators>
  <listOfOutputs>
    <plot2D id="plot_1" name="Timecourse for test 00903">
      <listOfCurves>
        <curve id="c_C1_1" name="C1" logX="false" logY="false" xDataReference="time_1" yDataReference="C1_1" />
        <curve id="c_C2_1" name="C2" logX="false" logY="false" xDataReference="time_1" yDataReference="C2_1" />
      </listOfCurves>
    </plot2D>
    <report id="report_1" name="Report for test 00903">
      <listOfDataSets>
        <dataSet id="ds_time" dataReference="time_1" label="Time" />
        <dataSet id="ds_C1_1" dataReference="C1_1" label="C1" />
        <dataSet id="ds_C2_1" dataReference="C2_1" label="C2" />
      </listOfDataSets>
    </report>
  </listOfOutputs>
</sedML>