<?xml version="1.0" encoding="UTF-8"?>
<!-- Generated 10-February-2009 14:57:21.0937500 -->
<!-- Generated by MathSBML 2.7.5 [2-May-2008] -->
<!-- Generated using Mathematica Version 5.2 for Microsoft Windows (June 20, 2005) -->
<sbml xmlns="http://www.sbml.org/sbml/level2/version3"
    level="2"
    version="3">
 <model id="case00891"
     name="case00891"
     metaid="_case00891">
  <!-- <listOfFunctionDefinitions/> -->
  <!-- <listOfUnitDefinitions/> -->
  <!-- <listOfCompartmentTypes/> -->
  <!-- <listOfSpeciesTypes/> -->
  <!-- <listOfCompartments/> -->
  <!-- <listOfSpecies/> -->
  <listOfParameters>
   <parameter id="k1"
       name="k1"
       value="0.00015000000000000001"
       constant="false"/>
   <parameter id="k2"
       name="k2"
       value="0"
       constant="false"/>
   <parameter id="k3"
       name="k3"
       value="1."/>
  </listOfParameters>
  <!-- <listOfInitialAssignments/> -->
  <listOfRules>
   <rateRule variable="k1"
       metaid="rule1">
    <math xmlns="http://www.w3.org/1998/Math/MathML">
     <apply>
      <times/>
      <apply>
       <times/>
       <cn type="integer">-1</cn>
       <ci>k1</ci>
      </apply>
      <ci>k3</ci>
      <csymbol encoding="text" definitionURL="http://www.sbml.org/sbml/symbols/time">t</csymbol>
     </apply>
    </math>
   </rateRule>
   <rateRule variable="k2"
       metaid="rule2">
    <math xmlns="http://www.w3.org/1998/Math/MathML">
     <apply>
      <times/>
      <ci>k1</ci>
      <ci>k3</ci>
      <csymbol encoding="text" definitionURL="http://www.sbml.org/sbml/symbols/time">t</csymbol>
     </apply>
    </math>
   </rateRule>
  </listOfRules>
  <!-- <listOfConstraints/> -->
  <!-- <listOfReactions/> -->
  <!-- <listOfEvents/> -->
 </model>
</sbml>