<?xml version="1.0" encoding="UTF-8"?>
<sbml xmlns="http://www.sbml.org/sbml/level2/version4" level="2" version="4">
  <model metaid="_case00921" id="case00921" name="case00921">
    <listOfParameters>
      <parameter id="k1" name="k1" value="0.5"/>
      <parameter id="k2" name="k2" value="0.3"/>
    </listOfParameters>
    <listOfInitialAssignments>
      <initialAssignment symbol="k1">
        <math xmlns="http://www.w3.org/1998/Math/MathML">
          <apply>
            <times/>
            <cn> 1.5 </cn>
            <ci> k2 </ci>
          </apply>
        </math>
      </initialAssignment>
    </listOfInitialAssignments>
  </model>
</sbml>
