<?xml version="1.0" encoding="UTF-8"?>
<sbml xmlns="http://www.sbml.org/sbml/level2/version4" level="2" version="4">
  <model metaid="_case00177" id="case00177" name="case00177">
    <listOfParameters>
      <parameter id="S1" name="S1" value="0.15" constant="false"/>
      <parameter id="S2" name="S2" value="0" constant="false"/>
      <parameter id="k1" name="k1" value="0.1" constant="false"/>
    </listOfParameters>
    <listOfRules>
      <rateRule metaid="rule1" variable="k1">
        <math xmlns="http://www.w3.org/1998/Math/MathML">
          <cn> 0.5 </cn>
        </math>
      </rateRule>
      <rateRule metaid="rule2" variable="S1">
        <math xmlns="http://www.w3.org/1998/Math/MathML">
          <apply>
            <times/>
            <cn type="integer"> -1 </cn>
            <ci> k1 </ci>
            <ci> S1 </ci>
          </apply>
        </math>
      </rateRule>
      <rateRule metaid="rule3" variable="S2">
        <math xmlns="http://www.w3.org/1998/Math/MathML">
          <apply>
            <times/>
            <ci> k1 </ci>
            <ci> S1 </ci>
          </apply>
        </math>
      </rateRule>
    </listOfRules>
  </model>
</sbml>
