<?xml version="1.0" encoding="UTF-8"?>
<sbml xmlns="http://www.sbml.org/sbml/level2/version4" level="2" version="4">
  <model metaid="_case00254" id="case00254" name="case00254">
    <listOfCompartments>
      <compartment id="compartment" name="compartment" spatialDimensions="1" size="1" units="length"/>
    </listOfCompartments>
    <listOfSpecies>
      <species id="S1" name="S1" compartment="compartment" initialAmount="1.5" substanceUnits="substance"/>
      <species id="S2" name="S2" compartment="compartment" initialAmount="0.5" substanceUnits="substance"/>
      <species id="S3" name="S3" compartment="compartment" initialAmount="1.2" substanceUnits="substance" constant="true"/>
    </listOfSpecies>
    <listOfParameters>
      <parameter id="k1" name="k1" value="1.78"/>
    </listOfParameters>
    <listOfReactions>
      <reaction id="reaction1" name="reaction1" reversible="false" fast="false">
        <listOfReactants>
          <speciesReference species="S1"/>
        </listOfReactants>
        <listOfProducts>
          <speciesReference species="S2"/>
        </listOfProducts>
        <listOfModifiers>
          <modifierSpeciesReference species="S3"/>
        </listOfModifiers>
        <kineticLaw>
          <math xmlns="http://www.w3.org/1998/Math/MathML">
            <apply>
              <times/>
              <ci> compartment </ci>
              <ci> k1 </ci>
              <ci> S1 </ci>
              <ci> S3 </ci>
            </apply>
          </math>
        </kineticLaw>
      </reaction>
    </listOfReactions>
  </model>
</sbml>
