<?xml version="1.0" encoding="UTF-8"?>
<!-- Created by libAntimony version v2.3-beta with libSBML version 5.6.0. -->
<sbml xmlns="http://www.sbml.org/sbml/level3/version1/core" xmlns:comp="http://www.sbml.org/sbml/level3/version1/comp/version1" level="3" version="1" comp:required="true">
  <model id="testmod" name="testmod">
    <listOfParameters>
      <parameter id="extentconv" value="10" constant="true"/>
      <parameter id="timeconv" value="60" constant="true"/>
      <parameter id="Q" constant="false">
        <comp:listOfReplacedElements>
          <comp:replacedElement comp:portRef="q" comp:submodelRef="A"/>
        </comp:listOfReplacedElements>
      </parameter>
      <parameter id="R" value="20" constant="true">
        <comp:listOfReplacedElements>
          <comp:replacedElement comp:portRef="r" comp:submodelRef="A"/>
        </comp:listOfReplacedElements>
      </parameter>
      <parameter id="cf" value="100" constant="true"/>
      <parameter id="X" value="15" constant="false">
        <comp:listOfReplacedElements>
          <comp:replacedElement comp:portRef="x" comp:submodelRef="A" comp:conversionFactor="cf"/>
        </comp:listOfReplacedElements>
      </parameter>
      <parameter id="U1" value="1.1" constant="false">
        <comp:listOfReplacedElements>
          <comp:replacedElement comp:idRef="unused" comp:submodelRef="A"/>
        </comp:listOfReplacedElements>
      </parameter>
      <parameter id="U2" value="23" constant="false">
        <comp:listOfReplacedElements>
          <comp:replacedElement comp:idRef="unused2" comp:submodelRef="A"/>
        </comp:listOfReplacedElements>
      </parameter>
    </listOfParameters>
    <listOfRules>
      <rateRule variable="U1">
        <math xmlns="http://www.w3.org/1998/Math/MathML">
          <apply>
            <divide/>
            <ci> X </ci>
            <cn type="integer"> 100 </cn>
          </apply>
        </math>
      </rateRule>
      <assignmentRule variable="U2">
        <math xmlns="http://www.w3.org/1998/Math/MathML">
          <cn type="integer"> 23 </cn>
        </math>
      </assignmentRule>
    </listOfRules>
    <comp:listOfSubmodels>
      <comp:submodel comp:id="A" comp:modelRef="submod" comp:timeConversionFactor="timeconv" comp:extentConversionFactor="extentconv">
        <comp:listOfDeletions>
          <comp:deletion comp:metaIdRef="submod_unused_raterule"/>
          <comp:deletion comp:metaIdRef="submod_unused2_assignmentrule"/>
        </comp:listOfDeletions>
      </comp:submodel>
    </comp:listOfSubmodels>
  </model>
  <comp:listOfModelDefinitions>
    <comp:modelDefinition id="submod" name="submod">
      <listOfCompartments>
        <compartment sboTerm="SBO:0000410" id="default_compartment" spatialDimensions="3" size="1" constant="true"/>
      </listOfCompartments>
      <listOfSpecies>
        <species id="S1" compartment="default_compartment" initialConcentration="7.2" hasOnlySubstanceUnits="false" boundaryCondition="false" constant="false"/>
      </listOfSpecies>
      <listOfParameters>
        <parameter id="q" constant="false"/>
        <parameter id="r" value="-4" constant="true"/>
        <parameter id="x" value="3" constant="false"/>
        <parameter id="unused2" value="3" constant="false"/>
        <parameter id="unused" value="10" constant="false"/>
        <parameter id="k1" value="1.06" constant="true"/>
        <parameter id="y" value="8.8" constant="false"/>
      </listOfParameters>
      <listOfRules>
        <assignmentRule variable="q">
          <math xmlns="http://www.w3.org/1998/Math/MathML">
            <apply>
              <minus/>
              <ci> x </ci>
              <cn type="integer"> 3 </cn>
            </apply>
          </math>
        </assignmentRule>
        <rateRule variable="x">
          <math xmlns="http://www.w3.org/1998/Math/MathML">
            <cn> 0.2 </cn>
          </math>
        </rateRule>
        <assignmentRule metaid="submod_unused2_assignmentrule" variable="unused2">
          <math xmlns="http://www.w3.org/1998/Math/MathML">
            <cn type="integer"> 3 </cn>
          </math>
        </assignmentRule>
        <rateRule metaid="submod_unused_raterule" variable="unused">
          <math xmlns="http://www.w3.org/1998/Math/MathML">
            <cn> 0.3 </cn>
          </math>
        </rateRule>
      </listOfRules>
      <listOfReactions>
        <reaction id="_J0" reversible="true" fast="false">
          <listOfReactants>
            <speciesReference species="S1" stoichiometry="1" constant="true"/>
          </listOfReactants>
          <kineticLaw>
            <math xmlns="http://www.w3.org/1998/Math/MathML">
              <apply>
                <times/>
                <ci> k1 </ci>
                <ci> S1 </ci>
              </apply>
            </math>
          </kineticLaw>
        </reaction>
      </listOfReactions>
      <listOfEvents>
        <event id="_E0" useValuesFromTriggerTime="true">
          <trigger initialValue="true" persistent="true">
            <math xmlns="http://www.w3.org/1998/Math/MathML">
              <apply>
                <gt/>
                <ci> x </ci>
                <cn> 0.1515 </cn>
              </apply>
            </math>
          </trigger>
          <priority>
            <math xmlns="http://www.w3.org/1998/Math/MathML">
              <ci> q </ci>
            </math>
          </priority>
          <listOfEventAssignments>
            <eventAssignment variable="y">
              <math xmlns="http://www.w3.org/1998/Math/MathML">
                <cn type="integer"> 4 </cn>
              </math>
            </eventAssignment>
          </listOfEventAssignments>
        </event>
        <event id="_E1" useValuesFromTriggerTime="true">
          <trigger initialValue="true" persistent="true">
            <math xmlns="http://www.w3.org/1998/Math/MathML">
              <apply>
                <gt/>
                <ci> x </ci>
                <cn> 0.1515 </cn>
              </apply>
            </math>
          </trigger>
          <priority>
            <math xmlns="http://www.w3.org/1998/Math/MathML">
              <ci> r </ci>
            </math>
          </priority>
          <listOfEventAssignments>
            <eventAssignment variable="y">
              <math xmlns="http://www.w3.org/1998/Math/MathML">
                <cn type="integer"> 5 </cn>
              </math>
            </eventAssignment>
          </listOfEventAssignments>
        </event>
      </listOfEvents>
      <comp:listOfPorts>
        <comp:port comp:idRef="q" comp:id="q"/>
        <comp:port comp:idRef="r" comp:id="r"/>
        <comp:port comp:idRef="x" comp:id="x"/>
      </comp:listOfPorts>
    </comp:modelDefinition>
  </comp:listOfModelDefinitions>
</sbml>
