<?xml version="1.0" encoding="UTF-8"?>
<sbml xmlns="http://www.sbml.org/sbml/level1" level="1" version="2">
  <model name="case00611">
    <listOfCompartments>
      <compartment name="C" volume="1" units="volume"/>
    </listOfCompartments>
    <listOfSpecies>
      <species name="S1" compartment="C" initialAmount="1" units="substance"/>
      <species name="S2" compartment="C" initialAmount="0" units="substance"/>
      <species name="S3" compartment="C" initialAmount="1" units="substance"/>
    </listOfSpecies>
    <listOfParameters>
      <parameter name="k" value="0.75"/>
    </listOfParameters>
    <listOfRules>
      <speciesConcentrationRule formula="k * S2" species="S3"/>
    </listOfRules>
    <listOfReactions>
      <reaction name="reaction1" reversible="false">
        <listOfReactants>
          <speciesReference species="S1"/>
        </listOfReactants>
        <listOfProducts>
          <speciesReference species="S2"/>
        </listOfProducts>
        <kineticLaw formula="C * k * S1">
          <listOfParameters>
            <parameter name="k" value="5"/>
          </listOfParameters>
        </kineticLaw>
      </reaction>
    </listOfReactions>
  </model>
</sbml>
