<?xml version="1.0" encoding="UTF-8"?>
<sbml xmlns="http://www.sbml.org/sbml/level2/version2" level="2" version="2">
  <model metaid="_case00547" id="case00547" name="case00547">
    <listOfCompartments>
      <compartment id="C" name="C" units="volume" constant="false"/>
    </listOfCompartments>
    <listOfSpecies>
      <species id="X0" name="X0" compartment="C" initialAmount="1" substanceUnits="substance"/>
      <species id="X1" name="X1" compartment="C" initialAmount="0" substanceUnits="substance"/>
      <species id="T" name="T" compartment="C" initialAmount="0" substanceUnits="substance"/>
    </listOfSpecies>
    <listOfParameters>
      <parameter id="k1" name="k1" value="0.1"/>
      <parameter id="k2" name="k2" value="0.375"/>
    </listOfParameters>
    <listOfRules>
      <algebraicRule metaid="rule1">
        <math xmlns="http://www.w3.org/1998/Math/MathML">
          <apply>
            <plus/>
            <ci> C </ci>
            <cn> -2.5 </cn>
          </apply>
        </math>
      </algebraicRule>
    </listOfRules>
    <listOfReactions>
      <reaction id="reaction1" name="reaction1" reversible="false" fast="false">
        <listOfReactants>
          <speciesReference species="X0"/>
        </listOfReactants>
        <listOfProducts>
          <speciesReference species="T"/>
        </listOfProducts>
        <kineticLaw>
          <math xmlns="http://www.w3.org/1998/Math/MathML">
            <apply>
              <times/>
              <ci> C </ci>
              <ci> k1 </ci>
              <ci> X0 </ci>
            </apply>
          </math>
        </kineticLaw>
      </reaction>
      <reaction id="reaction2" name="reaction2" reversible="false" fast="false">
        <listOfReactants>
          <speciesReference species="T"/>
        </listOfReactants>
        <listOfProducts>
          <speciesReference species="X1"/>
        </listOfProducts>
        <kineticLaw>
          <math xmlns="http://www.w3.org/1998/Math/MathML">
            <apply>
              <times/>
              <ci> C </ci>
              <ci> k2 </ci>
              <ci> T </ci>
            </apply>
          </math>
        </kineticLaw>
      </reaction>
    </listOfReactions>
  </model>
</sbml>
