<?xml version="1.0" encoding="utf-8"?>
<!-- Written by libSedML v1.1.5123.24255 see http://libsedml.sf.net -->
<sedML level="1" version="1" xmlns="http://sed-ml.org/">
  <listOfSimulations>
    <uniformTimeCourse id="simulation_1" initialTime="0" outputStartTime="0" outputEndTime="100" numberOfPoints="1001">
      <algorithm kisaoID="KISAO:0000019" />
    </uniformTimeCourse>
  </listOfSimulations>
  <listOfModels>
    <model id="model_1" language="urn:sedml:language:sbml" source="00962-sbml-l3v1.xml" />
  </listOfModels>
  <listOfTasks>
    <task id="task_1" modelReference="model_1" simulationReference="simulation_1" />
  </listOfTasks>
  <listOfDataGenerators>
    <dataGenerator id="time_1" name="time">
      <listOfVariables>
        <variable id="time" taskReference="task_1" symbol="urn:sedml:symbol:time" />
      </listOfVariables>
      <math xmlns="http://www.w3.org/1998/Math/MathML">
        <ci> time </ci>
      </math>
    </dataGenerator>
    <dataGenerator id="S_1" name="S">
      <listOfVariables>
        <variable id="S" name="S" taskReference="task_1" target="/sbml:sbml/sbml:model/sbml:listOfParameters/sbml:parameter[@id='S']" />
      </listOfVariables>
      <math xmlns="http://www.w3.org/1998/Math/MathML">
        <ci> S </ci>
      </math>
    </dataGenerator>
    <dataGenerator id="error_1" name="error">
      <listOfVariables>
        <variable id="error" name="error" taskReference="task_1" target="/sbml:sbml/sbml:model/sbml:listOfParameters/sbml:parameter[@id='error']" />
      </listOfVariables>
      <math xmlns="http://www.w3.org/1998/Math/MathML">
        <ci> error </ci>
      </math>
    </dataGenerator>
  </listOfDataGenerators>
  <listOfOutputs>
    <plot2D id="plot_1" name="Timecourse for test 00962">
      <listOfCurves>
        <curve id="c_S_1" name="S" logX="false" logY="false" xDataReference="time_1" yDataReference="S_1" />
        <curve id="c_error_1" name="error" logX="false" logY="false" xDataReference="time_1" yDataReference="error_1" />
      </listOfCurves>
    </plot2D>
    <report id="report_1" name="Report for test 00962">
      <listOfDataSets>
        <dataSet id="ds_time" dataReference="time_1" label="Time" />
        <dataSet id="ds_S_1" dataReference="S_1" label="S" />
        <dataSet id="ds_error_1" dataReference="error_1" label="error" />
      </listOfDataSets>
    </report>
  </listOfOutputs>
</sedML>