<?xml version="1.0" encoding="UTF-8"?>
<sbml xmlns="http://www.sbml.org/sbml/level2" level="2" version="1">
  <model id="case00984" name="case00984">
    <listOfParameters>
      <parameter id="z" constant="false"/>
      <parameter id="x" value="0" constant="false"/>
      <parameter id="y" constant="false"/>
    </listOfParameters>
    <listOfRules>
      <assignmentRule variable="z">
        <math xmlns="http://www.w3.org/1998/Math/MathML">
          <apply>
            <csymbol encoding="text" definitionURL="http://www.sbml.org/sbml/symbols/delay"> delay </csymbol>
            <ci> x </ci>
            <cn type="integer"> 1 </cn>
          </apply>
        </math>
      </assignmentRule>
      <rateRule variable="x">
        <math xmlns="http://www.w3.org/1998/Math/MathML">
          <cn type="integer"> 1 </cn>
        </math>
      </rateRule>
      <assignmentRule variable="y">
        <math xmlns="http://www.w3.org/1998/Math/MathML">
          <apply>
            <csymbol encoding="text" definitionURL="http://www.sbml.org/sbml/symbols/delay"> delay </csymbol>
            <ci> x </ci>
            <ci> z </ci>
          </apply>
        </math>
      </assignmentRule>
    </listOfRules>
  </model>
</sbml>
