<?xml version="1.0" encoding="UTF-8"?>
<!-- Generated 6-May-2008 11:43:22.2343750 -->
<!-- Generated by MathSBML 2.7.4 -->
<!-- Generated using Mathematica Version 5.2 for Microsoft Windows (June 20, 2005) -->
<sbml xmlns="http://www.sbml.org/sbml/level2/version3"
    level="2"
    version="3">
 <model id="case00573"
     name="case00573"
     metaid="_case00573">
  <!-- <listOfFunctionDefinitions/> -->
  <!-- <listOfUnitDefinitions/> -->
  <!-- <listOfCompartmentTypes/> -->
  <!-- <listOfSpeciesTypes/> -->
  <!-- <listOfCompartments/> -->
  <!-- <listOfSpecies/> -->
  <listOfParameters>
   <parameter id="p1"
       name="p1"
       value="1"
       constant="false"/>
   <parameter id="p2"
       name="p2"
       value="0"
       constant="false"/>
   <parameter id="p3"
       name="p3"
       value="0"
       constant="false"/>
   <parameter id="p4"
       name="p4"
       value="0"
       constant="false"/>
   <parameter id="k1"
       name="k1"
       value="0.1"/>
   <parameter id="k2"
       name="k2"
       value="0.375"/>
   <parameter id="k3"
       name="k3"
       value="2.5"/>
  </listOfParameters>
  <!-- <listOfInitialAssignments/> -->
  <listOfRules>
   <algebraicRule metaid="rule1">
    <math xmlns="http://www.w3.org/1998/Math/MathML">
     <apply>
      <plus/>
      <apply>
       <times/>
       <apply>
        <plus/>
        <ci>k3</ci>
        <cn type="integer">1</cn>
       </apply>
       <ci>p4</ci>
      </apply>
      <apply>
       <times/>
       <cn type="integer">-1</cn>
       <ci>p3</ci>
      </apply>
     </apply>
    </math>
   </algebraicRule>
   <rateRule variable="p1"
       metaid="rule2">
    <math xmlns="http://www.w3.org/1998/Math/MathML">
     <apply>
      <times/>
      <apply>
       <times/>
       <cn type="integer">-1</cn>
       <ci>k1</ci>
      </apply>
      <ci>p1</ci>
     </apply>
    </math>
   </rateRule>
   <rateRule variable="p3"
       metaid="rule3">
    <math xmlns="http://www.w3.org/1998/Math/MathML">
     <apply>
      <plus/>
      <apply>
       <times/>
       <ci>k1</ci>
       <ci>p1</ci>
      </apply>
      <apply>
       <times/>
       <cn type="integer">-1</cn>
       <apply>
        <times/>
        <ci>k2</ci>
        <ci>p4</ci>
       </apply>
      </apply>
     </apply>
    </math>
   </rateRule>
   <rateRule variable="p2"
       metaid="rule4">
    <math xmlns="http://www.w3.org/1998/Math/MathML">
     <apply>
      <times/>
      <ci>k2</ci>
      <ci>p4</ci>
     </apply>
    </math>
   </rateRule>
  </listOfRules>
  <!-- <listOfConstraints/> -->
  <!-- <listOfReactions/> -->
  <!-- <listOfEvents/> -->
 </model>
</sbml>