<?xml version="1.0" encoding="UTF-8"?>
<sbml xmlns="http://www.sbml.org/sbml/level2/version4" level="2" version="4">
  <model metaid="_case00573" id="case00573" name="case00573">
    <listOfParameters>
      <parameter id="p1" name="p1" value="1" constant="false"/>
      <parameter id="p2" name="p2" value="0" constant="false"/>
      <parameter id="p3" name="p3" value="0" constant="false"/>
      <parameter id="p4" name="p4" value="0" constant="false"/>
      <parameter id="k1" name="k1" value="0.1"/>
      <parameter id="k2" name="k2" value="0.375"/>
      <parameter id="k3" name="k3" value="2.5"/>
    </listOfParameters>
    <listOfRules>
      <algebraicRule metaid="rule1">
        <math xmlns="http://www.w3.org/1998/Math/MathML">
          <apply>
            <plus/>
            <apply>
              <times/>
              <apply>
                <plus/>
                <ci> k3 </ci>
                <cn type="integer"> 1 </cn>
              </apply>
              <ci> p4 </ci>
            </apply>
            <apply>
              <times/>
              <cn type="integer"> -1 </cn>
              <ci> p3 </ci>
            </apply>
          </apply>
        </math>
      </algebraicRule>
      <rateRule metaid="rule2" variable="p1">
        <math xmlns="http://www.w3.org/1998/Math/MathML">
          <apply>
            <times/>
            <cn type="integer"> -1 </cn>
            <ci> k1 </ci>
            <ci> p1 </ci>
          </apply>
        </math>
      </rateRule>
      <rateRule metaid="rule3" variable="p3">
        <math xmlns="http://www.w3.org/1998/Math/MathML">
          <apply>
            <plus/>
            <apply>
              <times/>
              <ci> k1 </ci>
              <ci> p1 </ci>
            </apply>
            <apply>
              <times/>
              <cn type="integer"> -1 </cn>
              <ci> k2 </ci>
              <ci> p4 </ci>
            </apply>
          </apply>
        </math>
      </rateRule>
      <rateRule metaid="rule4" variable="p2">
        <math xmlns="http://www.w3.org/1998/Math/MathML">
          <apply>
            <times/>
            <ci> k2 </ci>
            <ci> p4 </ci>
          </apply>
        </math>
      </rateRule>
    </listOfRules>
  </model>
</sbml>
