<?xml version="1.0" encoding="UTF-8"?>
<!-- Created by libAntimony version v1.4 on 2011-02-09 22:27 with libSBML version 5.0.0-b1. -->
<sbml xmlns="http://www.sbml.org/sbml/level3/version1/core" level="3" version="1">
  <model id="case00934" name="case00934">
    <listOfCompartments>
      <compartment id="C" spatialDimensions="3" size="1" constant="true"/>
    </listOfCompartments>
    <listOfSpecies>
      <species id="S1" compartment="C" initialAmount="0" hasOnlySubstanceUnits="false" boundaryCondition="false" constant="false"/>
      <species id="S2" compartment="C" initialAmount="1" hasOnlySubstanceUnits="false" boundaryCondition="false" constant="false"/>
    </listOfSpecies>
    <listOfEvents>
      <event id="A" useValuesFromTriggerTime="true">
        <trigger initialValue="true" persistent="true">
          <math xmlns="http://www.w3.org/1998/Math/MathML">
            <apply>
              <geq/>
              <csymbol encoding="text" definitionURL="http://www.sbml.org/sbml/symbols/time"> time </csymbol>
              <cn> 0.99 </cn>
            </apply>
          </math>
        </trigger>
        <priority>
          <math xmlns="http://www.w3.org/1998/Math/MathML">
            <cn type="integer"> 10 </cn>
          </math>
        </priority>
        <listOfEventAssignments>
          <eventAssignment variable="S1">
            <math xmlns="http://www.w3.org/1998/Math/MathML">
              <cn type="integer"> 1 </cn>
            </math>
          </eventAssignment>
          <eventAssignment variable="S2">
            <math xmlns="http://www.w3.org/1998/Math/MathML">
              <cn type="integer"> 0 </cn>
            </math>
          </eventAssignment>
        </listOfEventAssignments>
      </event>
      <event id="B" useValuesFromTriggerTime="true">
        <trigger initialValue="true" persistent="true">
          <math xmlns="http://www.w3.org/1998/Math/MathML">
            <apply>
              <geq/>
              <csymbol encoding="text" definitionURL="http://www.sbml.org/sbml/symbols/time"> time </csymbol>
              <cn> 0.99 </cn>
            </apply>
          </math>
        </trigger>
        <priority>
          <math xmlns="http://www.w3.org/1998/Math/MathML">
            <apply>
              <times/>
              <cn type="integer"> 2 </cn>
              <ci> S2 </ci>
            </apply>
          </math>
        </priority>
        <listOfEventAssignments>
          <eventAssignment variable="S1">
            <math xmlns="http://www.w3.org/1998/Math/MathML">
              <cn type="integer"> 2 </cn>
            </math>
          </eventAssignment>
          <eventAssignment variable="S2">
            <math xmlns="http://www.w3.org/1998/Math/MathML">
              <cn type="integer"> 1 </cn>
            </math>
          </eventAssignment>
        </listOfEventAssignments>
      </event>
      <event id="C1" useValuesFromTriggerTime="true">
        <trigger initialValue="true" persistent="true">
          <math xmlns="http://www.w3.org/1998/Math/MathML">
            <apply>
              <geq/>
              <csymbol encoding="text" definitionURL="http://www.sbml.org/sbml/symbols/time"> time </csymbol>
              <cn> 0.99 </cn>
            </apply>
          </math>
        </trigger>
        <priority>
          <math xmlns="http://www.w3.org/1998/Math/MathML">
            <apply>
              <times/>
              <cn type="integer"> 2 </cn>
              <ci> S1 </ci>
            </apply>
          </math>
        </priority>
        <listOfEventAssignments>
          <eventAssignment variable="S1">
            <math xmlns="http://www.w3.org/1998/Math/MathML">
              <cn type="integer"> 3 </cn>
            </math>
          </eventAssignment>
          <eventAssignment variable="S2">
            <math xmlns="http://www.w3.org/1998/Math/MathML">
              <cn type="integer"> 2 </cn>
            </math>
          </eventAssignment>
        </listOfEventAssignments>
      </event>
    </listOfEvents>
  </model>
</sbml>
