<?xml version="1.0" encoding="utf-8"?>
<!-- Written by libSedML v1.1.5123.24255 see http://libsedml.sf.net -->
<sedML level="1" version="1" xmlns="http://sed-ml.org/">
  <listOfSimulations>
    <uniformTimeCourse id="simulation_1" initialTime="0" outputStartTime="0" outputEndTime="3" numberOfPoints="50">
      <algorithm kisaoID="KISAO:0000019" />
    </uniformTimeCourse>
  </listOfSimulations>
  <listOfModels>
    <model id="model_1" language="urn:sedml:language:sbml" source="00871-sbml-l2v2.xml" />
  </listOfModels>
  <listOfTasks>
    <task id="task_1" modelReference="model_1" simulationReference="simulation_1" />
  </listOfTasks>
  <listOfDataGenerators>
    <dataGenerator id="time_1" name="time">
      <listOfVariables>
        <variable id="time" taskReference="task_1" symbol="urn:sedml:symbol:time" />
      </listOfVariables>
      <math xmlns="http://www.w3.org/1998/Math/MathML">
        <ci> time </ci>
      </math>
    </dataGenerator>
    <dataGenerator id="A1_1" name="A1">
      <listOfVariables>
        <variable id="A1_1_s" taskReference="task_1" target="/sbml:sbml/sbml:model/sbml:listOfSpecies/sbml:species[@id='A1']" />
        <variable id="A1_1_c" taskReference="task_1" target="/sbml:sbml/sbml:model/sbml:listOfCompartments/sbml:compartment[@id='C']" />
      </listOfVariables>
      <math xmlns="http://www.w3.org/1998/Math/MathML">
        <apply>
          <times />
          <ci> A1_1_s </ci>
          <ci> A1_1_c </ci>
        </apply>
      </math>
    </dataGenerator>
    <dataGenerator id="A2_1" name="A2">
      <listOfVariables>
        <variable id="A2_1_s" taskReference="task_1" target="/sbml:sbml/sbml:model/sbml:listOfSpecies/sbml:species[@id='A2']" />
        <variable id="A2_1_c" taskReference="task_1" target="/sbml:sbml/sbml:model/sbml:listOfCompartments/sbml:compartment[@id='C']" />
      </listOfVariables>
      <math xmlns="http://www.w3.org/1998/Math/MathML">
        <apply>
          <times />
          <ci> A2_1_s </ci>
          <ci> A2_1_c </ci>
        </apply>
      </math>
    </dataGenerator>
    <dataGenerator id="A3_1" name="A3">
      <listOfVariables>
        <variable id="A3_1_s" taskReference="task_1" target="/sbml:sbml/sbml:model/sbml:listOfSpecies/sbml:species[@id='A3']" />
        <variable id="A3_1_c" taskReference="task_1" target="/sbml:sbml/sbml:model/sbml:listOfCompartments/sbml:compartment[@id='C']" />
      </listOfVariables>
      <math xmlns="http://www.w3.org/1998/Math/MathML">
        <apply>
          <times />
          <ci> A3_1_s </ci>
          <ci> A3_1_c </ci>
        </apply>
      </math>
    </dataGenerator>
    <dataGenerator id="A4_1" name="A4">
      <listOfVariables>
        <variable id="A4_1_s" taskReference="task_1" target="/sbml:sbml/sbml:model/sbml:listOfSpecies/sbml:species[@id='A4']" />
        <variable id="A4_1_c" taskReference="task_1" target="/sbml:sbml/sbml:model/sbml:listOfCompartments/sbml:compartment[@id='C']" />
      </listOfVariables>
      <math xmlns="http://www.w3.org/1998/Math/MathML">
        <apply>
          <times />
          <ci> A4_1_s </ci>
          <ci> A4_1_c </ci>
        </apply>
      </math>
    </dataGenerator>
  </listOfDataGenerators>
  <listOfOutputs>
    <plot2D id="plot_1" name="Timecourse for test 00871">
      <listOfCurves>
        <curve id="c_A1_1" name="A1" logX="false" logY="false" xDataReference="time_1" yDataReference="A1_1" />
        <curve id="c_A2_1" name="A2" logX="false" logY="false" xDataReference="time_1" yDataReference="A2_1" />
        <curve id="c_A3_1" name="A3" logX="false" logY="false" xDataReference="time_1" yDataReference="A3_1" />
        <curve id="c_A4_1" name="A4" logX="false" logY="false" xDataReference="time_1" yDataReference="A4_1" />
      </listOfCurves>
    </plot2D>
    <report id="report_1" name="Report for test 00871">
      <listOfDataSets>
        <dataSet id="ds_time" dataReference="time_1" label="Time" />
        <dataSet id="ds_A1_1" dataReference="A1_1" label="A1" />
        <dataSet id="ds_A2_1" dataReference="A2_1" label="A2" />
        <dataSet id="ds_A3_1" dataReference="A3_1" label="A3" />
        <dataSet id="ds_A4_1" dataReference="A4_1" label="A4" />
      </listOfDataSets>
    </report>
  </listOfOutputs>
</sedML>