<?xml version="1.0" encoding="utf-8"?>
<!-- Written by libSedML v1.1.5123.24255 see http://libsedml.sf.net -->
<sedML level="1" version="1" xmlns="http://sed-ml.org/">
  <listOfSimulations>
    <uniformTimeCourse id="simulation_1" initialTime="0" outputStartTime="0" outputEndTime="8" numberOfPoints="50">
      <algorithm kisaoID="KISAO:0000019" />
    </uniformTimeCourse>
  </listOfSimulations>
  <listOfModels>
    <model id="model_1" language="urn:sedml:language:sbml" source="00893-sbml-l2v4.xml" />
  </listOfModels>
  <listOfTasks>
    <task id="task_1" modelReference="model_1" simulationReference="simulation_1" />
  </listOfTasks>
  <listOfDataGenerators>
    <dataGenerator id="time_1" name="time">
      <listOfVariables>
        <variable id="time" taskReference="task_1" symbol="urn:sedml:symbol:time" />
      </listOfVariables>
      <math xmlns="http://www.w3.org/1998/Math/MathML">
        <ci> time </ci>
      </math>
    </dataGenerator>
    <dataGenerator id="P1_1" name="P1">
      <listOfVariables>
        <variable id="P1" name="P1" taskReference="task_1" target="/sbml:sbml/sbml:model/sbml:listOfParameters/sbml:parameter[@id='P1']" />
      </listOfVariables>
      <math xmlns="http://www.w3.org/1998/Math/MathML">
        <ci> P1 </ci>
      </math>
    </dataGenerator>
    <dataGenerator id="P2_1" name="P2">
      <listOfVariables>
        <variable id="P2" name="P2" taskReference="task_1" target="/sbml:sbml/sbml:model/sbml:listOfParameters/sbml:parameter[@id='P2']" />
      </listOfVariables>
      <math xmlns="http://www.w3.org/1998/Math/MathML">
        <ci> P2 </ci>
      </math>
    </dataGenerator>
    <dataGenerator id="P3_1" name="P3">
      <listOfVariables>
        <variable id="P3" name="P3" taskReference="task_1" target="/sbml:sbml/sbml:model/sbml:listOfParameters/sbml:parameter[@id='P3']" />
      </listOfVariables>
      <math xmlns="http://www.w3.org/1998/Math/MathML">
        <ci> P3 </ci>
      </math>
    </dataGenerator>
  </listOfDataGenerators>
  <listOfOutputs>
    <plot2D id="plot_1" name="Timecourse for test 00893">
      <listOfCurves>
        <curve id="c_P1_1" name="P1" logX="false" logY="false" xDataReference="time_1" yDataReference="P1_1" />
        <curve id="c_P2_1" name="P2" logX="false" logY="false" xDataReference="time_1" yDataReference="P2_1" />
        <curve id="c_P3_1" name="P3" logX="false" logY="false" xDataReference="time_1" yDataReference="P3_1" />
      </listOfCurves>
    </plot2D>
    <report id="report_1" name="Report for test 00893">
      <listOfDataSets>
        <dataSet id="ds_time" dataReference="time_1" label="Time" />
        <dataSet id="ds_P1_1" dataReference="P1_1" label="P1" />
        <dataSet id="ds_P2_1" dataReference="P2_1" label="P2" />
        <dataSet id="ds_P3_1" dataReference="P3_1" label="P3" />
      </listOfDataSets>
    </report>
  </listOfOutputs>
</sedML>