<?xml version="1.0" encoding="UTF-8"?>
<sbml xmlns="http://www.sbml.org/sbml/level2" level="2" version="1">
  <model metaid="_case00893" id="case00893" name="case00893">
    <listOfParameters>
      <parameter id="P1" name="P1" value="0.0015" constant="false"/>
      <parameter id="P2" name="P2" value="0" constant="false"/>
      <parameter id="P3" name="P3" value="0.001" constant="false"/>
      <parameter id="k1" name="k1" value="0.5"/>
     </listOfParameters>
    <listOfRules>
      <rateRule metaid="rule1" variable="P3">
        <math xmlns="http://www.w3.org/1998/Math/MathML">
          <apply>
            <times/>
            <ci> k1 </ci>
            <csymbol encoding="text" definitionURL="http://www.sbml.org/sbml/symbols/time"> s </csymbol>
          </apply>
        </math>
      </rateRule>
      <rateRule metaid="rule2" variable="P1">
        <math xmlns="http://www.w3.org/1998/Math/MathML">
          <apply>
            <times/>
            <cn type="integer"> -1 </cn>
            <ci> P1 </ci>
            <ci> P3 </ci>
          </apply>
        </math>
      </rateRule>
      <rateRule metaid="rule3" variable="P2">
        <math xmlns="http://www.w3.org/1998/Math/MathML">
          <apply>
            <times/>
            <ci> P1 </ci>
            <ci> P3 </ci>
          </apply>
        </math>
      </rateRule>
    </listOfRules>
  </model>
</sbml>
