<?xml version="1.0" encoding="UTF-8"?>
<!-- Generated 25-March-2008 15:28:18.6562500 -->
<!-- Generated by MathSBML 2.7.2b -->
<!-- Generated using Mathematica Version 5.2 for Microsoft Windows (June 20, 2005) -->
<sbml xmlns="http://www.sbml.org/sbml/level2/version3"
    level="2"
    version="3">
 <model id="case00269"
     name="case00269"
     metaid="_case00269">
  <listOfFunctionDefinitions>
   <functionDefinition id="calculate"
       name="calculate">
    <math xmlns="http://www.w3.org/1998/Math/MathML">
     <lambda>
      <bvar>
       <ci>x</ci>
      </bvar>
      <bvar>
       <ci>y</ci>
      </bvar>
      <bvar>
       <ci>z</ci>
      </bvar>
      <apply>
       <times/>
       <apply>
        <factorial/>
        <apply>
         <ceiling/>
         <apply>
          <times/>
          <ci>x</ci>
          <ci>y</ci>
         </apply>
        </apply>
       </apply>
       <apply>
        <power/>
        <ci>z</ci>
        <cn type="integer">-1</cn>
       </apply>
      </apply>
     </lambda>
    </math>
   </functionDefinition>
  </listOfFunctionDefinitions>
  <!-- <listOfUnitDefinitions/> -->
  <!-- <listOfCompartmentTypes/> -->
  <!-- <listOfSpeciesTypes/> -->
  <listOfCompartments>
   <compartment id="compartment"
       name="compartment"
       spatialDimensions="3"
       units="volume"
       size="1."/>
  </listOfCompartments>
  <listOfSpecies>
   <species id="S1"
       name="S1"
       compartment="compartment"
       boundaryCondition="false"
       constant="false"
       initialAmount="1."
       substanceUnits="substance"
       hasOnlySubstanceUnits="false"/>
   <species id="S2"
       name="S2"
       compartment="compartment"
       boundaryCondition="false"
       constant="false"
       initialAmount="0."
       substanceUnits="substance"
       hasOnlySubstanceUnits="false"/>
  </listOfSpecies>
  <listOfParameters>
   <parameter id="p1"
       name="p1"
       value="4"/>
   <parameter id="p2"
       name="p2"
       value="25"/>
  </listOfParameters>
  <!-- <listOfInitialAssignments/> -->
  <!-- <listOfRules/> -->
  <!-- <listOfConstraints/> -->
  <listOfReactions>
   <reaction id="reaction1"
       name="reaction1"
       reversible="false"
       fast="false">
    <listOfReactants>
     <speciesReference species="S1"/>
    </listOfReactants>
    <listOfProducts>
     <speciesReference species="S2"/>
    </listOfProducts>
    <!-- <listOfModifiers/> -->
    <kineticLaw>
     <math xmlns="http://www.w3.org/1998/Math/MathML">
      <apply>
       <ci>calculate</ci>
       <ci>S1</ci>
       <ci>p1</ci>
       <ci>p2</ci>
      </apply>
     </math>
     <!-- <listOfParameters/> -->
    </kineticLaw>
   </reaction>
  </listOfReactions>
  <!-- <listOfEvents/> -->
 </model>
</sbml>