<?xml version="1.0" encoding="UTF-8"?>
<sbml xmlns="http://www.sbml.org/sbml/level2/version4" level="2" version="4">
  <model id="case00998" name="case00998">
    <listOfCompartments>
      <compartment id="comp" size="5"/>
    </listOfCompartments>
    <listOfSpecies>
      <species id="S1" compartment="comp" initialConcentration="1" hasOnlySubstanceUnits="true"/>
    </listOfSpecies>
    <listOfReactions>
      <reaction id="J0" fast="false">
        <listOfProducts>
          <speciesReference species="S1"/>
        </listOfProducts>
        <kineticLaw>
          <math xmlns="http://www.w3.org/1998/Math/MathML">
            <apply>
              <divide/>
              <cn type="integer"> 10 </cn>
              <ci> S1 </ci>
            </apply>
          </math>
        </kineticLaw>
      </reaction>
    </listOfReactions>
  </model>
</sbml>
