<?xml version="1.0" encoding="UTF-8"?>
<sbml xmlns="http://www.sbml.org/sbml/level3/version1/core" level="3" version="1">
  <model metaid="_case00872" id="case00872" name="case00872" timeUnits="time">
    <listOfUnitDefinitions>
      <unitDefinition id="volume">
        <listOfUnits>
          <unit kind="litre" exponent="1" scale="0" multiplier="1"/>
        </listOfUnits>
      </unitDefinition>
      <unitDefinition id="substance">
        <listOfUnits>
          <unit kind="mole" exponent="1" scale="0" multiplier="1"/>
        </listOfUnits>
      </unitDefinition>
      <unitDefinition id="time">
        <listOfUnits>
          <unit kind="second" exponent="1" scale="0" multiplier="1"/>
        </listOfUnits>
      </unitDefinition>
    </listOfUnitDefinitions>
    <listOfCompartments>
      <compartment id="C" name="C" spatialDimensions="3" size="1" units="volume" constant="true"/>
    </listOfCompartments>
    <listOfSpecies>
      <species id="A1" name="A1" compartment="C" initialAmount="2" substanceUnits="substance" hasOnlySubstanceUnits="false" boundaryCondition="true" constant="false"/>
      <species id="A2" name="A2" compartment="C" initialAmount="3" substanceUnits="substance" hasOnlySubstanceUnits="false" boundaryCondition="false" constant="false"/>
      <species id="A3" name="A3" compartment="C" initialAmount="4" substanceUnits="substance" hasOnlySubstanceUnits="false" boundaryCondition="false" constant="false"/>
      <species id="A4" name="A4" compartment="C" initialAmount="1" substanceUnits="substance" hasOnlySubstanceUnits="false" boundaryCondition="false" constant="false"/>
    </listOfSpecies>
    <listOfParameters>
      <parameter id="Kf1" name="Kf1" value="1" constant="true"/>
      <parameter id="Kr1" name="Kr1" value="2" constant="true"/>
      <parameter id="Kf" name="Kf" value="1" constant="true"/>
      <parameter id="Kr" name="Kr" value="2" constant="true"/>
    </listOfParameters>
    <listOfReactions>
      <reaction id="reaction1" name="reaction1" reversible="true" fast="true">
        <listOfReactants>
          <speciesReference species="A4" stoichiometry="1" constant="true"/>
        </listOfReactants>
        <listOfProducts>
          <speciesReference species="A2" stoichiometry="1" constant="true"/>
        </listOfProducts>
        <kineticLaw>
          <math xmlns="http://www.w3.org/1998/Math/MathML">
            <apply>
              <times/>
              <ci> C </ci>
              <apply>
                <plus/>
                <apply>
                  <times/>
                  <ci> A4 </ci>
                  <ci> Kf1 </ci>
                </apply>
                <apply>
                  <times/>
                  <cn type="integer"> -1 </cn>
                  <ci> A2 </ci>
                  <ci> Kr1 </ci>
                </apply>
              </apply>
            </apply>
          </math>
        </kineticLaw>
      </reaction>
      <reaction id="reaction2" name="reaction2" reversible="true" fast="false">
        <listOfReactants>
          <speciesReference species="A1" stoichiometry="1" constant="true"/>
          <speciesReference species="A2" stoichiometry="1" constant="true"/>
        </listOfReactants>
        <listOfProducts>
          <speciesReference species="A3" stoichiometry="1" constant="true"/>
        </listOfProducts>
        <kineticLaw>
          <math xmlns="http://www.w3.org/1998/Math/MathML">
            <apply>
              <times/>
              <ci> C </ci>
              <apply>
                <plus/>
                <apply>
                  <times/>
                  <ci> A1 </ci>
                  <ci> A2 </ci>
                  <ci> Kf </ci>
                </apply>
                <apply>
                  <times/>
                  <cn type="integer"> -1 </cn>
                  <ci> A3 </ci>
                  <ci> Kr </ci>
                </apply>
              </apply>
            </apply>
          </math>
        </kineticLaw>
      </reaction>
    </listOfReactions>
  </model>
</sbml>
