<?xml version="1.0" encoding="UTF-8"?>
<!-- Generated 5-August-2008 19:40:33.5937500 -->
<!-- Generated by MathSBML 2.7.5 [2-May-2008] -->
<!-- Generated using Mathematica Version 5.2 for Microsoft Windows (June 20, 2005) -->
<sbml xmlns="http://www.sbml.org/sbml/level2/version3"
    level="2"
    version="3">
 <model id="case00872"
     name="case00872"
     metaid="_case00872">
  <!-- <listOfFunctionDefinitions/> -->
  <!-- <listOfUnitDefinitions/> -->
  <!-- <listOfCompartmentTypes/> -->
  <!-- <listOfSpeciesTypes/> -->
  <listOfCompartments>
   <compartment id="C"
       name="C"
       spatialDimensions="3"
       units="volume"
       size="1."/>
  </listOfCompartments>
  <listOfSpecies>
   <species id="A1"
       name="A1"
       compartment="C"
       boundaryCondition="true"
       constant="false"
       initialAmount="2."
       substanceUnits="substance"
       hasOnlySubstanceUnits="false"/>
   <species id="A2"
       name="A2"
       compartment="C"
       boundaryCondition="false"
       constant="false"
       initialAmount="3."
       substanceUnits="substance"
       hasOnlySubstanceUnits="false"/>
   <species id="A3"
       name="A3"
       compartment="C"
       boundaryCondition="false"
       constant="false"
       initialAmount="4."
       substanceUnits="substance"
       hasOnlySubstanceUnits="false"/>
   <species id="A4"
       name="A4"
       compartment="C"
       boundaryCondition="false"
       constant="false"
       initialAmount="1."
       substanceUnits="substance"
       hasOnlySubstanceUnits="false"/>
  </listOfSpecies>
  <listOfParameters>
   <parameter id="Kf1"
       name="Kf1"
       value="1."/>
   <parameter id="Kr1"
       name="Kr1"
       value="2."/>
   <parameter id="Kf"
       name="Kf"
       value="1."/>
   <parameter id="Kr"
       name="Kr"
       value="2."/>
  </listOfParameters>
  <!-- <listOfInitialAssignments/> -->
  <!-- <listOfRules/> -->
  <!-- <listOfConstraints/> -->
  <listOfReactions>
   <reaction id="reaction1"
       name="reaction1"
       reversible="true"
       fast="true">
    <listOfReactants>
     <speciesReference species="A4"/>
    </listOfReactants>
    <listOfProducts>
     <speciesReference species="A2"/>
    </listOfProducts>
    <!-- <listOfModifiers/> -->
    <kineticLaw>
     <math xmlns="http://www.w3.org/1998/Math/MathML">
      <apply>
       <times/>
       <ci>C</ci>
       <apply>
        <plus/>
        <apply>
         <times/>
         <ci>A4</ci>
         <ci>Kf1</ci>
        </apply>
        <apply>
         <times/>
         <cn type="integer">-1</cn>
         <apply>
          <times/>
          <ci>A2</ci>
          <ci>Kr1</ci>
         </apply>
        </apply>
       </apply>
      </apply>
     </math>
     <!-- <listOfParameters/> -->
    </kineticLaw>
   </reaction>
   <reaction id="reaction2"
       name="reaction2"
       reversible="true"
       fast="false">
    <listOfReactants>
     <speciesReference species="A1"/>
     <speciesReference species="A2"/>
    </listOfReactants>
    <listOfProducts>
     <speciesReference species="A3"/>
    </listOfProducts>
    <!-- <listOfModifiers/> -->
    <kineticLaw>
     <math xmlns="http://www.w3.org/1998/Math/MathML">
      <apply>
       <times/>
       <ci>C</ci>
       <apply>
        <plus/>
        <apply>
         <times/>
         <ci>A1</ci>
         <ci>A2</ci>
         <ci>Kf</ci>
        </apply>
        <apply>
         <times/>
         <cn type="integer">-1</cn>
         <apply>
          <times/>
          <ci>A3</ci>
          <ci>Kr</ci>
         </apply>
        </apply>
       </apply>
      </apply>
     </math>
     <!-- <listOfParameters/> -->
    </kineticLaw>
   </reaction>
  </listOfReactions>
  <!-- <listOfEvents/> -->
 </model>
</sbml>