<?xml version="1.0" encoding="UTF-8"?>
<!-- Generated 6-March-2009 15:58:41.5781250 -->
<!-- Generated by MathSBML 2.7.5 [2-May-2008] -->
<!-- Generated using Mathematica Version 5.2 for Microsoft Windows (June 20, 2005) -->
<sbml xmlns="http://www.sbml.org/sbml/level2/version3"
    level="2"
    version="3">
 <model id="case00109"
     name="case00109"
     metaid="_case00109">
  <listOfFunctionDefinitions>
   <functionDefinition id="multiply"
       name="multiply">
    <math xmlns="http://www.w3.org/1998/Math/MathML">
     <lambda>
      <bvar>
       <ci>x</ci>
      </bvar>
      <bvar>
       <ci>y</ci>
      </bvar>
      <apply>
       <times/>
       <ci>x</ci>
       <ci>y</ci>
      </apply>
     </lambda>
    </math>
   </functionDefinition>
  </listOfFunctionDefinitions>
  <!-- <listOfUnitDefinitions/> -->
  <!-- <listOfCompartmentTypes/> -->
  <!-- <listOfSpeciesTypes/> -->
  <listOfCompartments>
   <compartment id="compartment"
       name="compartment"
       spatialDimensions="3"
       units="volume"
       size="12.5"/>
  </listOfCompartments>
  <listOfSpecies>
   <species id="S1"
       name="S1"
       compartment="compartment"
       boundaryCondition="false"
       constant="false"
       initialAmount="0.0005"
       substanceUnits="substance"
       hasOnlySubstanceUnits="false"/>
   <species id="S2"
       name="S2"
       compartment="compartment"
       boundaryCondition="false"
       constant="false"
       initialAmount="0.001"
       substanceUnits="substance"
       hasOnlySubstanceUnits="false"/>
   <species id="S3"
       name="S3"
       compartment="compartment"
       boundaryCondition="false"
       constant="false"
       initialAmount="0.002"
       substanceUnits="substance"
       hasOnlySubstanceUnits="false"/>
   <species id="S4"
       name="S4"
       compartment="compartment"
       boundaryCondition="false"
       constant="false"
       initialAmount="0.0015"
       substanceUnits="substance"
       hasOnlySubstanceUnits="false"/>
  </listOfSpecies>
  <listOfParameters>
   <parameter id="k1"
       name="k1"
       value="750."/>
   <parameter id="k2"
       name="k2"
       value="250."/>
  </listOfParameters>
  <!-- <listOfInitialAssignments/> -->
  <!-- <listOfRules/> -->
  <!-- <listOfConstraints/> -->
  <listOfReactions>
   <reaction id="reaction1"
       name="reaction1"
       reversible="false"
       fast="false">
    <listOfReactants>
     <speciesReference species="S1"/>
     <speciesReference species="S2"/>
    </listOfReactants>
    <listOfProducts>
     <speciesReference species="S3"/>
     <speciesReference species="S4"/>
    </listOfProducts>
    <!-- <listOfModifiers/> -->
    <kineticLaw>
     <math xmlns="http://www.w3.org/1998/Math/MathML">
      <apply>
       <times/>
       <ci>compartment</ci>
       <apply>
        <ci>multiply</ci>
        <ci>k1</ci>
        <apply>
         <ci>multiply</ci>
         <ci>S1</ci>
         <ci>S2</ci>
        </apply>
       </apply>
      </apply>
     </math>
     <!-- <listOfParameters/> -->
    </kineticLaw>
   </reaction>
   <reaction id="reaction2"
       name="reaction2"
       reversible="false"
       fast="false">
    <listOfReactants>
     <speciesReference species="S3"/>
     <speciesReference species="S4"/>
    </listOfReactants>
    <listOfProducts>
     <speciesReference species="S1"/>
     <speciesReference species="S2"/>
    </listOfProducts>
    <!-- <listOfModifiers/> -->
    <kineticLaw>
     <math xmlns="http://www.w3.org/1998/Math/MathML">
      <apply>
       <times/>
       <ci>compartment</ci>
       <ci>k2</ci>
       <ci>S3</ci>
       <ci>S4</ci>
      </apply>
     </math>
     <!-- <listOfParameters/> -->
    </kineticLaw>
   </reaction>
  </listOfReactions>
  <!-- <listOfEvents/> -->
 </model>
</sbml>