<?xml version="1.0" encoding="UTF-8"?>
<sbml xmlns="http://www.sbml.org/sbml/level2/version2" level="2" version="2">
  <model id="case00989" name="case00989">
    <listOfCompartments>
      <compartment id="default_compartment" size="1"/>
    </listOfCompartments>
    <listOfSpecies>
      <species id="X" compartment="default_compartment" initialAmount="1" hasOnlySubstanceUnits="true"/>
      <species id="Y" compartment="default_compartment" initialAmount="1" hasOnlySubstanceUnits="true"/>
    </listOfSpecies>
    <listOfParameters>
      <parameter id="k1" value="1"/>
    </listOfParameters>
    <listOfReactions>
      <reaction id="J0" fast="false">
        <listOfProducts>
          <speciesReference id="Xref" species="X">
            <stoichiometryMath>
              <math xmlns="http://www.w3.org/1998/Math/MathML">
                <ci> X </ci>
              </math>
            </stoichiometryMath>
          </speciesReference>
        </listOfProducts>
        <kineticLaw>
          <math xmlns="http://www.w3.org/1998/Math/MathML">
            <ci> k1 </ci>
          </math>
        </kineticLaw>
      </reaction>
      <reaction id="J1" fast="false">
        <listOfProducts>
          <speciesReference species="Y"/>
        </listOfProducts>
        <kineticLaw>
          <math xmlns="http://www.w3.org/1998/Math/MathML">
            <apply>
              <times/>
              <ci> k1 </ci>
              <ci> Y </ci>
            </apply>
          </math>
        </kineticLaw>
      </reaction>
    </listOfReactions>
  </model>
</sbml>
