<?xml version="1.0" encoding="UTF-8"?>
<sbml xmlns="http://www.sbml.org/sbml/level2" level="2" version="1">
  <model id="case00999" name="case00999">
    <listOfCompartments>
      <compartment id="comp1" size="10"/>
      <compartment id="comp2" size="10" constant="false"/>
    </listOfCompartments>
    <listOfSpecies>
      <species id="S1" compartment="comp1" initialConcentration="1"/>
      <species id="S2" compartment="comp1" initialConcentration="2" hasOnlySubstanceUnits="true"/>
      <species id="S3" compartment="comp1" initialAmount="3"/>
      <species id="S4" compartment="comp1" initialAmount="4" hasOnlySubstanceUnits="true"/>
      <species id="S5" compartment="comp2" initialConcentration="5"/>
      <species id="S6" compartment="comp2" initialConcentration="6" hasOnlySubstanceUnits="true"/>
      <species id="S7" compartment="comp2" initialAmount="7"/>
      <species id="S8" compartment="comp2" initialAmount="8" hasOnlySubstanceUnits="true"/>
    </listOfSpecies>
    <listOfParameters>
      <parameter id="p1" constant="false"/>
      <parameter id="p2" constant="false"/>
      <parameter id="p3" constant="false"/>
      <parameter id="p4" constant="false"/>
      <parameter id="p5" constant="false"/>
      <parameter id="p6" constant="false"/>
      <parameter id="p7" constant="false"/>
      <parameter id="p8" constant="false"/>
    </listOfParameters>
    <listOfRules>
      <rateRule variable="comp2">
        <math xmlns="http://www.w3.org/1998/Math/MathML">
          <cn type="integer"> 1 </cn>
        </math>
      </rateRule>
      <assignmentRule variable="p1">
        <math xmlns="http://www.w3.org/1998/Math/MathML">
          <ci> S1 </ci>
        </math>
      </assignmentRule>
      <assignmentRule variable="p2">
        <math xmlns="http://www.w3.org/1998/Math/MathML">
          <ci> S2 </ci>
        </math>
      </assignmentRule>
      <assignmentRule variable="p3">
        <math xmlns="http://www.w3.org/1998/Math/MathML">
          <ci> S3 </ci>
        </math>
      </assignmentRule>
      <assignmentRule variable="p4">
        <math xmlns="http://www.w3.org/1998/Math/MathML">
          <ci> S4 </ci>
        </math>
      </assignmentRule>
      <assignmentRule variable="p5">
        <math xmlns="http://www.w3.org/1998/Math/MathML">
          <ci> S5 </ci>
        </math>
      </assignmentRule>
      <assignmentRule variable="p6">
        <math xmlns="http://www.w3.org/1998/Math/MathML">
          <ci> S6 </ci>
        </math>
      </assignmentRule>
      <assignmentRule variable="p7">
        <math xmlns="http://www.w3.org/1998/Math/MathML">
          <ci> S7 </ci>
        </math>
      </assignmentRule>
      <assignmentRule variable="p8">
        <math xmlns="http://www.w3.org/1998/Math/MathML">
          <ci> S8 </ci>
        </math>
      </assignmentRule>
    </listOfRules>
  </model>
</sbml>
