<?xml version="1.0" encoding="UTF-8"?>
<sbml xmlns="http://www.sbml.org/sbml/level2/version2" level="2" version="2">
  <model metaid="_case00709" id="case00709" name="case00709">
    <listOfCompartments>
      <compartment id="C" name="C" size="0.5" units="volume"/>
    </listOfCompartments>
    <listOfSpecies>
      <species id="S1" name="S1" compartment="C" initialConcentration="1.5" substanceUnits="substance"/>
      <species id="S2" name="S2" compartment="C" initialConcentration="2" substanceUnits="substance"/>
      <species id="S3" name="S3" compartment="C" initialConcentration="1.5" substanceUnits="substance"/>
      <species id="S4" name="S4" compartment="C" initialConcentration="4" substanceUnits="substance"/>
    </listOfSpecies>
    <listOfParameters>
      <parameter id="k1" name="k1" value="0.75"/>
      <parameter id="k2" name="k2" value="0.25"/>
    </listOfParameters>
    <listOfRules>
      <rateRule metaid="rule1" variable="S3">
        <math xmlns="http://www.w3.org/1998/Math/MathML">
          <apply>
            <times/>
            <cn> 0.5 </cn>
            <ci> k1 </ci>
          </apply>
        </math>
      </rateRule>
      <rateRule metaid="rule2" variable="S4">
        <math xmlns="http://www.w3.org/1998/Math/MathML">
          <apply>
            <times/>
            <cn> -0.5 </cn>
            <ci> k2 </ci>
          </apply>
        </math>
      </rateRule>
    </listOfRules>
    <listOfReactions>
      <reaction id="reaction1" name="reaction1" reversible="false" fast="false">
        <listOfReactants>
          <speciesReference species="S1"/>
        </listOfReactants>
        <listOfProducts>
          <speciesReference species="S2"/>
        </listOfProducts>
        <kineticLaw>
          <math xmlns="http://www.w3.org/1998/Math/MathML">
            <apply>
              <times/>
              <ci> C </ci>
              <ci> k1 </ci>
              <ci> S1 </ci>
            </apply>
          </math>
        </kineticLaw>
      </reaction>
    </listOfReactions>
  </model>
</sbml>
