<?xml version="1.0" encoding="UTF-8"?>
<sbml xmlns="http://www.sbml.org/sbml/level2/version2" level="2" version="2">
  <model metaid="_case00564" id="case00564" name="case00564">
    <listOfCompartments>
      <compartment id="C" name="C" size="1" units="volume"/>
    </listOfCompartments>
    <listOfSpecies>
      <species id="S1" name="S1" compartment="C" initialAmount="0.1" substanceUnits="substance"/>
      <species id="S2" name="S2" compartment="C" initialAmount="0.2" substanceUnits="substance"/>
      <species id="S3" name="S3" compartment="C" initialAmount="0.1" substanceUnits="substance"/>
      <species id="S4" name="S4" compartment="C" initialAmount="0.1" substanceUnits="substance"/>
    </listOfSpecies>
    <listOfParameters>
      <parameter id="k1" name="k1" value="0.75"/>
      <parameter id="k2" name="k2" value="0.25"/>
      <parameter id="p1" name="p1" value="0.5"/>
    </listOfParameters>
    <listOfRules>
      <algebraicRule metaid="rule1">
        <math xmlns="http://www.w3.org/1998/Math/MathML">
          <apply>
            <plus/>
            <ci> S4 </ci>
            <apply>
              <times/>
              <cn type="integer"> -1 </cn>
              <ci> S1 </ci>
            </apply>
          </apply>
        </math>
      </algebraicRule>
    </listOfRules>
    <listOfReactions>
      <reaction id="reaction1" name="reaction1" reversible="false" fast="false">
        <listOfReactants>
          <speciesReference species="S1"/>
          <speciesReference species="S2"/>
        </listOfReactants>
        <listOfProducts>
          <speciesReference species="S3"/>
        </listOfProducts>
        <kineticLaw>
          <math xmlns="http://www.w3.org/1998/Math/MathML">
            <apply>
              <times/>
              <ci> C </ci>
              <ci> k1 </ci>
              <ci> S1 </ci>
              <ci> S2 </ci>
            </apply>
          </math>
        </kineticLaw>
      </reaction>
      <reaction id="reaction2" name="reaction2" reversible="false" fast="false">
        <listOfReactants>
          <speciesReference species="S3">
            <stoichiometryMath>
              <math xmlns="http://www.w3.org/1998/Math/MathML">
                <apply>
                  <times/>
                  <cn type="integer"> 4 </cn>
                  <ci> p1 </ci>
                </apply>
              </math>
            </stoichiometryMath>
          </speciesReference>
        </listOfReactants>
        <listOfProducts>
          <speciesReference species="S1"/>
          <speciesReference species="S2"/>
        </listOfProducts>
        <kineticLaw>
          <math xmlns="http://www.w3.org/1998/Math/MathML">
            <apply>
              <times/>
              <ci> C </ci>
              <ci> k2 </ci>
              <ci> S3 </ci>
            </apply>
          </math>
        </kineticLaw>
      </reaction>
    </listOfReactions>
  </model>
</sbml>
