<?xml version="1.0" encoding="UTF-8"?>
<sbml xmlns="http://www.sbml.org/sbml/level3/version1/core" xmlns:comp="http://www.sbml.org/sbml/level3/version1/comp/version1" level="3" version="1" comp:required="true">
  <model>
    <listOfParameters>
      <parameter id="timeconv" value="60" constant="true"/>
      <parameter id="t1" value="1" constant="false">
        <comp:listOfReplacedElements>
          <comp:replacedElement comp:idRef="t1" comp:submodelRef="sub1"/>
        </comp:listOfReplacedElements>
      </parameter>
    </listOfParameters>
    <comp:listOfSubmodels>
      <comp:submodel comp:id="sub1" comp:modelRef="moddef1" comp:timeConversionFactor="timeconv"/>
    </comp:listOfSubmodels>
  </model>
  <comp:listOfModelDefinitions>
    <comp:modelDefinition id="moddef1">
      <listOfParameters>
        <parameter id="t1" value="1" constant="false"/>
      </listOfParameters>
      <listOfRules>
        <rateRule variable="t1">
          <math xmlns="http://www.w3.org/1998/Math/MathML">
            <apply>
              <plus/>
              <apply>
                <divide/>
                <csymbol encoding="text" definitionURL="http://www.sbml.org/sbml/symbols/time"> time </csymbol>
                <ci> t1 </ci>
              </apply>
              <cn type="integer"> 3 </cn>
            </apply>
          </math>
        </rateRule>
      </listOfRules>
    </comp:modelDefinition>
  </comp:listOfModelDefinitions>
</sbml>
