<?xml version="1.0" encoding="UTF-8"?>
<sbml xmlns="http://www.sbml.org/sbml/level2/version2" level="2" version="2">
  <model metaid="_case00223" id="case00223" name="case00223">
    <listOfCompartments>
      <compartment id="compartment" name="compartment" spatialDimensions="1" size="1" units="length"/>
    </listOfCompartments>
    <listOfSpecies>
      <species id="S1" name="S1" compartment="compartment" initialAmount="1.5e-006" substanceUnits="substance" hasOnlySubstanceUnits="true"/>
      <species id="S2" name="S2" compartment="compartment" initialAmount="1e-006" substanceUnits="substance" hasOnlySubstanceUnits="true"/>
    </listOfSpecies>
    <listOfParameters>
      <parameter id="k1" name="k1" value="1.5"/>
    </listOfParameters>
    <listOfReactions>
      <reaction id="reaction1" name="reaction1" reversible="false" fast="false">
        <listOfReactants>
          <speciesReference species="S1"/>
        </listOfReactants>
        <listOfProducts>
          <speciesReference species="S2"/>
        </listOfProducts>
        <kineticLaw>
          <math xmlns="http://www.w3.org/1998/Math/MathML">
            <apply>
              <times/>
              <ci> k1 </ci>
              <ci> S1 </ci>
            </apply>
          </math>
        </kineticLaw>
      </reaction>
    </listOfReactions>
  </model>
</sbml>
