<?xml version="1.0" encoding="utf-8"?>
<!-- Written by libSedML v1.1.5123.24255 see http://libsedml.sf.net -->
<sedML level="1" version="1" xmlns="http://sed-ml.org/">
  <listOfSimulations>
    <uniformTimeCourse id="simulation_1" initialTime="0" outputStartTime="0" outputEndTime="2" numberOfPoints="40">
      <algorithm kisaoID="KISAO:0000019" />
    </uniformTimeCourse>
  </listOfSimulations>
  <listOfModels>
    <model id="model_1" language="urn:sedml:language:sbml" source="00939-sbml-l2v1.xml" />
  </listOfModels>
  <listOfTasks>
    <task id="task_1" modelReference="model_1" simulationReference="simulation_1" />
  </listOfTasks>
  <listOfDataGenerators>
    <dataGenerator id="time_1" name="time">
      <listOfVariables>
        <variable id="time" taskReference="task_1" symbol="urn:sedml:symbol:time" />
      </listOfVariables>
      <math xmlns="http://www.w3.org/1998/Math/MathML">
        <ci> time </ci>
      </math>
    </dataGenerator>
    <dataGenerator id="x_1" name="x">
      <listOfVariables>
        <variable id="x_1_s" taskReference="task_1" target="/sbml:sbml/sbml:model/sbml:listOfSpecies/sbml:species[@id='x']" />
        <variable id="x_1_c" taskReference="task_1" target="/sbml:sbml/sbml:model/sbml:listOfCompartments/sbml:compartment[@id='default_compartment']" />
      </listOfVariables>
      <math xmlns="http://www.w3.org/1998/Math/MathML">
        <apply>
          <times />
          <ci> x_1_s </ci>
          <ci> x_1_c </ci>
        </apply>
      </math>
    </dataGenerator>
    <dataGenerator id="y_1" name="y">
      <listOfVariables>
        <variable id="y" name="y" taskReference="task_1" target="/sbml:sbml/sbml:model/sbml:listOfParameters/sbml:parameter[@id='y']" />
      </listOfVariables>
      <math xmlns="http://www.w3.org/1998/Math/MathML">
        <ci> y </ci>
      </math>
    </dataGenerator>
  </listOfDataGenerators>
  <listOfOutputs>
    <plot2D id="plot_1" name="Timecourse for test 00939">
      <listOfCurves>
        <curve id="c_x_1" name="x" logX="false" logY="false" xDataReference="time_1" yDataReference="x_1" />
        <curve id="c_y_1" name="y" logX="false" logY="false" xDataReference="time_1" yDataReference="y_1" />
      </listOfCurves>
    </plot2D>
    <report id="report_1" name="Report for test 00939">
      <listOfDataSets>
        <dataSet id="ds_time" dataReference="time_1" label="Time" />
        <dataSet id="ds_x_1" dataReference="x_1" label="x" />
        <dataSet id="ds_y_1" dataReference="y_1" label="y" />
      </listOfDataSets>
    </report>
  </listOfOutputs>
</sedML>