<?xml version="1.0" encoding="utf-8"?>
<!-- Written by libSedML v1.1.5123.24255 see http://libsedml.sf.net -->
<sedML level="1" version="1" xmlns="http://sed-ml.org/">
  <listOfSimulations>
    <uniformTimeCourse id="simulation_1" initialTime="0" outputStartTime="0" outputEndTime="15" numberOfPoints="50">
      <algorithm kisaoID="KISAO:0000019" />
    </uniformTimeCourse>
  </listOfSimulations>
  <listOfModels>
    <model id="model_1" language="urn:sedml:language:sbml" source="00800-sbml-l2v3.xml" />
  </listOfModels>
  <listOfTasks>
    <task id="task_1" modelReference="model_1" simulationReference="simulation_1" />
  </listOfTasks>
  <listOfDataGenerators>
    <dataGenerator id="time_1" name="time">
      <listOfVariables>
        <variable id="time" taskReference="task_1" symbol="urn:sedml:symbol:time" />
      </listOfVariables>
      <math xmlns="http://www.w3.org/1998/Math/MathML">
        <ci> time </ci>
      </math>
    </dataGenerator>
    <dataGenerator id="S1_1" name="S1">
      <listOfVariables>
        <variable id="S1" name="S1" taskReference="task_1" target="/sbml:sbml/sbml:model/sbml:listOfSpecies/sbml:species[@id='S1']" />
      </listOfVariables>
      <math xmlns="http://www.w3.org/1998/Math/MathML">
        <ci> S1 </ci>
      </math>
    </dataGenerator>
    <dataGenerator id="S2_1" name="S2">
      <listOfVariables>
        <variable id="S2" name="S2" taskReference="task_1" target="/sbml:sbml/sbml:model/sbml:listOfSpecies/sbml:species[@id='S2']" />
      </listOfVariables>
      <math xmlns="http://www.w3.org/1998/Math/MathML">
        <ci> S2 </ci>
      </math>
    </dataGenerator>
    <dataGenerator id="S3_1" name="S3">
      <listOfVariables>
        <variable id="S3" name="S3" taskReference="task_1" target="/sbml:sbml/sbml:model/sbml:listOfSpecies/sbml:species[@id='S3']" />
      </listOfVariables>
      <math xmlns="http://www.w3.org/1998/Math/MathML">
        <ci> S3 </ci>
      </math>
    </dataGenerator>
  </listOfDataGenerators>
  <listOfOutputs>
    <plot2D id="plot_1" name="Timecourse for test 00800">
      <listOfCurves>
        <curve id="c_S1_1" name="S1" logX="false" logY="false" xDataReference="time_1" yDataReference="S1_1" />
        <curve id="c_S2_1" name="S2" logX="false" logY="false" xDataReference="time_1" yDataReference="S2_1" />
        <curve id="c_S3_1" name="S3" logX="false" logY="false" xDataReference="time_1" yDataReference="S3_1" />
      </listOfCurves>
    </plot2D>
    <report id="report_1" name="Report for test 00800">
      <listOfDataSets>
        <dataSet id="ds_time" dataReference="time_1" label="Time" />
        <dataSet id="ds_S1_1" dataReference="S1_1" label="S1" />
        <dataSet id="ds_S2_1" dataReference="S2_1" label="S2" />
        <dataSet id="ds_S3_1" dataReference="S3_1" label="S3" />
      </listOfDataSets>
    </report>
  </listOfOutputs>
</sedML>