<?xml version="1.0" encoding="utf-8"?>
<!-- Written by libSedML v1.1.5123.24255 see http://libsedml.sf.net -->
<sedML level="1" version="2" xmlns="http://sed-ml.org/sed-ml/level1/version2">
  <listOfSimulations>
    <steadyState id="simulation_1">
      <algorithm kisaoID="KISAO:0000437" />
    </steadyState>
  </listOfSimulations>
  <listOfModels>
    <model id="model_1" language="urn:sedml:language:sbml" source="01195-sbml-l3v1.xml" />
  </listOfModels>
  <listOfTasks>
    <task id="task_1" modelReference="model_1" simulationReference="simulation_1" />
  </listOfTasks>
  <listOfDataGenerators>
    <dataGenerator id="R01_1" name="R01">
      <listOfVariables>
        <variable id="R01" name="R01" taskReference="task_1" target="/sbml:sbml/sbml:model/sbml:listOfReactions/sbml:reaction[@id='R01']" />
      </listOfVariables>
      <math xmlns="http://www.w3.org/1998/Math/MathML">
        <ci> R01 </ci>
      </math>
    </dataGenerator>
    <dataGenerator id="R07_1" name="R07">
      <listOfVariables>
        <variable id="R07" name="R07" taskReference="task_1" target="/sbml:sbml/sbml:model/sbml:listOfReactions/sbml:reaction[@id='R07']" />
      </listOfVariables>
      <math xmlns="http://www.w3.org/1998/Math/MathML">
        <ci> R07 </ci>
      </math>
    </dataGenerator>
    <dataGenerator id="R10_1" name="R10">
      <listOfVariables>
        <variable id="R10" name="R10" taskReference="task_1" target="/sbml:sbml/sbml:model/sbml:listOfReactions/sbml:reaction[@id='R10']" />
      </listOfVariables>
      <math xmlns="http://www.w3.org/1998/Math/MathML">
        <ci> R10 </ci>
      </math>
    </dataGenerator>
    <dataGenerator id="OBJF_1" name="OBJF">
      <listOfVariables>
        <variable id="OBJF" name="OBJF" taskReference="task_1" target="/sbml:sbml/sbml:model/fbc:listOfObjectives/fbc:objective[@fbc:id='OBJF']" />
      </listOfVariables>
      <math xmlns="http://www.w3.org/1998/Math/MathML">
        <ci> OBJF </ci>
      </math>
    </dataGenerator>
    <dataGenerator id="R26_1" name="R26">
      <listOfVariables>
        <variable id="R26" name="R26" taskReference="task_1" target="/sbml:sbml/sbml:model/sbml:listOfReactions/sbml:reaction[@id='R26']" />
      </listOfVariables>
      <math xmlns="http://www.w3.org/1998/Math/MathML">
        <ci> R26 </ci>
      </math>
    </dataGenerator>
    <dataGenerator id="R25_1" name="R25">
      <listOfVariables>
        <variable id="R25" name="R25" taskReference="task_1" target="/sbml:sbml/sbml:model/sbml:listOfReactions/sbml:reaction[@id='R25']" />
      </listOfVariables>
      <math xmlns="http://www.w3.org/1998/Math/MathML">
        <ci> R25 </ci>
      </math>
    </dataGenerator>
  </listOfDataGenerators>
  <listOfOutputs>
    <report id="report_1" name="Report for test 01195">
      <listOfDataSets>
        <dataSet id="ds_R01_1" dataReference="R01_1" label="R01" />
        <dataSet id="ds_R07_1" dataReference="R07_1" label="R07" />
        <dataSet id="ds_R10_1" dataReference="R10_1" label="R10" />
        <dataSet id="ds_OBJF_1" dataReference="OBJF_1" label="OBJF" />
        <dataSet id="ds_R26_1" dataReference="R26_1" label="R26" />
        <dataSet id="ds_R25_1" dataReference="R25_1" label="R25" />
      </listOfDataSets>
    </report>
  </listOfOutputs>
</sedML>