<?xml version="1.0" encoding="UTF-8"?>
<sbml xmlns="http://www.sbml.org/sbml/level2/version3" level="2" version="3">
  <model id="case00870" name="case00870">
    <listOfCompartments>
      <compartment id="C" size="1"/>
    </listOfCompartments>
    <listOfSpecies>
      <species id="A1" compartment="C" initialAmount="2"/>
      <species id="A2" compartment="C" initialAmount="3"/>
      <species id="A3" compartment="C" initialAmount="4"/>
      <species id="A4" compartment="C" initialAmount="1"/>
    </listOfSpecies>
    <listOfParameters>
      <parameter id="Kr1" value="2"/>
      <parameter id="Kf1" value="1"/>
      <parameter id="Kf" value="1"/>
      <parameter id="Kr" value="2"/>
    </listOfParameters>
    <listOfReactions>
      <reaction id="fasterReaction" name="fasterReaction" fast="true">
        <listOfReactants>
          <speciesReference species="A4"/>
        </listOfReactants>
        <listOfProducts>
          <speciesReference species="A2"/>
        </listOfProducts>
        <kineticLaw>
          <math xmlns="http://www.w3.org/1998/Math/MathML">
            <apply>
              <times/>
              <apply>
                <plus/>
                <apply>
                  <times/>
                  <ci> Kf1 </ci>
                  <ci> A4 </ci>
                </apply>
                <apply>
                  <minus/>
                  <apply>
                    <times/>
                    <ci> Kr1 </ci>
                    <ci> A2 </ci>
                  </apply>
                </apply>
              </apply>
              <ci> C </ci>
            </apply>
          </math>
        </kineticLaw>
      </reaction>
      <reaction id="slowerReaction1" name="slowerReaction1">
        <listOfReactants>
          <speciesReference species="A1"/>
          <speciesReference species="A2"/>
        </listOfReactants>
        <listOfProducts>
          <speciesReference species="A3"/>
        </listOfProducts>
        <kineticLaw>
          <math xmlns="http://www.w3.org/1998/Math/MathML">
            <apply>
              <times/>
              <apply>
                <plus/>
                <apply>
                  <times/>
                  <ci> Kf </ci>
                  <ci> A1 </ci>
                  <ci> A2 </ci>
                </apply>
                <apply>
                  <minus/>
                  <apply>
                    <times/>
                    <ci> Kr </ci>
                    <ci> A3 </ci>
                  </apply>
                </apply>
              </apply>
              <ci> C </ci>
            </apply>
          </math>
        </kineticLaw>
      </reaction>
    </listOfReactions>
  </model>
</sbml>
