<?xml version="1.0" encoding="utf-8"?>
<!-- Written by libSedML v1.1.5123.24255 see http://libsedml.sf.net -->
<sedML level="1" version="1" xmlns="http://sed-ml.org/">
  <listOfSimulations>
    <uniformTimeCourse id="simulation_1" initialTime="0" outputStartTime="0" outputEndTime="10" numberOfPoints="50">
      <algorithm kisaoID="KISAO:0000019" />
    </uniformTimeCourse>
  </listOfSimulations>
  <listOfModels>
    <model id="model_1" language="urn:sedml:language:sbml" source="00568-sbml-l2v1.xml" />
  </listOfModels>
  <listOfTasks>
    <task id="task_1" modelReference="model_1" simulationReference="simulation_1" />
  </listOfTasks>
  <listOfDataGenerators>
    <dataGenerator id="time_1" name="time">
      <listOfVariables>
        <variable id="time" taskReference="task_1" symbol="urn:sedml:symbol:time" />
      </listOfVariables>
      <math xmlns="http://www.w3.org/1998/Math/MathML">
        <ci> time </ci>
      </math>
    </dataGenerator>
    <dataGenerator id="X0_1" name="X0">
      <listOfVariables>
        <variable id="X0_1_s" taskReference="task_1" target="/sbml:sbml/sbml:model/sbml:listOfSpecies/sbml:species[@id='X0']" />
        <variable id="X0_1_c" taskReference="task_1" target="/sbml:sbml/sbml:model/sbml:listOfCompartments/sbml:compartment[@id='C']" />
      </listOfVariables>
      <math xmlns="http://www.w3.org/1998/Math/MathML">
        <apply>
          <times />
          <ci> X0_1_s </ci>
          <ci> X0_1_c </ci>
        </apply>
      </math>
    </dataGenerator>
    <dataGenerator id="X1_1" name="X1">
      <listOfVariables>
        <variable id="X1_1_s" taskReference="task_1" target="/sbml:sbml/sbml:model/sbml:listOfSpecies/sbml:species[@id='X1']" />
        <variable id="X1_1_c" taskReference="task_1" target="/sbml:sbml/sbml:model/sbml:listOfCompartments/sbml:compartment[@id='C']" />
      </listOfVariables>
      <math xmlns="http://www.w3.org/1998/Math/MathML">
        <apply>
          <times />
          <ci> X1_1_s </ci>
          <ci> X1_1_c </ci>
        </apply>
      </math>
    </dataGenerator>
    <dataGenerator id="T_1" name="T">
      <listOfVariables>
        <variable id="T_1_s" taskReference="task_1" target="/sbml:sbml/sbml:model/sbml:listOfSpecies/sbml:species[@id='T']" />
        <variable id="T_1_c" taskReference="task_1" target="/sbml:sbml/sbml:model/sbml:listOfCompartments/sbml:compartment[@id='C']" />
      </listOfVariables>
      <math xmlns="http://www.w3.org/1998/Math/MathML">
        <apply>
          <times />
          <ci> T_1_s </ci>
          <ci> T_1_c </ci>
        </apply>
      </math>
    </dataGenerator>
    <dataGenerator id="S1_1" name="S1">
      <listOfVariables>
        <variable id="S1_1_s" taskReference="task_1" target="/sbml:sbml/sbml:model/sbml:listOfSpecies/sbml:species[@id='S1']" />
        <variable id="S1_1_c" taskReference="task_1" target="/sbml:sbml/sbml:model/sbml:listOfCompartments/sbml:compartment[@id='C']" />
      </listOfVariables>
      <math xmlns="http://www.w3.org/1998/Math/MathML">
        <apply>
          <times />
          <ci> S1_1_s </ci>
          <ci> S1_1_c </ci>
        </apply>
      </math>
    </dataGenerator>
  </listOfDataGenerators>
  <listOfOutputs>
    <plot2D id="plot_1" name="Timecourse for test 00568">
      <listOfCurves>
        <curve id="c_X0_1" name="X0" logX="false" logY="false" xDataReference="time_1" yDataReference="X0_1" />
        <curve id="c_X1_1" name="X1" logX="false" logY="false" xDataReference="time_1" yDataReference="X1_1" />
        <curve id="c_T_1" name="T" logX="false" logY="false" xDataReference="time_1" yDataReference="T_1" />
        <curve id="c_S1_1" name="S1" logX="false" logY="false" xDataReference="time_1" yDataReference="S1_1" />
      </listOfCurves>
    </plot2D>
    <report id="report_1" name="Report for test 00568">
      <listOfDataSets>
        <dataSet id="ds_time" dataReference="time_1" label="Time" />
        <dataSet id="ds_X0_1" dataReference="X0_1" label="X0" />
        <dataSet id="ds_X1_1" dataReference="X1_1" label="X1" />
        <dataSet id="ds_T_1" dataReference="T_1" label="T" />
        <dataSet id="ds_S1_1" dataReference="S1_1" label="S1" />
      </listOfDataSets>
    </report>
  </listOfOutputs>
</sedML>