<?xml version="1.0" encoding="utf-8"?>
<!-- Written by libSedML v1.1.5123.24255 see http://libsedml.sf.net -->
<sedML level="1" version="1" xmlns="http://sed-ml.org/">
  <listOfSimulations>
    <uniformTimeCourse id="simulation_1" initialTime="0" outputStartTime="0" outputEndTime="1" numberOfPoints="10">
      <algorithm kisaoID="KISAO:0000019" />
    </uniformTimeCourse>
  </listOfSimulations>
  <listOfModels>
    <model id="model_1" language="urn:sedml:language:sbml" source="00950-sbml-l3v1.xml" />
  </listOfModels>
  <listOfTasks>
    <task id="task_1" modelReference="model_1" simulationReference="simulation_1" />
  </listOfTasks>
  <listOfDataGenerators>
    <dataGenerator id="time_1" name="time">
      <listOfVariables>
        <variable id="time" taskReference="task_1" symbol="urn:sedml:symbol:time" />
      </listOfVariables>
      <math xmlns="http://www.w3.org/1998/Math/MathML">
        <ci> time </ci>
      </math>
    </dataGenerator>
    <dataGenerator id="P_1" name="P">
      <listOfVariables>
        <variable id="P" name="P" taskReference="task_1" target="/sbml:sbml/sbml:model/sbml:listOfParameters/sbml:parameter[@id='P']" />
      </listOfVariables>
      <math xmlns="http://www.w3.org/1998/Math/MathML">
        <ci> P </ci>
      </math>
    </dataGenerator>
    <dataGenerator id="Q_1" name="Q">
      <listOfVariables>
        <variable id="Q" name="Q" taskReference="task_1" target="/sbml:sbml/sbml:model/sbml:listOfParameters/sbml:parameter[@id='Q']" />
      </listOfVariables>
      <math xmlns="http://www.w3.org/1998/Math/MathML">
        <ci> Q </ci>
      </math>
    </dataGenerator>
    <dataGenerator id="R_1" name="R">
      <listOfVariables>
        <variable id="R" name="R" taskReference="task_1" target="/sbml:sbml/sbml:model/sbml:listOfParameters/sbml:parameter[@id='R']" />
      </listOfVariables>
      <math xmlns="http://www.w3.org/1998/Math/MathML">
        <ci> R </ci>
      </math>
    </dataGenerator>
  </listOfDataGenerators>
  <listOfOutputs>
    <plot2D id="plot_1" name="Timecourse for test 00950">
      <listOfCurves>
        <curve id="c_P_1" name="P" logX="false" logY="false" xDataReference="time_1" yDataReference="P_1" />
        <curve id="c_Q_1" name="Q" logX="false" logY="false" xDataReference="time_1" yDataReference="Q_1" />
        <curve id="c_R_1" name="R" logX="false" logY="false" xDataReference="time_1" yDataReference="R_1" />
      </listOfCurves>
    </plot2D>
    <report id="report_1" name="Report for test 00950">
      <listOfDataSets>
        <dataSet id="ds_time" dataReference="time_1" label="Time" />
        <dataSet id="ds_P_1" dataReference="P_1" label="P" />
        <dataSet id="ds_Q_1" dataReference="Q_1" label="Q" />
        <dataSet id="ds_R_1" dataReference="R_1" label="R" />
      </listOfDataSets>
    </report>
  </listOfOutputs>
</sedML>