<?xml version="1.0" encoding="UTF-8"?>
<sbml xmlns="http://www.sbml.org/sbml/level3/version1/core" xmlns:comp="http://www.sbml.org/sbml/level3/version1/comp/version1" level="3" version="1" comp:required="true">
  <model>
    <listOfParameters>
      <parameter id="timeconv" value="60" constant="true"/>
      <parameter id="extentconv" value="1000" constant="true"/>
      <parameter id="t3" value="0.2" constant="true">
        <comp:listOfReplacedElements>
          <comp:replacedElement comp:idRef="t3" comp:submodelRef="sub1"/>
        </comp:listOfReplacedElements>
      </parameter>
    </listOfParameters>
    <comp:listOfSubmodels>
      <comp:submodel comp:id="sub1" comp:modelRef="moddef1" comp:timeConversionFactor="timeconv" comp:extentConversionFactor="extentconv"/>
    </comp:listOfSubmodels>
  </model>
  <comp:listOfModelDefinitions>
    <comp:modelDefinition id="moddef1">
      <listOfCompartments>
        <compartment id="C" size="1" constant="true"/>
      </listOfCompartments>
      <listOfSpecies>
        <species id="s1" compartment="C" initialAmount="1" hasOnlySubstanceUnits="true" boundaryCondition="false" constant="false"/>
      </listOfSpecies>
      <listOfParameters>
        <parameter id="t3" value="0.2" constant="false"/>
      </listOfParameters>
      <listOfReactions>
        <reaction id="J0" reversible="true" fast="false">
          <listOfProducts>
            <speciesReference species="s1" stoichiometry="1" constant="true"/>
          </listOfProducts>
          <kineticLaw>
            <math xmlns="http://www.w3.org/1998/Math/MathML">
              <apply>
                <times/>
                <ci> s1 </ci>
                <ci> t3 </ci>
                <csymbol encoding="text" definitionURL="http://www.sbml.org/sbml/symbols/time"> time </csymbol>
              </apply>
            </math>
          </kineticLaw>
        </reaction>
      </listOfReactions>
    </comp:modelDefinition>
  </comp:listOfModelDefinitions>
</sbml>
