<?xml version="1.0" encoding="UTF-8"?>
<!-- Generated 16-May-2008 11:10:52.4687500 -->
<!-- Generated by MathSBML 2.7.4 -->
<!-- Generated using Mathematica Version 5.2 for Microsoft Windows (June 20, 2005) -->
<sbml xmlns="http://www.sbml.org/sbml/level2/version3"
    level="2"
    version="3">
 <model id="case00633"
     name="case00633"
     metaid="_case00633">
  <listOfFunctionDefinitions>
   <functionDefinition id="multiply"
       name="multiply">
    <math xmlns="http://www.w3.org/1998/Math/MathML">
     <lambda>
      <bvar>
       <ci>x</ci>
      </bvar>
      <bvar>
       <ci>y</ci>
      </bvar>
      <apply>
       <times/>
       <ci>x</ci>
       <ci>y</ci>
      </apply>
     </lambda>
    </math>
   </functionDefinition>
  </listOfFunctionDefinitions>
  <!-- <listOfUnitDefinitions/> -->
  <!-- <listOfCompartmentTypes/> -->
  <!-- <listOfSpeciesTypes/> -->
  <listOfCompartments>
   <compartment id="C"
       name="C"
       spatialDimensions="3"
       units="volume"
       size="1"/>
  </listOfCompartments>
  <listOfSpecies>
   <species id="S1"
       name="S1"
       compartment="C"
       boundaryCondition="false"
       constant="false"
       initialAmount="0.1"
       substanceUnits="substance"
       hasOnlySubstanceUnits="false"/>
   <species id="S2"
       name="S2"
       compartment="C"
       boundaryCondition="false"
       constant="false"
       initialAmount="0.15"
       substanceUnits="substance"
       hasOnlySubstanceUnits="false"/>
  </listOfSpecies>
  <listOfParameters>
   <parameter id="k1"
       name="k1"
       constant="false"/>
   <parameter id="p1"
       name="p1"
       value="75"/>
   <parameter id="p2"
       name="p2"
       value="0.01"/>
  </listOfParameters>
  <listOfInitialAssignments>
   <initialAssignment symbol="S1">
    <math xmlns="http://www.w3.org/1998/Math/MathML">
     <apply>
      <times/>
      <cn type="real">0.13333333333333333</cn>
      <ci>k1</ci>
     </apply>
    </math>
   </initialAssignment>
  </listOfInitialAssignments>
  <listOfRules>
   <assignmentRule variable="k1"
       metaid="rule1">
    <math xmlns="http://www.w3.org/1998/Math/MathML">
     <apply>
      <ci>multiply</ci>
      <ci>p1</ci>
      <ci>p2</ci>
     </apply>
    </math>
   </assignmentRule>
  </listOfRules>
  <!-- <listOfConstraints/> -->
  <listOfReactions>
   <reaction id="reaction1"
       name="reaction1"
       reversible="false"
       fast="false">
    <listOfReactants>
     <speciesReference species="S1"/>
    </listOfReactants>
    <listOfProducts>
     <speciesReference species="S2"/>
    </listOfProducts>
    <!-- <listOfModifiers/> -->
    <kineticLaw>
     <math xmlns="http://www.w3.org/1998/Math/MathML">
      <apply>
       <times/>
       <ci>C</ci>
       <ci>k1</ci>
       <ci>S1</ci>
      </apply>
     </math>
     <!-- <listOfParameters/> -->
    </kineticLaw>
   </reaction>
  </listOfReactions>
  <!-- <listOfEvents/> -->
 </model>
</sbml>