<?xml version="1.0" encoding="UTF-8"?>
<sbml xmlns="http://www.sbml.org/sbml/level2/version2" level="2" version="2">
  <model metaid="_case00319" id="case00319" name="case00319">
    <listOfCompartments>
      <compartment id="compartment" name="compartment" spatialDimensions="2" size="1" units="area"/>
    </listOfCompartments>
    <listOfSpecies>
      <species id="S1" name="S1" compartment="compartment" initialAmount="1.5" substanceUnits="substance"/>
      <species id="S2" name="S2" compartment="compartment" initialAmount="0" substanceUnits="substance"/>
      <species id="S3" name="S3" compartment="compartment" initialAmount="0" substanceUnits="substance"/>
    </listOfSpecies>
    <listOfParameters>
      <parameter id="k1" name="k1" value="1.546"/>
    </listOfParameters>
    <listOfRules>
      <rateRule metaid="rule1" variable="S3">
        <math xmlns="http://www.w3.org/1998/Math/MathML">
          <cn> 0.65 </cn>
        </math>
      </rateRule>
    </listOfRules>
    <listOfReactions>
      <reaction id="reaction1" name="reaction1" reversible="false" fast="false">
        <listOfReactants>
          <speciesReference species="S1"/>
        </listOfReactants>
        <listOfProducts>
          <speciesReference species="S2"/>
        </listOfProducts>
        <kineticLaw>
          <math xmlns="http://www.w3.org/1998/Math/MathML">
            <apply>
              <times/>
              <ci> compartment </ci>
              <ci> k1 </ci>
              <ci> S1 </ci>
            </apply>
          </math>
        </kineticLaw>
      </reaction>
    </listOfReactions>
  </model>
</sbml>
