<?xml version="1.0" encoding="UTF-8"?>
<sbml xmlns="http://www.sbml.org/sbml/level2/version2" level="2" version="2">
  <model metaid="_case01009" id="case01009" name="case01009">
    <listOfCompartments>
      <compartment id="compartment" name="compartment" spatialDimensions="2" size="10" units="area"/>
    </listOfCompartments>
    <listOfSpecies>
      <species id="S1" name="S1" compartment="compartment" initialAmount="0.1" substanceUnits="substance" hasOnlySubstanceUnits="true"/>
      <species id="S2" name="S2" compartment="compartment" initialAmount="0.2" substanceUnits="substance" hasOnlySubstanceUnits="true"/>
      <species id="S3" name="S3" compartment="compartment" initialAmount="0.1" substanceUnits="substance" hasOnlySubstanceUnits="true"/>
    </listOfSpecies>
    <listOfParameters>
      <parameter id="k1" name="k1" value="75"/>
      <parameter id="k2" name="k2" value="25"/>
    </listOfParameters>
    <listOfReactions>
      <reaction id="reaction1" name="reaction1" reversible="false" fast="false">
        <listOfReactants>
          <speciesReference species="S1"/>
          <speciesReference species="S2"/>
        </listOfReactants>
        <listOfProducts>
          <speciesReference species="S3"/>
        </listOfProducts>
        <kineticLaw>
          <math xmlns="http://www.w3.org/1998/Math/MathML">
            <apply>
              <times/>
              <ci> k1 </ci>
              <ci> S1 </ci>
              <ci> S2 </ci>
            </apply>
          </math>
        </kineticLaw>
      </reaction>
      <reaction id="reaction2" name="reaction2" reversible="false" fast="false">
        <listOfReactants>
          <speciesReference species="S3"/>
        </listOfReactants>
        <listOfProducts>
          <speciesReference species="S1"/>
          <speciesReference species="S2"/>
        </listOfProducts>
        <kineticLaw>
          <math xmlns="http://www.w3.org/1998/Math/MathML">
            <apply>
              <times/>
              <ci> k2 </ci>
              <ci> S3 </ci>
            </apply>
          </math>
        </kineticLaw>
      </reaction>
    </listOfReactions>
  </model>
</sbml>
