<?xml version="1.0" encoding="UTF-8"?>
<!-- Created by libAntimony version v2.1-beta on 2011-11-14 22:28 with libSBML version 5.1.0-b0. -->
<sbml xmlns="http://www.sbml.org/sbml/level3/version1/core" level="3" version="1">
  <model id="case00983" name="case00983">
    <listOfParameters>
      <parameter id="x" value="0" constant="false"/>
      <parameter id="temp" constant="false"/>
      <parameter id="y" constant="false"/>
    </listOfParameters>
    <listOfRules>
      <rateRule variable="x">
        <math xmlns="http://www.w3.org/1998/Math/MathML">
          <cn type="integer"> 1 </cn>
        </math>
      </rateRule>
      <algebraicRule variable="temp">
        <math xmlns="http://www.w3.org/1998/Math/MathML">
          <apply>
            <plus/>
            <apply>
              <times/>
              <cn type="integer"> -1 </cn>
              <ci> temp </ci>
            </apply>
	    <apply>
            <divide/>
               <csymbol encoding="text" definitionURL="http://www.sbml.org/sbml/symbols/time"> time </csymbol>
               <cn type="integer"> 2 </cn>
            </apply>
          </apply>
        </math>
      </algebraicRule>
      <assignmentRule variable="y">
        <math xmlns="http://www.w3.org/1998/Math/MathML">
          <apply>
            <csymbol encoding="text" definitionURL="http://www.sbml.org/sbml/symbols/delay"> delay </csymbol>
            <ci> x </ci>
            <ci> temp </ci>
          </apply>
        </math>
      </assignmentRule>
    </listOfRules>
  </model>
</sbml>
