<?xml version="1.0" encoding="UTF-8"?>
<sbml xmlns="http://www.sbml.org/sbml/level2/version3" level="2" version="3">
  <model id="case00983" name="case00983">
    <listOfParameters>
      <parameter id="x" value="0" constant="false"/>
      <parameter id="temp" constant="false"/>
      <parameter id="y" constant="false"/>
    </listOfParameters>
    <listOfRules>
      <rateRule variable="x">
        <math xmlns="http://www.w3.org/1998/Math/MathML">
          <cn type="integer"> 1 </cn>
        </math>
      </rateRule>
      <algebraicRule>
        <math xmlns="http://www.w3.org/1998/Math/MathML">
          <apply>
            <plus/>
            <apply>
              <times/>
              <cn type="integer"> -1 </cn>
              <ci> temp </ci>
            </apply>
            <apply>
              <divide/>
              <csymbol encoding="text" definitionURL="http://www.sbml.org/sbml/symbols/time"> time </csymbol>
              <cn type="integer"> 2 </cn>
            </apply>
          </apply>
        </math>
      </algebraicRule>
      <assignmentRule variable="y">
        <math xmlns="http://www.w3.org/1998/Math/MathML">
          <apply>
            <csymbol encoding="text" definitionURL="http://www.sbml.org/sbml/symbols/delay"> delay </csymbol>
            <ci> x </ci>
            <ci> temp </ci>
          </apply>
        </math>
      </assignmentRule>
    </listOfRules>
  </model>
</sbml>
