<?xml version="1.0" encoding="UTF-8"?>
<!-- Generated 28-April-2008 18:44:36.2031250 -->
<!-- Generated by MathSBML 2.7.4 -->
<!-- Generated using Mathematica Version 5.2 for Microsoft Windows (June 20, 2005) -->
<sbml xmlns="http://www.sbml.org/sbml/level2/version3"
    level="2"
    version="3">
 <model id="case00517"
     name="case00517"
     metaid="_case00517">
  <!-- <listOfFunctionDefinitions/> -->
  <!-- <listOfUnitDefinitions/> -->
  <!-- <listOfCompartmentTypes/> -->
  <!-- <listOfSpeciesTypes/> -->
  <listOfCompartments>
   <compartment id="C"
       name="C"
       spatialDimensions="3"
       units="volume"
       size="1"/>
  </listOfCompartments>
  <listOfSpecies>
   <species id="S1"
       name="S1"
       compartment="C"
       boundaryCondition="false"
       constant="false"
       initialAmount="5"
       substanceUnits="substance"
       hasOnlySubstanceUnits="false"/>
   <species id="S2"
       name="S2"
       compartment="C"
       boundaryCondition="false"
       constant="false"
       initialAmount="1.5"
       substanceUnits="substance"
       hasOnlySubstanceUnits="false"/>
  </listOfSpecies>
  <listOfParameters>
   <parameter id="k1"
       name="k1"
       value="0.75"/>
   <parameter id="k2"
       name="k2"
       value="5"/>
   <parameter id="p1"
       name="p1"
       value="0.5"/>
  </listOfParameters>
  <listOfInitialAssignments>
   <initialAssignment symbol="S1">
    <math xmlns="http://www.w3.org/1998/Math/MathML">
     <apply>
      <times/>
      <ci>k1</ci>
      <ci>S2</ci>
     </apply>
    </math>
   </initialAssignment>
  </listOfInitialAssignments>
  <!-- <listOfRules/> -->
  <!-- <listOfConstraints/> -->
  <listOfReactions>
   <reaction id="reaction1"
       name="reaction1"
       reversible="false"
       fast="false">
    <listOfReactants>
     <speciesReference species="S1"/>
    </listOfReactants>
    <listOfProducts>
     <speciesReference species="S2">
      <stoichiometryMath>
       <math xmlns="http://www.w3.org/1998/Math/MathML">
        <apply>
         <times/>
         <cn type="integer">4</cn>
         <ci>p1</ci>
        </apply>
       </math>
      </stoichiometryMath>
     </speciesReference>
    </listOfProducts>
    <!-- <listOfModifiers/> -->
    <kineticLaw>
     <math xmlns="http://www.w3.org/1998/Math/MathML">
      <apply>
       <times/>
       <ci>C</ci>
       <ci>k2</ci>
       <ci>S1</ci>
      </apply>
     </math>
     <!-- <listOfParameters/> -->
    </kineticLaw>
   </reaction>
  </listOfReactions>
  <!-- <listOfEvents/> -->
 </model>
</sbml>